protein_group,protein_ids,protein_names,genes,plasma_neat,plasma_pca_n,plasma_sax,plasma_sera_sil_700,plasma_non_magnetic
A0A075B6H7,P01624;A0A075B6H7;A0A0C4DH55,KV37_HUMAN,IGKV3-7,6758800.0,2497520.0,2674600.0,6769140.0,3122640.0
A0A075B6H9,A0A075B6H9,LV469_HUMAN,IGLV4-69,4101.98,,,15332.9,
A0A075B6I0,A0A075B6I0,LV861_HUMAN,IGLV8-61,921093.0,402728.0,355910.0,985204.0,316705.0
A0A075B6I1,A0A075B6I1,LV460_HUMAN,IGLV4-60,3588.18,,,48048.35000000001,
A0A075B6I9,A0A075B6I9,LV746_HUMAN,IGLV7-46,145195.0,41019.75,40052.3,160080.0,57585.1
A0A075B6J2,A0A075B6J2,LV233_HUMAN,IGLV2-33,31703.05,23441.2,28761.4,239665.0,20793.1
A0A075B6J9,A0A075B6J9,LV218_HUMAN,IGLV2-18,102423.0,110171.0,37677.1,129436.0,52816.4
A0A075B6K0,A0A075B6K0,LV316_HUMAN,IGLV3-16,18040.9,19869.0,9019.8,33498.1,5542.445000000001
A0A075B6K2,A0A075B6K2,LV312_HUMAN,IGLV3-12,12286.8,7157.88,5685.08,,2282.365
A0A075B6K4,A0A075B6K0;A0A075B6K4,LV310_HUMAN,IGLV3-10,275237.0,105123.0,44298.0,312387.0,124633.0
A0A075B6K5,A0A075B6K5,LV39_HUMAN,IGLV3-9,577823.0,307164.0,206602.0,411860.0,377758.0
A0A075B6N2,A0A075B6N2,TVBT1_HUMAN,TRBV20-1,,,,,
A0A075B6P5;P01615,P01615;A0A075B6P5,KV228_HUMAN;KVD28_HUMAN,IGKV2-28;IGKV2D-28,254914.0,140058.0,59641.3,99744.7,156379.0
A0A075B6Q5,A0A075B6Q5,HV364_HUMAN,IGHV3-64,63521.9,42596.65,30036.2,45898.4,23537.45
A0A075B6R9;A0A0C4DH68,A0A075B6R9;A0A0C4DH68,KV224_HUMAN;KVD24_HUMAN,IGKV2-24;IGKV2D-24,97337.8,98910.8,109719.0,284997.0,92902.6
A0A075B6S2,A0A075B6S2;A2NJV5,KVD29_HUMAN,IGKV2D-29,680281.0,309771.0,537018.0,1581620.0,584007.0
A0A075B6S5,A0A075B6S5,KV127_HUMAN,IGKV1-27,11464.295,2972.05,,29536.8,9675.625
A0A075B6S6,A0A075B6S6,KVD30_HUMAN,IGKV2D-30,12915.05,,21760.1,22702.0,13250.95
A0A075B6T6,A0A075B6T6,TVAL2_HUMAN,TRAV12-2,,,,,
A0A075B6T7,A0A075B6T7,TVA6_HUMAN,TRAV6,,,,,
A0A087WSX0,A0A087WSX0,LV545_HUMAN,IGLV5-45,78576.4,47918.0,187588.0,95034.1,66174.5
A0A087WSY6,A0A087WSY6,KVD15_HUMAN,IGKV3D-15,396446.0,170829.0,160636.5,378241.0,252369.0
A0A087WSZ0,A0A087WSZ0,KVD08_HUMAN,IGKV1D-8,66854.2,47908.1,26908.6,37604.3,10728.0
A0A087WW87;P01614,P01614;A0A087WW87,KV240_HUMAN;KVD40_HUMAN,IGKV2-40;IGKV2D-40,73942.5,23886.0,54010.3,22411.5,20713.15
A0A0A0MRZ9,A0A0A0MRZ9,LV552_HUMAN,IGLV5-52,4193.83,,2859.29,6127.98,12070.9
A0A0A0MS14,A0A0A0MS14,HV145_HUMAN,IGHV1-45,12937.2,18769.15,19538.5,24589.1,6137.594999999999
A0A0A0MS15,A0A0A0MS15;A0A0B4J1V6,HV349_HUMAN,IGHV3-49,241458.0,80478.9,76140.4,209224.0,64236.2
A0A0A0MT89,A0A0A0MT89,KJ01_HUMAN,IGKJ1,185798.0,107260.5,74429.1,186556.0,88393.3
A0A0A6YYC5,A0A0A6YYC5,TVA14_HUMAN,TRAV14DV4,,,,,
A0A0A6YYJ7,A0A0A6YYJ7,TVA83_HUMAN,TRAV8-3,,,,,
A0A0A6YYK7,A0A0A6YYK7,TVA19_HUMAN,TRAV19,,,,,
A0A0B4J1U3,A0A0B4J1U3,LV136_HUMAN,IGLV1-36,13447.1,,,,
A0A0B4J1U7,A0A0B4J1U7,HV601_HUMAN,IGHV6-1,272290.0,130956.0,189441.0,520372.0,305028.0
A0A0B4J1V0,A0A0B4J1V0,HV315_HUMAN,IGHV3-15,227125.0,135179.0,74636.3,231213.0,68690.3
A0A0B4J1V2,A0A0B4J1V2,HV226_HUMAN,IGHV2-26,19282.8,32221.95,,12999.4,25382.3
A0A0B4J1V6,A0A0B4J1V6,HV373_HUMAN,IGHV3-73,49599.5,32716.2,25609.3,21358.95,7660.37
A0A0B4J1X5,A0A0B4J1X5,HV374_HUMAN,IGHV3-74,163246.0,350281.0,,1796350.0,619917.0
A0A0B4J1X8,A0A0B4J1X8,HV343_HUMAN,IGHV3-43,228324.0,47140.75,36538.5,34362.6,27804.2
A0A0B4J1Y8,A0A0B4J1Y8,LV949_HUMAN,IGLV9-49,158239.0,58094.2,76564.85,139752.0,117587.5
A0A0B4J1Y9,A0A0B4J1Y9,HV372_HUMAN,IGHV3-72,147084.0,51066.15,84472.0,155857.0,48854.8
A0A0B4J234,A0A0B4J234,TVA2_HUMAN,TRAV2,,,,,
A0A0B4J244,A0A0B4J244,TVA3_HUMAN,TRAV3,,,,,
A0A0B4J245,A0A0B4J245,TVAL1_HUMAN,TRAV12-1,,,,,
A0A0B4J2D5;P0DPI2,A0A0B4J2D5;P0DPI2;A0A0B4J2D5-2;P0DPI2-2,GAL3A_HUMAN;GAL3B_HUMAN,GATD3;GATD3B,,,5196.07,13886.1,1345.51
A0A0B4J2D9;P0DP09,A0A0B4J2D9;P0DP09,KV113_HUMAN;KVD13_HUMAN,IGKV1-13;IGKV1D-13,17701.6,18982.8,,29975.55,12504.9
A0A0B4J2F0,A0A0B4J2F0,PIOS1_HUMAN,PIGBOS1,,,,,
A0A0B4J2H0,A0A0B4J2H0,HV69D_HUMAN,IGHV1-69D,33229.6,30172.4,30233.5,,
A0A0C4DH24,A0A0C4DH24,KV621_HUMAN,IGKV6-21,159817.0,37165.3,46772.45,87961.8,62341.7
A0A0C4DH25,A0A0C4DH25,KVD20_HUMAN,IGKV3D-20,499407.0,339012.0,379017.0,652408.0,357855.0
A0A0C4DH26,A0A0A0MT36;A0A0C4DH26,KVD41_HUMAN,IGKV6D-41,199217.0,39519.55,52036.7,67866.6,34797.8
A0A0C4DH29,A0A0C4DH29,HV103_HUMAN,IGHV1-3,25110.15,48431.3,18515.8,100674.5,20075.95
A0A0C4DH31,A0A0C4DH31,HV118_HUMAN,IGHV1-18,15937.8,38391.2,31174.2,27595.0,59300.15
A0A0C4DH32,A0A0C4DH32,HV320_HUMAN,IGHV3-20,6199.4,,9715.94,,
A0A0C4DH33,A0A0C4DH33,HV124_HUMAN,IGHV1-24,27228.9,22879.0,138352.0,,53647.95
A0A0C4DH34,A0A0C4DH34,HV428_HUMAN,IGHV4-28,,22092.7,,,
A0A0C4DH35,A0A0C4DH35,HV335_HUMAN,IGHV3-35,626129.0,109152.5,239632.0,249231.0,203027.0
A0A0C4DH36,A0A0C4DH36,HV338_HUMAN,IGHV3-38,119922.0,55105.0,47823.2,94078.0,24583.1
A0A0C4DH38,A0A0C4DH38,HV551_HUMAN,IGHV5-51,333515.0,234381.0,98517.6,181098.0,109489.0
A0A0C4DH43,P01814;A0A0C4DH43,HV70D_HUMAN,IGHV2-70D,86273.7,91609.4,70437.8,250032.0,104214.5
A0A0C4DH67,A0A0C4DH67,KV108_HUMAN,IGKV1-8,64077.5,56229.9,29127.4,157029.0,36098.8
A0A0G2JMI3,A0A0G2JMI3,HV692_HUMAN,IGHV1-69-2,16535.5,31358.725,73615.8,6129.8,
A0A0G2JS06,A0A0G2JS06,LV539_HUMAN,IGLV5-39,86667.4,30144.8,57868.2,106734.0,51288.1
A0A0J9YX35,A0A0J9YX35,HV64D_HUMAN,IGHV3-64D,320100.0,57203.9,63429.0,101568.0,98321.6
A0A0J9YXX1,A0A0J9YXX1,HV5X1_HUMAN,IGHV5-10-1,5905.59,,,22075.3,
A0A0K0K1A3,A0A0K0K1A3;A0A0K0K1G6,TVBJ1_HUMAN,TRBV10-1,,,,4853.13,
A0A0K0K1D8,A0A0K0K1D8,TVB61_HUMAN,TRBV6-1,,,,,
A0A0U1RRL7,A0A0U1RRL7,MMPOS_HUMAN,MMP24OS,,,,,
A0A1B0GTC6,A0A1B0GTC6,CC085_HUMAN,C3orf85,5997.81,17369.6,20676.0,18688.8,18536.6
A0A1B0GXF2,A0A1B0GXF2,TVB72_HUMAN,TRBV7-2,,,,,
A0A2R8Y7D0,A0A2R8Y7D0,TINCR_HUMAN,TINCR,,,,,
A0A494C071,A0A494C071,PWWP4_HUMAN,PWWP4,,,6466.85,13197.25,5110.43
A0A576,A0A576,TVB31_HUMAN,TRBV3-1,,,,,
A0AV96,A0AV96;A0AV96-2,RBM47_HUMAN,RBM47,,,,,
A0AVF1;A0AVF1-3,A0AVF1;A0AVF1-2;A0AVF1-3,IFT56_HUMAN,TTC26,,,,,
A0AVT1,A0AVT1;A0AVT1-2,UBA6_HUMAN,UBA6,,,9117.59,32938.10000000001,5771.58
A0FGR8-2,A0FGR8;A0FGR8-2;A0FGR8-4;A0FGR8-6,ESYT2_HUMAN,ESYT2,,,25464.9,53477.7,22242.45
A0FGR8-6,A0FGR8;A0FGR8-6,ESYT2_HUMAN,ESYT2,,,,23188.5,
A0JLT2,A0JLT2,MED19_HUMAN,MED19,,5355.84,,,
A0JNW5,A0JNW5;A0JNW5-2,BLT3B_HUMAN,BLTP3B,,,,,
A0JP26;A0JP26-3,A0JP26;B2RU33;A0A0A6YYL3;H3BUK9;A0JP26-3,POTB3_HUMAN,POTEB3,,251763.0,30620.45,89207.4,128730.7
A0M8Q6,A0M8Q6,IGLC7_HUMAN,IGLC7,4765.2,16417.2,4705.85,7584.75,14023.6
A0MZ66,A0MZ66;A0MZ66-7;A0MZ66-3;A0MZ66-5;A0MZ66-6,SHOT1_HUMAN,SHTN1,,,,12367.9,12089.35
A0PJW6,A0PJW6,TM223_HUMAN,TMEM223,,,,13470.8,
A1A4S6,A1A4S6,RHG10_HUMAN,ARHGAP10,,,18230.9,33228.25,11957.8
A1A5B4;A1A5B4-3,A1A5B4;A1A5B4-3,ANO9_HUMAN,ANO9,,,,,
A1A5C7,A1A5C7;A1A5C7-2;A1A5C7-3,S22AN_HUMAN,SLC22A23,124727.0,,5193.11,28101.55,21727.5
A1A5D9,A1A5D9;A1A5D9-2,BICL2_HUMAN,BICDL2,,,,,
A1IGU5,A1IGU5,ARH37_HUMAN,ARHGEF37,,,,,
A1L0T0,A1L0T0,HACL2_HUMAN,ILVBL,,,6126.45,18534.75,7531.38
A1L170-2,A1L170;A1L170-2,CA226_HUMAN,C1orf226,,,,,
A1L390;A1L390-3,A1L390;A1L390-3,PKHG3_HUMAN,PLEKHG3,,,,4736.14,
A1L3X0,A1L3X0,ELOV7_HUMAN,ELOVL7,,,,18053.5,9344.32
A1L4H1,A1L4H1;A1L4H1-2,SRCRL_HUMAN,SSC5D,5525.72,59865.4,873784.0,2589770.0,79524.6
A1X283,A1X283,SPD2B_HUMAN,SH3PXD2B,,30288.3,18706.5,24655.9,15638.3
A1Z1Q3;A1Z1Q3-1,A1Z1Q3;A1Z1Q3-1,MACD2_HUMAN,MACROD2,,,,,
A2A288,A2A288;A2A288-3;A2A288-4,ZC12D_HUMAN,ZC3H12D,,,,,
A2A2Y4;A2A2Y4-2;A2A2Y4-5,A2A2Y4;A2A2Y4-2;A2A2Y4-5,FRMD3_HUMAN,FRMD3,,,,,
A2A3K4-2,A2A3K4;A2A3K4-2,PTPC1_HUMAN,PTPDC1,,,,,
A2A3N6,A2A3N6,PIPSL_HUMAN,PIPSL,,,35010.8,,
A2NJV5,A2NJV5,KV229_HUMAN,IGKV2-29,63272.15,56387.3,46333.1,346867.0,71989.0
A2RRP1,A2RRP1,NBAS_HUMAN,NBAS,17699.4,37479.9,21629.5,30693.6,9921.68
A2RTX5,A2RTX5;A2RTX5-2,SYTC2_HUMAN,TARS3,,54415.35,6281.55,13751.055,
A2RU30;A2RU30-2;A2RU30-3,A2RU30;A2RU30-2;A2RU30-3,TESP1_HUMAN,TESPA1,,,,,
A2RU67,A2RU67,F234B_HUMAN,FAM234B,,,,,
A2RUC4,A2RUC4;A2RUC4-2,TYW5_HUMAN,TYW5,,,,,
A2RUS2,A2RUS2;A2RUS2-2,DEND3_HUMAN,DENND3,,,73134.04999999999,93130.9,54337.9
A2VDJ0-3;A2VDJ0-5;A2VDJ0-6,A2VDJ0;A2VDJ0-2;A2VDJ0-3;A2VDJ0-5;A2VDJ0-6,T131L_HUMAN,TMEM131L,,,14805.4,,
A3KMH1,A3KMH1;A3KMH1-2;A3KMH1-3,VWA8_HUMAN,VWA8,3660.61,,18992.9,7432.04,2940.83
A3KN83;A3KN83-2,A3KN83;A3KN83-2;A3KN83-3,SBNO1_HUMAN,SBNO1,,,25025.4,,
A3QJZ6,A3QJZ6;Q5SWL8;Q5VWM3,PRA22_HUMAN,PRAMEF22,,,,,
A4D126;A4D126-2,A4D126;A4D126-2,ISPD_HUMAN,CRPPA,,,5731.51,5886.0,
A4D1B5,A4D1B5;A4D1B5-2;A4D1B5-3,GSAP_HUMAN,GSAP,,,18906.25,11824.95,
A4D1B5-4,A4D1B5-4,GSAP_HUMAN,GSAP,,,,471108.0,114941.75
A4D1E9,A4D1E9;A4D1E9-2,GTPBA_HUMAN,GTPBP10,,,,31163.4,
A4D1P6,A4D1P6;A4D1P6-2,WDR91_HUMAN,WDR91,,95505.75,11274.1,28421.6,4468.93
A4D1S5;A4D1S5-2,A4D1S5;A4D1S5-2,RAB19_HUMAN,RAB19,,,,,
A4D1U4,A4D1U4,DEN11_HUMAN,DENND11,,,,,
A4D2B0,A4D2B0,MBLC1_HUMAN,MBLAC1,,,,,29031.9
A4FU01,A4FU01;A4FU01-4,MTMRB_HUMAN,MTMR11,,,,11169.735,
A4UGR9-4;A4UGR9-6,A4UGR9-4;A4UGR9-5;A4UGR9-6;A4UGR9-7,XIRP2_HUMAN,XIRP2,,,,30864.2,
A5D6W6,A5D6W6,FITM1_HUMAN,FITM1,6084.755,,18375.15,26020.75,126724.0
A5D8V6,A5D8V6,VP37C_HUMAN,VPS37C,,,16300.45,31912.3,
A5PLL7;A5PLL7-2,A5PLL7;A5PLL7-2,PDES1_HUMAN,PEDS1,,,,,
A5PLN9;A5PLN9-2;A5PLN9-4;A5PLN9-5,A5PLN9;A5PLN9-2;A5PLN9-4;A5PLN9-5;A5PLN9-7,TPC13_HUMAN,TRAPPC13,,,3489.04,9526.64,
A5YKK6,A5YKK6;A5YKK6-2;A5YKK6-3,CNOT1_HUMAN,CNOT1,,,13204.3,19500.0,4187.225
A6H8Y1;A6H8Y1-6;A6H8Y1-7,A6H8Y1;A6H8Y1-2;A6H8Y1-3;A6H8Y1-4;A6H8Y1-5;A6H8Y1-6;A6H8Y1-7,BDP1_HUMAN,BDP1,,,,,
A6NC98,A6NC98;A6NC98-2;A6NC98-3;A6NC98-4;A6NC98-5,CC88B_HUMAN,CCDC88B,,,,,9639.44
A6NCC3,A6NCC3;F8WBI6;H3BV12;I6L899,GOG8O_HUMAN,GOLGA8O,,,,,
A6NCE7;Q9GZQ8,Q9GZQ8;A6NCE7,MLP3B_HUMAN;MP3B2_HUMAN,MAP1LC3B;MAP1LC3B2,,,,,
A6NCL7,A6NCL7,AN33B_HUMAN,ANKRD33B,,,,,
A6ND36,A6ND36,FA83G_HUMAN,FAM83G,,,,,
A6NDG6,A6NDG6,PGP_HUMAN,PGP,,,22703.7,37408.2,15840.6
A6NDU8,A6NDU8,RIMC1_HUMAN,RIMOC1,,,20344.8,20070.9,
A6NDY0,A6NDY0;A6NDY0-4,EPAB2_HUMAN,PABPN1L,,,,,14539.7
A6NED2,A6NED2,RCCD1_HUMAN,RCCD1,,3305.68,,4455.94,
A6NFI3,A6NFI3,ZN316_HUMAN,ZNF316,,,,,
A6NFQ2;A6NFQ2-2,A6NFQ2;A6NFQ2-2;A6NFQ2-3,TCAF2_HUMAN,TCAF2,,,,,90354.6
A6NFX1,A6NFX1,MFS2B_HUMAN,MFSD2B,,,,,
A6NFY4,A6NFY4,NEMP2_HUMAN,NEMP2,,,,,
A6NFY7,A6NFY7,SDHF1_HUMAN,SDHAF1,,,,,
A6NGG8,A6NGG8,PCARE_HUMAN,PCARE,,,,,
A6NH11,A6NH11,GLTD2_HUMAN,GLTPD2,,,25948.1,33816.4,18425.2
A6NHG4,A6NHG4,DDTL_HUMAN,DDTL,,,,,
A6NHL2;A6NHL2-2,A6NHL2;A6NHL2-2,TBAL3_HUMAN,TUBAL3,,,,34021.15,
A6NHR9,A6NHR9;A6NHR9-2;A6NHR9-3,SMHD1_HUMAN,SMCHD1,60979.4,250606.0,135580.5,7555.41,19447.6
A6NI72;P14598,P14598;A6NI72;A8MVU1;P14598-2,NCF1B_HUMAN;NCF1_HUMAN,NCF1;NCF1B,26256.8,,,,15374.85
A6NI73;A6NI73-2,A6NI73;A6NI73-2;A6NI73-3;A6NI73-4,LIRA5_HUMAN,LILRA5,,,,23485.65,
A6NI79,A6NI79,CCD69_HUMAN,CCDC69,,,,,
A6NIH7,A6NIH7,U119B_HUMAN,UNC119B,,1665.1,2552.45,3273.545,664.268
A6NJ78,A6NJ78,MET15_HUMAN,METTL15,,,,,
A6NJG2,A6NJG2,SWAHD_HUMAN,SOWAHD,,,,,
A6NK58,A6NK58,LIPT2_HUMAN,LIPT2,,,,,
A6NKU9,A6NKU9,SPDE3_HUMAN,SPDYE3,,,,,
A6QL63;A6QL63-2,A6QL63;A6QL63-2;A6QL63-3;A6QL63-4;A6QL63-5,ABTB3_HUMAN,ABTB3,,,13896.7,39212.15,
A6ZKI3,A6ZKI3,RTL8C_HUMAN,RTL8C,,,,,
A7E2V4;A7E2V4-3;A7E2V4-4;A7E2V4-5,A7E2V4;A7E2V4-2;A7E2V4-3;A7E2V4-4;A7E2V4-5,ZSWM8_HUMAN,ZSWIM8,,12509.6,,3520.45,20019.3
A7KAX9,A7KAX9;A7KAX9-2;A7KAX9-3,RHG32_HUMAN,ARHGAP32,,,,39531.1,
A8K2U0,A8K2U0,A2ML1_HUMAN,A2ML1,800495.0,220155.0,201017.0,447013.0,277664.0
A8K7I4,A8K7I4,CLCA1_HUMAN,CLCA1,,61258.5,310471.0,29919.35,14671.1
A8MPS7,A8MPS7,YDJC_HUMAN,YDJC,,,,,
A8MQ03,A8MQ03,CRTP1_HUMAN,CYSRT1,,,,,
A8MSI8,A8MSI8,LYRM9_HUMAN,LYRM9,,,,,
A8MU46,A8MU46,SMTL1_HUMAN,SMTNL1,,52512.75,6912.415,1270.48,
A8MVS5,A8MVS5,HIDE1_HUMAN,HIDE1,,,,,
A8MVW5;A8MVW5-2;A8MVW5-3,A8MVW5;A8MVW5-2;A8MVW5-3,HECA2_HUMAN,HEPACAM2,17836.3,93683.5,90371.3,,
A8MW92,A8MW92;A8MW92-4,P20L1_HUMAN,PHF20L1,,,,,
A8MW92-2,A8MW92;A8MW92-2;A8MW92-4,P20L1_HUMAN,PHF20L1,,,,,11277.7
A8MWD9;P62308,P62308;A8MWD9,RUXGL_HUMAN;RUXG_HUMAN,SNRPG;SNRPGP15,,,,17611.6,
A8MWY0;A8MWY0-3,A8MWY0;A8MWY0-2;A8MWY0-3,ELAP2_HUMAN,ELAPOR2,,,,,
A8MXV4,A8MXV4,NUD19_HUMAN,NUDT19,114963.0,28071.5,15454.4,8750.94,135187.0
A8TX70,A8TX70,CO6A5_HUMAN,COL6A5,37959.9,,24107.1,1203020.0,71070.9
A9UHW6;A9UHW6-2;A9UHW6-3,A9UHW6;A9UHW6-2;A9UHW6-3,MI4GD_HUMAN,MIF4GD,,,,12180.9,
B0I1T2,B0I1T2;O94832;B0I1T2-2;B0I1T2-3;B0I1T2-4,MYO1G_HUMAN,MYO1G,43280.9,,24261.4,63670.5,18554.55
B1AJZ9-3,B1AJZ9-3,FHAD1_HUMAN,FHAD1,,,,,
B2RTY4;B2RTY4-2;B2RTY4-4,B2RTY4;B2RTY4-2;B2RTY4-3;B2RTY4-4,MYO9A_HUMAN,MYO9A,,,,,
B2RUZ4,B2RUZ4,SMIM1_HUMAN,SMIM1,,12106.595,48951.7,118054.0,53673.7
B7Z8K6,B7Z8K6,TRDC_HUMAN,TRDC,,,,,
B7ZAQ6;B7ZAQ6-2;B7ZAQ6-3;P0CG08,B7ZAQ6;P0CG08;B7ZAQ6-2;B7ZAQ6-3,GPHRA_HUMAN;GPHRB_HUMAN,GPR89A;GPR89B,,,,25315.85,10649.2
B9A064,P0CG04;P0DOY2;A0M8Q6;P0CF74;B9A064;P0DOX8,IGLL5_HUMAN,IGLL5,10459500.0,3175090.0,5587210.0,6448840.0,4227400.0
C4AMC7;Q6VEQ5,A8K0Z3;C4AMC7;Q6VEQ5,WASH2_HUMAN;WASH3_HUMAN,WASH2P;WASH3P,,7653.38,5747.355,10559.5,10580.6
C9J798;O43374;O43374-2,O43374;C9J798;O43374-2,RAS4B_HUMAN;RASL2_HUMAN,RASA4;RASA4B,,,,15179.3,
C9J7I0,C9J7I0,UMAD1_HUMAN,UMAD1,,,15206.6,10207.8,
C9JJ37,C9JJ37,BTBDJ_HUMAN,BTBD19,,,,,
C9JLW8,C9JLW8,MCRI1_HUMAN,MCRIP1,,,,,
E0CX11,E0CX11,STMP1_HUMAN,STMP1,,,,,
E9PAV3,Q13765;E9PAV3;E9PAV3-2,NACAM_HUMAN,NACA,,91313.35,22610.1,60786.9,41677.9
E9PRG8,E9PRG8,CK098_HUMAN,C11orf98,,,,,
G9CGD6;G9CGD6-2,Q8WWN9;G9CGD6;G9CGD6-2;G9CGD6-3;Q8WWN9-2,CNIPF_HUMAN,CNK3/IPCEF1,,,,,
L0R6Q1,L0R6Q1,S35U4_HUMAN,SLC35A4,,,8286.15,27568.2,4170.3
L0R819,L0R819,ASURF_HUMAN,ASDURF,,,,,
L0R8F8,L0R8F8,MIDUO_HUMAN,MIEF1,486.423,,,,
O00115;O00115-2,O00115;O00115-2,DNS2A_HUMAN,DNASE2,,,10304.4,,
O00116,O00116,ADAS_HUMAN,AGPS,,,14321.9,47769.0,14925.2
O00139-2,O00139-2,KIF2A_HUMAN,KIF2A,,,,,
O00139;O00139-4,O00139;O00139-1;O00139-2;O00139-4;O00139-5,KIF2A_HUMAN,KIF2A,,,105982.0,297019.0,116891.0
O00142;O00142-2;O00142-6,O00142;O00142-2;O00142-3;O00142-4;O00142-5;O00142-6,KITM_HUMAN,TK2,,,,11531.55,
O00148,O00148;O00148-2;O00148-3,DX39A_HUMAN,DDX39A,,,,86542.7,2013.06
O00151,O00151,PDLI1_HUMAN,PDLIM1,6063.95,47190.0,417171.0,1677230.0,42108.7
O00154-4,O00154;O00154-4;O00154-2;O00154-3;O00154-5;O00154-6;O00154-7,BACH_HUMAN,ACOT7,,,25881.05,84301.95,27141.5
O00159-2,O00159;O00159-3;O00159-2,MYO1C_HUMAN,MYO1C,83658.5,,23642.5,71210.4,17999.85
O00160,O00160,MYO1F_HUMAN,MYO1F,,,15462.8,23526.9,12475.2
O00161,O00161,SNP23_HUMAN,SNAP23,,27636.2,191686.0,454618.0,115972.0
O00165;O00165-2,O00165;O00165-2;O00165-3;O00165-5,HAX1_HUMAN,HAX1,,,,10264.8,
O00170,O00170,AIP_HUMAN,AIP,,,13107.5,35416.75,4881.13
O00175,O00175,CCL24_HUMAN,CCL24,,38930.9,,,25462.3
O00178,O00178,GTPB1_HUMAN,GTPBP1,,20120.0,,12042.6,9637.16
O00182;O00182-2;O00182-3;O00182-6,O00182;O00182-2;O00182-3;O00182-6,LEG9_HUMAN,LGALS9,,,,14738.15,8388.26
O00186,O00186,STXB3_HUMAN,STXBP3,,,34655.8,86916.8,15442.7
O00187,O00187,MASP2_HUMAN,MASP2,163579.0,54553.0,3791470.0,2948350.0,833671.0
O00187-2,O00187-2,MASP2_HUMAN,MASP2,,,21907.3,82541.4,11350.5
O00189,O00189,AP4M1_HUMAN,AP4M1,118021.0,587653.0,,18396.95,
O00193,O00193,SMAP_HUMAN,SMAP,,95139.3,,,
O00194,O00194,RB27B_HUMAN,RAB27B,5433.38,6933.72,318256.0,1327340.0,353503.0
O00203;O00203-3,O00203;Q13367;O00203-3;Q13367-3;Q13367-4,AP3B1_HUMAN,AP3B1,,28733.8,23443.35,45665.1,7932.35
O00204;O00204-2,O00204;O00204-2,ST2B1_HUMAN,SULT2B1,,,105987.0,,
O00212,O00212,RHOD_HUMAN,RHOD,,,,99785.6,
O00213;O00213-2,O00213;O00213-2;O00213-3;O00213-4;O00213-5;O00213-6,APBB1_HUMAN,APBB1,,,,,
O00214;O00214-2,O00214;O00214-2,LEG8_HUMAN,LGALS8,,,15381.4,20417.0,
O00217,O00217,NDUS8_HUMAN,NDUFS8,,,12080.5,58417.8,
O00221,O00221,IKBE_HUMAN,NFKBIE,,,,,
O00231,O00231;O00231-2,PSD11_HUMAN,PSMD11,137482.35,70239.45,31894.2,100249.0,9037.77
O00232,O00232;O00232-2,PSD12_HUMAN,PSMD12,,,17901.05,60411.0,9707.24
O00233,O00233;O00233-2,PSMD9_HUMAN,PSMD9,,,12062.8,43281.2,3332.92
O00241,O00241,SIRB1_HUMAN,SIRPB1,,39548.8,,,
O00244,O00244,ATOX1_HUMAN,ATOX1,,,,,
O00255-2;O00255-3,O00255;O00255-2;O00255-3,MEN1_HUMAN,MEN1,,353150.0,,,
O00257,O00257,CBX4_HUMAN,CBX4,,,,,
O00258;O00258-2,O00258;O00258-2,GET1_HUMAN,GET1,,,,,
O00264,O00264;O00264-2,PGRC1_HUMAN,PGRMC1,,354542.0,154625.0,242433.0,48925.9
O00267;O00267-2,O00267;O00267-2,SPT5H_HUMAN,SUPT5H,,31285.1,,,
O00268,O00268,TAF4_HUMAN,TAF4,,,88215.7,,
O00273,O00273,DFFA_HUMAN,DFFA,,,5239.2,12088.0,2720.56
O00287,O00287,RFXAP_HUMAN,RFXAP,,,,,
O00291;O00291-3,O00291;O00291-3;O00291-4,HIP1_HUMAN,HIP1,,,,21673.375,
O00299,O00299,CLIC1_HUMAN,CLIC1,3882.32,3783.06,388661.0,1176860.0,42825.9
O00303,O00303,EIF3F_HUMAN,EIF3F,,,23255.7,47028.25,13660.7
O00305;O00305-2;O00305-3;O00305-4,O00305;O00305-2;O00305-3;O00305-4,CACB4_HUMAN,CACNB4,,,,,
O00308-2,O00308;O00308-2,WWP2_HUMAN,WWP2,,,1043.1,6320.12,
O00329,O00329,PK3CD_HUMAN,PIK3CD,,,,44633.89999999999,
O00330;O00330-3,O00330;O00330-2;O00330-3,ODPX_HUMAN,PDHX,25866.2,,4210620.0,386018.0,226498.5
O00339;O00339-2,O00339;O00339-2;O00339-3;O00339-4,MATN2_HUMAN,MATN2,2186.88,,25020.9,47820.1,44008.3
O00391,O00391;O00391-2,QSOX1_HUMAN,QSOX1,166982.0,80391.9,353605.0,133706.0,1876870.0
O00399,O00399,DCTN6_HUMAN,DCTN6,,,5363.6,9795.54,
O00400,O00400,ACATN_HUMAN,SLC33A1,,,,88458.7,53860.4
O00401,O00401,WASL_HUMAN,WASL,,,196821.5,70933.4,
O00408;O00408-3;O00408-4,O00408;O00408-3;O00408-2;O00408-4;O00408-6,PDE2A_HUMAN,PDE2A,,13606.9,1999.36,11274.7,3677.56
O00409;O00409-2,O00409;O00409-2,FOXN3_HUMAN,FOXN3,,,,,
O00410,O00410;O00410-2;O00410-3,IPO5_HUMAN,IPO5,,,60982.9,99785.1,17784.9
O00411,O00411,RPOM_HUMAN,POLRMT,,,,,
O00418,O00418,EF2K_HUMAN,EEF2K,,,,,
O00421;O00421-2,O00421;O00421-2,CCRL2_HUMAN,CCRL2,,,,13402.0,
O00422-2,O00422;O00422-2,SAP18_HUMAN,SAP18,,,,,
O00423;O00423-3,O00423;O00423-3,EMAL1_HUMAN,EML1,,,,34413.1,44479.0
O00425,O00425,IF2B3_HUMAN,IGF2BP3,,,5211.75,,1944.96
O00429;O00429-2;O00429-3;O00429-4;O00429-5,O00429;O00429-2;O00429-3;O00429-4;O00429-5;O00429-6;O00429-7;O00429-8;O00429-9,DNM1L_HUMAN,DNM1L,,97822.8,136038.0,492939.0,37516.7
O00442;O00442-2,O00442;O00442-2,RTCA_HUMAN,RTCA,,,5648.05,24755.55,8705.6
O00443,O00443,P3C2A_HUMAN,PIK3C2A,,,101991.0,9486.74,
O00451;O00451-3,O00451;O00451-2;O00451-3,GFRA2_HUMAN,GFRA2,,73407.35,5263.91,,11734.6
O00453;O00453-10;O00453-11;O00453-13;O00453-2;O00453-3;O00453-4;O00453-6,O00453;O00453-10;O00453-11;O00453-13;O00453-2;O00453-3;O00453-4;O00453-6,LST1_HUMAN,LST1,,151347.0,11349.2,26951.0,10751.4
O00458,O00458;O00458-2,IFRD1_HUMAN,IFRD1,,,,9048.03,
O00459,O00459,P85B_HUMAN,PIK3R2,,,,,
O00461,O00461,GOLI4_HUMAN,GOLIM4,,31755.7,93414.1,18125.55,6717.11
O00462,O00462,MANBA_HUMAN,MANBA,4579.44,11251.9,,39960.2,37361.25
O00463;O00463-2;O00463-3,O00463;O00463-2;O00463-3,TRAF5_HUMAN,TRAF5,,,,,
O00468;O00468-3;O00468-4;O00468-5;O00468-6;O00468-7,O00468;O00468-2;O00468-3;O00468-4;O00468-5;O00468-6;O00468-7,AGRIN_HUMAN,AGRN,3837.81,76448.6,119260.0,48550.6,33432.0
O00469-2,O00469;O00469-2,PLOD2_HUMAN,PLOD2,,,17226.7,16443.2,
O00470;O00470-2,O00470;O14770;O14770-4;Q99687;Q99687-3;O14770-2;O14770-3;O14770-5;O14770-6;O14770-7;O14770-8;Q99687-2;O00470-2,MEIS1_HUMAN,MEIS1,,,,,
O00471,O00471,EXOC5_HUMAN,EXOC5,,,17715.1,27974.2,22096.4
O00478;O00478-2,O00478;O00481;P78410;O00481-2;O00481-3;O00481-4;P78410-2;P78410-3;O00478-2,BT3A3_HUMAN,BTN3A3,,,9373.69,31792.4,7461.68
O00479,O00479,HMGN4_HUMAN,HMGN4,,,,,
O00481,O00481;O00481-4,BT3A1_HUMAN,BTN3A1,,,31740.515,133470.0,13678.7
O00483,O00483,NDUA4_HUMAN,NDUFA4,,,54883.4,150851.0,46129.8
O00487,O00487,PSDE_HUMAN,PSMD14,2099.76,,23595.0,73869.55,17696.1
O00499-11;O00499-2;O00499-6,O00499;O00499-10;O00499-11;O00499-2;O00499-3;O00499-4;O00499-5;O00499-6;O00499-7;O00499-8;O00499-9,BIN1_HUMAN,BIN1,,7931.28,7204.63,,9876.82
O00499-3;O00499-5,O00499;O00499-3;O00499-5,BIN1_HUMAN,BIN1,,,,,
O00501,O00501,CLD5_HUMAN,CLDN5,,,6834.305,70626.2,17591.6
O00505,O00505,IMA4_HUMAN,KPNA3,,,15451.0,46015.4,7789.36
O00506,O00506;O00506-2;O00506-3,STK25_HUMAN,STK25,,,,4480.02,
O00507,O00507,USP9Y_HUMAN,USP9Y,,,,,
O00515,O00515,LAD1_HUMAN,LAD1,,,,,
O00519,O00519,FAAH1_HUMAN,FAAH,,,,,
O00522,O00522;O00522-2;O00522-3,KRIT1_HUMAN,KRIT1,,,9786.295,26007.7,2739.05
O00533-2,O00533;O00533-2,NCHL1_HUMAN,CHL1,17405.8,478423.0,50013.5,14824.1,6217.88
O00534,O00534;O00534-2;O00534-3;O00534-4,VMA5A_HUMAN,VWA5A,25635.8,92866.6,19551.3,47691.25,12554.95
O00541,O00541,PESC_HUMAN,PES1,,,,,
O00559;O00559-2,O00559;O00559-2,RCAS1_HUMAN,EBAG9,,,,,
O00560-2,O00560;O00560-2;O00560-3,SDCB1_HUMAN,SDCBP,,89503.7,31730.9,143083.0,7292.68
O00562,O00562;O00562-2,PITM1_HUMAN,PITPNM1,,,,7175.64,
O00566,O00566,MPP10_HUMAN,MPHOSPH10,3477.69,,,,
O00567,O00567,NOP56_HUMAN,NOP56,,,29766.7,,145944.0
O00571,O00571;O15523;Q9NQI0;O00571-2;O15523-2;Q9NQI0-2;Q9NQI0-3;Q9NQI0-4,DDX3X_HUMAN,DDX3X,,,14681.4,52384.9,10941.0
O00584,O00584,RNT2_HUMAN,RNASET2,10324.0,81529.7,11622.4,20845.5,32476.9
O00585,O00585,CCL21_HUMAN,CCL21,,15076.2,,,14431.5
O00587,O00587;O00587-2,MFNG_HUMAN,MFNG,,,4324.69,,
O00592;O00592-2,O00592;O00592-2,PODXL_HUMAN,PODXL,8847.09,1994750.0,914544.0,2656570.0,22593.1
O00602,O00602,FCN1_HUMAN,FCN1,1303.9575,11636.8,4623.02,4143.03,4319.895
O00625,O00625,PIR_HUMAN,PIR,,,,,
O00626,O00626,CCL22_HUMAN,CCL22,,,,,14833.2
O00628;O00628-2,O00628;O00628-2,PEX7_HUMAN,PEX7,,,,,
O00629,O00629,IMA3_HUMAN,KPNA4,,,24047.15,19946.6,14515.805
O00635,O00635,TRI38_HUMAN,TRIM38,,,,79021.0,
O00716,O00716;O00716-2,E2F3_HUMAN,E2F3,,,,,
O00743;O00743-3,O00743;O00743-2;O00743-3,PPP6_HUMAN,PPP6C,,,55104.0,78556.0,5996.33
O00746,O00746,NDKM_HUMAN,NME4,,,28960.5,63771.89999999999,
O00748;O00748-4,O00748;O00748-2;O00748-4;O00748-5,EST2_HUMAN,CES2,3012.28,,42749.3,16066.225,9421.27
O00750,O00750,P3C2B_HUMAN,PIK3C2B,4825.42,,,33234.55,9197.65
O00754;O00754-2,O00754;O00754-2,MA2B1_HUMAN,MAN2B1,450.301,13705.8,5780.115,14949.3,
O00757,O00757,F16P2_HUMAN,FBP2,,,8410.83,,6193.93
O00764,O00764;O00764-3,PDXK_HUMAN,PDXK,305.85,,3935.615,13527.3,
O14492;O14492-2,O14492;O14492-2,SH2B2_HUMAN,SH2B2,,,,,
O14495,O14495,PLPP3_HUMAN,PLPP3,,,17847.6,18823.0,
O14497,O14497;O14497-2;O14497-3,ARI1A_HUMAN,ARID1A,,,,10924.1,
O14498,O14498,ISLR_HUMAN,ISLR,8023.98,23302.8,12525.2,6239.97,4965.63
O14520,O14520,AQP7_HUMAN,AQP7,,,29229.05,,
O14521;O14521-2;O14521-4,O14521;O14521-2;O14521-4,DHSD_HUMAN,SDHD,,,,,
O14523,O14523;O14523-2,C2C2L_HUMAN,C2CD2L,,,15059.0,25083.1,9611.53
O14524;O14524-2,O14524;O14524-2,NEMP1_HUMAN,NEMP1,,,,,
O14526,O14526;O14526-2;O14526-3,FCHO1_HUMAN,FCHO1,,,16984.4,,20467.9
O14530;O14530-2,O14530;O14530-2,TXND9_HUMAN,TXNDC9,,,,33984.65,
O14531,O14531,DPYL4_HUMAN,DPYSL4,,,,,
O14545,O14545,TRAD1_HUMAN,TRAFD1,,,6978.2,10348.6,8670.43
O14548,O14548,COX7R_HUMAN,COX7A2L,,,5727.79,16108.9,5168.6
O14561,O14561,ACPM_HUMAN,NDUFAB1,,,9078.02,30384.4,
O14562,O14562,UBFD1_HUMAN,UBFD1,,,508448.0,18585.6,
O14569,O14569,C56D2_HUMAN,CYB561D2,,,,,
O14576;O14576-2;O14576-3;O14576-5,O14576;O14576-2;O14576-3;O14576-4;O14576-5,DC1I1_HUMAN,DYNC1I1,,,,,
O14578-4,O14578;O14578-3;O14578-4,CTRO_HUMAN,CIT,,,,7927.69,
O14579,O14579;O14579-2,COPE_HUMAN,COPE,,,27074.7,77348.05,
O14593;O14593-3,O14593;O14593-2;O14593-3,RFXK_HUMAN,RFXANK,,,,,
O14594,O14594,NCAN_HUMAN,NCAN,,94799.4,79535.8,24534.5,18222.1
O14602,O14602,IF1AY_HUMAN,EIF1AY,,,,,27404.3
O14610,O14610,GBGT2_HUMAN,GNGT2,,,,,
O14617-5,O14617;O14617-2;O14617-3;O14617-4;O14617-5,AP3D1_HUMAN,AP3D1,,232095.5,38362.8,98637.9,37844.95
O14618,O14618,CCS_HUMAN,CCS,,40524.8,21499.6,70011.8,19637.35
O14625,O14625,CXL11_HUMAN,CXCL11,,,,,
O14626,O14626,GP171_HUMAN,GPR171,,,,,
O14639;O14639-2;O14639-6,O14639;O14639-4;O14639-2;O14639-3;O14639-5;O14639-6,ABLM1_HUMAN,ABLIM1,,,13619.5,22898.4,6742.38
O14640;O14640-2,O14640;P54792;P54792-2;O14640-2,DVL1_HUMAN,DVL1,,,,,
O14641,O14641,DVL2_HUMAN,DVL2,,,,,
O14646;O14646-2,O14646;O14646-2,CHD1_HUMAN,CHD1,201788.0,,,,
O14647;O14647-2,O14647;O14647-2;O14647-3,CHD2_HUMAN,CHD2,74047.6,113075.35,,93445.2,568273.0
O14653;O14653-2,O14653;O14653-2;O14653-3,GOSR2_HUMAN,GOSR2,,,,,
O14656,O14656,TOR1A_HUMAN,TOR1A,,,69478.0,53910.5,13354.0
O14657,O14657,TOR1B_HUMAN,TOR1B,,,37403.3,,
O14662-2,O14662;O14662-5;O14662-2;O14662-3;O14662-4;O14662-6,STX16_HUMAN,STX16,,,7076.8,17978.0,
O14662-3,O14662-3;O14662-4,STX16_HUMAN,STX16,,,,,
O14672,O14672,ADA10_HUMAN,ADAM10,,61484.9,169137.0,302149.0,75440.3
O14678,O14678,ABCD4_HUMAN,ABCD4,,,,,
O14681,O14681;O14681-3,EI24_HUMAN,EI24,,,4022.65,17558.05,8992.09
O14683,O14683,P5I11_HUMAN,TP53I11,,,,,
O14686;O14686-3,O14686;O14686-3,KMT2D_HUMAN,KMT2D,3589.02,,,,
O14713,O14713,ITBP1_HUMAN,ITGB1BP1,,3564.5,,,
O14717,O14717;O14717-2;O14717-3;O14717-4;O14717-5;O14717-6,TRDMT_HUMAN,TRDMT1,,,121518.0,267920.0,215740.0
O14727-2,O14727-2;O14727-3,APAF_HUMAN,APAF1,,,,,
O14727-4,O14727;O14727-2;O14727-3;O14727-4;O14727-5,APAF_HUMAN,APAF1,,,14292.4,14793.2,
O14730,O14730;O14730-2,RIOK3_HUMAN,RIOK3,,,3544.65,10829.4,
O14732;O14732-2,O14732;O14732-2,IMPA2_HUMAN,IMPA2,,,,11830.9,19380.2
O14733;O14733-2,O14733;O14733-2;O14733-3;O14733-4,MP2K7_HUMAN,MAP2K7,,,,,
O14734,O14734,ACOT8_HUMAN,ACOT8,,,7250.89,19863.5,1595.79
O14735;O14735-3,O14735;O14735-3,CDIPT_HUMAN,CDIPT,,,,17820.8,27063.25
O14737,O14737;O14737-2,PDCD5_HUMAN,PDCD5,,,15376.05,18925.55,
O14744,O14744;O14744-2;O14744-3;O14744-4;O14744-5,ANM5_HUMAN,PRMT5,,,19717.9,51835.7,
O14745,O14745;O14745-2,NHRF1_HUMAN,NHERF1,1534.13,,58075.7,156143.0,9471.63
O14772,O14772;O14772-2,FPGT_HUMAN,FPGT,929.961,,10819.725,5963.53,
O14773,O14773,TPP1_HUMAN,TPP1,,371092.0,12611.5,41551.4,7990.834999999999
O14775-2,O14775;O14775-2;O14775-3,GNB5_HUMAN,GNB5,,,40869.35,34945.35,
O14776;O14776-2,O14776;O14776-2,TCRG1_HUMAN,TCERG1,,,18482.525,32367.1,6488.73
O14777,O14777,NDC80_HUMAN,NDC80,,,,8638.4,
O14782,O14782,KIF3C_HUMAN,KIF3C,,,,,
O14786,O14786;O14786-2;O14786-3,NRP1_HUMAN,NRP1,17054.7,11267.2,660627.0,48540.0,16635.2
O14787-2,O14787;O14787-2,TNPO2_HUMAN,TNPO2,,,7720.6,75014.65,
O14791,O14791;O14791-2;O14791-3,APOL1_HUMAN,APOL1,404222.0,169838.0,2141600.0,6497550.0,850932.0
O14795;O14795-2,O14795;Q9UPW8;O14795-2,UN13B_HUMAN,UNC13B,,,804.844,,
O14798,O14798,TR10C_HUMAN,TNFRSF10C,,20425.2,,,
O14802,O14802,RPC1_HUMAN,POLR3A,,,,,
O14810,O14810,CPLX1_HUMAN,CPLX1,,,,,
O14817,O14817,TSN4_HUMAN,TSPAN4,,,,30246.2,
O14818,O14818;O14818-2,PSA7_HUMAN,PSMA7,3025.255,,367144.0,151955.0,15084.1
O14818-2,O14818-2,PSA7_HUMAN,PSMA7,,,38871.1,24943.1,
O14827,O14827,RGRF2_HUMAN,RASGRF2,,,27055.4,26425.5,
O14828,O14828;O14828-2,SCAM3_HUMAN,SCAMP3,,32559.4,7407.48,29534.25,10366.58
O14830-2,O14830-2,PPE2_HUMAN,PPEF2,,,,,
O14841,O14841,OPLA_HUMAN,OPLAH,,,,38904.7,218669.5
O14867,O14867,BACH1_HUMAN,BACH1,,,,2887.04,
O14874;O14874-2;O14874-3,O14874;O14874-2;O14874-3,BCKD_HUMAN,BCKDK,,,,6955.175,
O14879,O14879,IFIT3_HUMAN,IFIT3,,,,,
O14880,O14880,MGST3_HUMAN,MGST3,,,2805.68,25917.2,7494.780000000001
O14893;O14893-2;O14893-5,O14893;O14893-2;O14893-3;O14893-5,GEMI2_HUMAN,GEMIN2,,,60832.5,10351.9,
O14896,O14896,IRF6_HUMAN,IRF6,,118925.0,,,
O14907,O14907,TX1B3_HUMAN,TAX1BP3,,,,18354.7,
O14908,O14908;O14908-2,GIPC1_HUMAN,GIPC1,,,,7173.56,
O14910,O14910,LIN7A_HUMAN,LIN7A,,,12206.3,,
O14920,O14920;O14920-2;O14920-4,IKKB_HUMAN,IKBKB,,,7745.63,21083.0,8001.57
O14924;O14924-2;O14924-3;O14924-4;O14924-5;O14924-6;O14924-7,O14924;O14924-5;O14924-2;O14924-3;O14924-4;O14924-6;O14924-7,RGS12_HUMAN,RGS12,,,,,
O14925,O14925,TIM23_HUMAN,TIMM23,,,23422.1,,38738.8
O14929,O14929;O14929-2,HAT1_HUMAN,HAT1,,,,,
O14931-3,O14931;O14931-2;O14931-3;O14931-4;O14931-5;O14931-6,NCTR3_HUMAN,NCR3,18269.9,,,,
O14933,O14933,UB2L6_HUMAN,UBE2L6,,,,,
O14936;O14936-3,O14936;O14936-4;O14936-2;O14936-3;O14936-5;O14936-6,CSKP_HUMAN,CASK,,,,6153.325,
O14949,O14949,QCR8_HUMAN,UQCRQ,,,10916.3,32391.7,8578.05
O14950,O14950,ML12B_HUMAN,MYL12B,,,,,
O14957,O14957,QCR10_HUMAN,UQCR11,,,,32497.9,
O14960,O14960,LECT2_HUMAN,LECT2,6433.3,,2782.9,173652.0,412390.0
O14964,O14964;O14964-2,HGS_HUMAN,HGS,,,15827.1,37985.3,11821.4
O14966,O14966;O14966-2,RAB7L_HUMAN,RAB29,,,,,
O14967,O14967,CLGN_HUMAN,CLGN,,,6752.26,,
O14972;O14972-2,O14972;O14972-2,VP26C_HUMAN,VPS26C,,,,22701.15,
O14974-2,O14974;O14974-2;O14974-3;O14974-5,MYPT1_HUMAN,PPP1R12A,,,,,
O14974-4,O14974;O14974-2;O14974-3;O14974-4;O14974-5,MYPT1_HUMAN,PPP1R12A,,20548.95,36814.1,82782.1,36488.14999999999
O14975,O14975;O14975-2,S27A2_HUMAN,SLC27A2,,,,15702.35,
O14976,O14976;O14976-2,GAK_HUMAN,GAK,,,22141.2,25869.55,36979.63
O14979,O14979;O14979-2;O14979-3,HNRDL_HUMAN,HNRNPDL,,,,10440.9,
O14979-2;O14979-3,O14979-2;O14979-3,HNRDL_HUMAN,HNRNPDL,,,,,
O14980,O14980,XPO1_HUMAN,XPO1,,27724.6,20464.9,111468.0,9849.52
O14981,O14981,BTAF1_HUMAN,BTAF1,,,4583.42,,
O14986;O14986-2;O14986-3,O14986;O14986-2;O14986-3,PI51B_HUMAN,PIP5K1B,,,,2285.08,
O15013;O15013-4;O15013-5;O15013-6;O15013-7,O15013;O15013-4;O15013-5;O15013-6;O15013-7,ARHGA_HUMAN,ARHGEF10,,,2682.13,4168.295,3716.04
O15014,O15014,ZN609_HUMAN,ZNF609,396.62,,133391.0,59095.3,9278.58
O15020,O15020;O15020-2,SPTN2_HUMAN,SPTBN2,10921.9,,49898.9,79932.25,66986.135
O15021;O15021-2;O15021-3;O15021-6,O15021;O15021-2;O15021-3;O15021-6,MAST4_HUMAN,MAST4,,,4203.92,,
O15027;O15027-5,O15027;O15027-2;O15027-3;O15027-4;O15027-5,SC16A_HUMAN,SEC16A,,,26776.4,48858.7,16733.3
O15031,O15031,PLXB2_HUMAN,PLXNB2,9120.33,,23880.4,53015.5,21257.1
O15033;O15033-2,O15033;O15033-2,AREL1_HUMAN,AREL1,,,,34157.2,
O15037,O15037,KHNYN_HUMAN,KHNYN,,,,14400.2,
O15040;O15040-2,O15040;O15040-2,TCPR2_HUMAN,TECPR2,,,,4977.8,
O15042;O15042-2,O15042;O15042-2;O15042-3,SR140_HUMAN,U2SURP,,,,,
O15047,O15047,SET1A_HUMAN,SETD1A,,,,62855.0,
O15049,O15049,N4BP3_HUMAN,N4BP3,,,,,
O15050,O15050,TRNK1_HUMAN,TRANK1,,,,6696.85,
O15056;O15056-2;O15056-3,O15056;O15056-2;O15056-3,SYNJ2_HUMAN,SYNJ2,,,,,
O15061,O15061;O15061-2,SYNEM_HUMAN,SYNM,,,,,
O15066,O15066,KIF3B_HUMAN,KIF3B,,,3280.81,31084.85,4657.41
O15067,O15067,PUR4_HUMAN,PFAS,,,22128.7,35449.2,
O15068-8,O15068;O15068-10;O15068-2;O15068-3;O15068-5;O15068-6;O15068-8;O15068-9,MCF2L_HUMAN,MCF2L,,,,,
O15075;O15075-2,O15075;O15075-2,DCLK1_HUMAN,DCLK1,,,,,
O15079-2,O15079;Q9NX95;Q9NX95-5;Q9NX95-2;Q9NX95-3;Q9NX95-4;O15079-2,SNPH_HUMAN,SNPH,,,,,
O15083,O15083,ERC2_HUMAN,ERC2,,,21567.2,,
O15084-4,O15084;O15084-1;O15084-4,ANR28_HUMAN,ANKRD28,18731.9,,36264.4,42395.4,87961.0
O15085;O15085-2,O15085;O15085-2,ARHGB_HUMAN,ARHGEF11,,,,51948.5,
O15091;O15091-2;O15091-4,O15091;O15091-2;O15091-3;O15091-4,MRPP3_HUMAN,PRORP,,,,13999.8,19593.5
O15111,O15111,IKKA_HUMAN,CHUK,39509.1,307264.0,7863.18,30768.4,3528.895
O15116,O15116,LSM1_HUMAN,LSM1,,,8905.54,22186.4,
O15117-2,O15117;O15117-2;O15117-3,FYB1_HUMAN,FYB1,,44678.6,84718.5,271944.0,75418.0
O15118,O15118;O15118-2,NPC1_HUMAN,NPC1,,18662.6,,4900.96,16231.2
O15120,O15120,PLCB_HUMAN,AGPAT2,,,6820.935,44622.1,26021.5
O15121,O15121,DEGS1_HUMAN,DEGS1,,,2123.55,6081.07,
O15126,O15126,SCAM1_HUMAN,SCAMP1,,,77453.9,22338.0,4972.15
O15127,O15127,SCAM2_HUMAN,SCAMP2,,,22612.3,89924.0,21187.1
O15131,O15131,IMA6_HUMAN,KPNA5,,,,,
O15143,O15143,ARC1B_HUMAN,ARPC1B,,,186821.0,493776.0,52050.25
O15144,O15144,ARPC2_HUMAN,ARPC2,1735.53,,118916.0,408509.0,23326.45
O15145,O15145,ARPC3_HUMAN,ARPC3,,,160668.0,584071.0,19605.7
O15151,O15151,MDM4_HUMAN,MDM4,,,,,
O15155,O15155;O15155-2,BET1_HUMAN,BET1,,,67613.4,35397.3,20121.2
O15156;O15156-2,O15156;O15156-2,ZBT7B_HUMAN,ZBTB7B,,,,,
O15160,O15160;O15160-2,RPAC1_HUMAN,POLR1C,,,,,
O15162;O15162-2,O15162;O15162-2,PLS1_HUMAN,PLSCR1,,,17096.2,33701.35000000001,14770.5
O15164;O15164-2,O15164;O15164-2,TIF1A_HUMAN,TRIM24,,1072160.0,,,
O15169;O15169-2,O15169;O15169-2,AXIN1_HUMAN,AXIN1,,,,,
O15173;O15173-2,O15173;O15173-2,PGRC2_HUMAN,PGRMC2,549290.0,,62690.2,112236.0,57913.2
O15182,O15182,CETN3_HUMAN,CETN3,,9559.98,,,
O15194,O15194;O15194-2,CTDSL_HUMAN,CTDSPL,,,13350.2,19300.4,37908.6
O15204-2,O15204;O15204-2,ADEC1_HUMAN,ADAMDEC1,15859.3,367886.0,68934.5,35999.8,14639.9
O15211,O15211,RGL2_HUMAN,RGL2,,,8192.14,20187.7,3290.5
O15212,O15212,PFD6_HUMAN,PFDN6,,,11951.21,49076.4,
O15213,O15213,WDR46_HUMAN,WDR46,,,,22226.7,8054.54
O15217,O15217;O15217-2,GSTA4_HUMAN,GSTA4,,,,,
O15226;O15226-2,O15226;O15226-2,NKRF_HUMAN,NKRF,,,10760.85,,
O15228,O15228;O15228-2,GNPAT_HUMAN,GNPAT,,,,21037.4,11432.5
O15229,O15229;O15229-2;O15229-3,KMO_HUMAN,KMO,,,46604.9,,
O15230,O15230,LAMA5_HUMAN,LAMA5,3421.34,50720.7,4197.785,7006.54,16502.6
O15231-3,O15231;O15231-2;O15231-3;O15231-4;O15231-5;O15231-6;O15231-7;O15231-8;O15231-9,ZN185_HUMAN,ZNF185,,22982.3,27355.75,61148.3,14455.2
O15231-8,O15231;O15231-4;O15231-6;O15231-7;O15231-8,ZN185_HUMAN,ZNF185,,,,2044.385,
O15234,O15234,CASC3_HUMAN,CASC3,,,,,
O15235,O15235,RT12_HUMAN,MRPS12,,,,,
O15239,O15239,NDUA1_HUMAN,NDUFA1,,,,,
O15240,O15240,VGF_HUMAN,VGF,7621.89,34351.4,65226.6,39895.0,668.265
O15243,O15243,OBRG_HUMAN,LEPROT,,,2278.23,5887.440000000001,4982.969999999999
O15247,O15247,CLIC2_HUMAN,CLIC2,,158682.5,9468.58,14612.6,
O15254,O15254;O15254-2,ACOX3_HUMAN,ACOX3,1688.73,107420.0,23662.4,38896.7,27712.7
O15258,O15258,RER1_HUMAN,RER1,,,11811.95,30349.7,11986.4
O15260-2,O15260;O15260-2,SURF4_HUMAN,SURF4,,,231871.805,55217.0,23641.35
O15264,O15264,MK13_HUMAN,MAPK13,1697.85,34276.7,,,
O15265-2,O15265;O15265-2;O15265-3,ATX7_HUMAN,ATXN7,,,,,
O15269,O15269;O15269-2,SPTC1_HUMAN,SPTLC1,,,6785.42,18410.6,5482.33
O15270,O15270,SPTC2_HUMAN,SPTLC2,,,37700.3,11356.8,2405.53
O15294,O15294;O15294-2;O15294-3;O15294-4,OGT1_HUMAN,OGT,,341479.0,,9120.0,2392.51
O15297,O15297;O15297-2,PPM1D_HUMAN,PPM1D,,,6475.99,,
O15305,O15305;O15305-2,PMM2_HUMAN,PMM2,,1425.62,,8401.84,3092.02
O15315-1,O15315;O15315-1;O15315-2;O15315-4;O15315-5,RA51B_HUMAN,RAD51B,,,,,
O15321;O15321-2,O15321;O15321-2,TM9S1_HUMAN,TM9SF1,,,,11594.5,
O15327,O15327,INP4B_HUMAN,INPP4B,3641.86,,10290.08,28189.65,
O15335,O15335,CHAD_HUMAN,CHAD,3607.47,21383.5,15690.7,29015.0,137031.0
O15347,O15347,HMGB3_HUMAN,HMGB3,,,,121214.0,
O15355,O15355,PPM1G_HUMAN,PPM1G,,,,,
O15357,O15357,SHIP2_HUMAN,INPPL1,,50661.9,21478.0,43549.2,11618.855
O15371;O15371-3,O15371;O15371-2;O15371-3,EIF3D_HUMAN,EIF3D,,,28973.7,41859.75,28920.7
O15372,O15372,EIF3H_HUMAN,EIF3H,,,37164.45,62954.75,
O15379,O15379;O15379-2,HDAC3_HUMAN,HDAC3,,,,,
O15381,O15381;O15381-5,NVL_HUMAN,NVL,128100.0,,,,
O15382,O15382;O15382-2,BCAT2_HUMAN,BCAT2,,,,22327.4,10493.2
O15389,O15389;Q08ET2,SIGL5_HUMAN,SIGLEC5,20043.75,,10214.0,11107.0,1713.1
O15391,O15391,TYY2_HUMAN,YY2,,,,,
O15394,O15394,NCAM2_HUMAN,NCAM2,4786.6,34785.5,,,6793.945
O15397,O15397;O15397-2,IPO8_HUMAN,IPO8,,,481952.0,,
O15400;O15400-2,O15400;O15400-2,STX7_HUMAN,STX7,,55931.2,58952.9,186083.0,46475.25
O15417,O15417,TNC18_HUMAN,TNRC18,2930.835,29961.45,87067.2,40878.2,11030.2
O15427,O15427,MOT4_HUMAN,SLC16A3,,,23988.7,65590.4,14314.2
O15431,O15431,COPT1_HUMAN,SLC31A1,,,,,1923.42
O15438,O15438;O15438-2;O15438-4,MRP3_HUMAN,ABCC3,7002.52,,57705.2,10397.72,10689.6
O15439,O15439;O15439-2;O15439-3;O15439-4,MRP4_HUMAN,ABCC4,4148.44,26683.8,22485.6,72563.3,27896.5
O15440,O15440;O15440-5,MRP5_HUMAN,ABCC5,,,27779.3,23164.7,55304.8
O15446;O15446-2,O15446;O15446-2,RPA34_HUMAN,POLR1G,,,,,
O15466;O15466-2,O15466;O15466-2,SIA8E_HUMAN,ST8SIA5,,,21848.9,9894.35,
O15467,O15467,CCL16_HUMAN,CCL16,6129.28,429522.0,,42525.8,444371.0
O15484,O15484,CAN5_HUMAN,CAPN5,,35007.5,,13690.0,8177.6
O15498,O15498;O15498-2,YKT6_HUMAN,YKT6,,,,24921.4,7076.15
O15504,O15504;O15504-3,NUP42_HUMAN,NUP42,,,,,
O15511,O15511;O15511-2,ARPC5_HUMAN,ARPC5,,12660.9,166134.0,710629.0,30486.8
O15514,O15514,RPB4_HUMAN,POLR2D,,,,,
O15525,O15525,MAFG_HUMAN,MAFG,,,,6312.91,
O15527,O15527;O15527-2;O15527-3;O15527-4;O15527-5;O15527-7;O15527-8,OGG1_HUMAN,OGG1,,,,,
O15530,O15530;O15530-2;O15530-3;O15530-4,PDPK1_HUMAN,PDPK1,,,7253.21,10234.3,1481.82
O15533;O15533-3,O15533;O15533-2;O15533-3,TPSN_HUMAN,TAPBP,,,18688.3,43943.2,19919.2
O15541,O15541;Q8IZP6,R113A_HUMAN,RNF113A,,,,,
O15550,O15550,KDM6A_HUMAN,KDM6A,,,61043.85000000001,64426.35,
O15551,O15551,CLD3_HUMAN,CLDN3,,,24219.95,42851.65,13970.6
O15553,O15553;O15553-1;O15553-3,MEFV_HUMAN,MEFV,,,37436.0,27382.3,
O15554,O15554,KCNN4_HUMAN,KCNN4,,,810.229,11093.2,25521.8
O43143,O43143;O60231;Q14562,DHX15_HUMAN,DHX15,,19673.0,506302.0,17442.3,11089.9
O43148;O43148-2,O43148;O43148-2,MCES_HUMAN,RNMT,,,,,
O43149,O43149;O43149-3,ZZEF1_HUMAN,ZZEF1,,859236.5,23235.2,68412.3,15485.4
O43150,O43150;O43150-2,ASAP2_HUMAN,ASAP2,,,23605.85,68660.7,14633.85
O43150-2,O43150-2,ASAP2_HUMAN,ASAP2,,8008.18,,19071.55,8339.38
O43156,O43156,TTI1_HUMAN,TTI1,,,,,
O43157,O43157;O43157-2;O43157-3,PLXB1_HUMAN,PLXNB1,4937.2,12598.4,477353.0,15638.4,7447.03
O43159,O43159,RRP8_HUMAN,RRP8,,,,,
O43164;O43164-2,O43164;O43164-2,PJA2_HUMAN,PJA2,,,,,
O43166;O43166-2;O43166-3,O43166;O43166-2;O43166-3,SI1L1_HUMAN,SIPA1L1,,,,,
O43169,O43169,CYB5B_HUMAN,CYB5B,,,8107.13,31179.5,16243.95
O43172;O43172-2,O43172;O43172-2,PRP4_HUMAN,PRPF4,,41642.7,,,
O43175,O43175,SERA_HUMAN,PHGDH,,,13633.0,6506.07,2417.6
O43181,O43181,NDUS4_HUMAN,NDUFS4,,,,22706.0,
O43182;O43182-4,O43182;O43182-4,RHG06_HUMAN,ARHGAP6,,176809.0,96132.5,269806.0,144245.0
O43187,O43187,IRAK2_HUMAN,IRAK2,,,4325.05,,
O43189,O43189,PHF1_HUMAN,PHF1,,,,,1162.44
O43189-2,O43189;O43189-2,PHF1_HUMAN,PHF1,,,3132.88,,
O43236-7,O43236;O43236-2;O43236-3;O43236-4;O43236-5;O43236-7,SEPT4_HUMAN,SEPTIN4,,,,6327.085,
O43237,O43237;O43237-2,DC1L2_HUMAN,DYNC1LI2,,11507.7,8254.9,13887.15,
O43240,O43240,KLK10_HUMAN,KLK10,36882.1,,,7932.68,
O43242,O43242;O43242-2,PSMD3_HUMAN,PSMD3,,,20334.2,75631.1,28948.1
O43251;O43251-10;O43251-2;O43251-4;O43251-5;O43251-6;O43251-7;O43251-8;O43251-9,O43251;O43251-10;O43251-2;O43251-3;O43251-4;O43251-5;O43251-6;O43251-7;O43251-8;O43251-9,RFOX2_HUMAN,RBFOX2,,,,,
O43252,O43252,PAPS1_HUMAN,PAPSS1,,,,16132.65,
O43264,O43264,ZW10_HUMAN,ZW10,,,5436.865,30521.6,4102.02
O43278,O43278;O43278-2,SPIT1_HUMAN,SPINT1,,4605.76,7574.23,,
O43280;O43280-2,O43280;O43280-2,TREA_HUMAN,TREH,1631.906,,,12131.2,4563.515
O43286,O43286,B4GT5_HUMAN,B4GALT5,7880.065000000001,2712.73,30632.6,15840.0,57317.9
O43290,O43290,SNUT1_HUMAN,SART1,144532.0,,,55235.8,
O43291,O43291;O43291-2,SPIT2_HUMAN,SPINT2,,,81171.3,121481.0,80817.6
O43292,O43292;O43292-2,GPAA1_HUMAN,GPAA1,,,,,
O43293,O43293,DAPK3_HUMAN,DAPK3,,,,10616.4,
O43294,O43294;O43294-2,TGFI1_HUMAN,TGFB1I1,,15919.7,67875.1,226748.0,31996.35
O43296,O43296,ZN264_HUMAN,ZNF264,,,,,
O43299,O43299,AP5Z1_HUMAN,AP5Z1,,,,2018.2645,
O43301,O43301,HS12A_HUMAN,HSPA12A,,,8619.55,,
O43303;O43303-2,O43303;O43303-2,CP110_HUMAN,CCP110,,,,,
O43304,O43304,S14L5_HUMAN,SEC14L5,,,26121.8,15308.6,
O43306;O43306-2,O43306;O43306-2,ADCY6_HUMAN,ADCY6,,,35939.8,83457.4,22790.8
O43310,O43310;O43310-2,CTIF_HUMAN,CTIF,,,,13737.2,
O43312-2,O43312-2,MTSS1_HUMAN,MTSS1,,,,,
O43312;O43312-5,O43312;O43312-4;O43312-5,MTSS1_HUMAN,MTSS1,,,22893.5,42652.9,22286.9
O43314,O43314;O43314-2,VIP2_HUMAN,PPIP5K2,,9802.5,7189.32,11245.35,
O43318,O43318;O43318-2,M3K7_HUMAN,MAP3K7,,,7264.285,20779.4,8288.39
O43323,O43323,DHH_HUMAN,DHH,,,5349.91,21642.9,11114.16
O43324,O43324,MCA3_HUMAN,EEF1E1,,70484.4,2404.59,21099.8,
O43353,O43353;O43353-2,RIPK2_HUMAN,RIPK2,,,,52799.39999999999,
O43379;O43379-4,O43379;O43379-2;O43379-3;O43379-4,WDR62_HUMAN,WDR62,,,21234.1,50306.3,
O43390,O43390;O43390-2;O43390-4,HNRPR_HUMAN,HNRNPR,,,,30233.65,20606.1
O43390-4,O43390-2;O43390-4,HNRPR_HUMAN,HNRNPR,3690.81,,,26396.8,
O43395,O43395,PRPF3_HUMAN,PRPF3,,,,14349.6,
O43396,O43396,TXNL1_HUMAN,TXNL1,,,30315.8,92562.4,
O43399;O43399-5;O43399-7,O43399;O43399-5;O43399-7,TPD54_HUMAN,TPD52L2,,26752.8,20197.3,107031.0,6382.549999999999
O43402,O43402;O43402-2,EMC8_HUMAN,EMC8,,,16076.4,30368.35,
O43405,O43405;O43405-2,COCH_HUMAN,COCH,461.855,9085.025,,,5599.14
O43414;O43414-2;O43414-3,O43414;O43414-2;O43414-3,ERI3_HUMAN,ERI3,,,,8588.05,
O43422,O43422;O43422-2,P52K_HUMAN,THAP12,,,29433.5,,
O43426,O43426;O43426-2;O43426-4,SYNJ1_HUMAN,SYNJ1,,,7619.3,13669.3,2187.39
O43427;O43427-2,O43427;O43427-2,FIBP_HUMAN,FIBP,,,,25746.85,4428.6
O43432;O43432-3,O43432;O43432-3;O43432-4,IF4G3_HUMAN,EIF4G3,,,14430.2,33213.9,18747.9
O43447,O43447;O43447-2,PPIH_HUMAN,PPIH,,,5338.24,12075.1,
O43451,O43451;O43451-1,MGA_HUMAN,MGAM,,,,12776.05,
O43463;O43463-2,O43463;O43463-2,SUV91_HUMAN,SUV39H1,,,,7849.05,
O43464,O43464;P83110;O43464-2;O43464-3;P83110-2,HTRA2_HUMAN,HTRA2,,,,9552.53,
O43488,O43488,ARK72_HUMAN,AKR7A2,,,40307.7,90217.2,11626.2
O43491,O43491,E41L2_HUMAN,EPB41L2,,,1378.29,,
O43491-4,O43491;O43491-2;O43491-3;O43491-4,E41L2_HUMAN,EPB41L2,,36048.2,42467.4,44703.8,18636.1
O43493-5,O43493;O43493-3;O43493-5;O43493-7,TGON2_HUMAN,TGOLN2,4675.94,901019.0,112769.0,8064.91,7773.44
O43504,O43504,LTOR5_HUMAN,LAMTOR5,,,,,
O43505,O43505,B4GA1_HUMAN,B4GAT1,4106.23,,26910.8,,
O43508-2,O75888;O43508-2;O75888-2;O75888-4;O75888-5,TNF12_HUMAN,TNFSF12,,9810.68,4869.29,,5740.809999999999
O43516;O43516-3,O43516;O43516-2;O43516-3,WIPF1_HUMAN,WIPF1,,168843.0,68205.2,322383.0,75621.6
O43520,O43520,AT8B1_HUMAN,ATP8B1,3299.36,,,,
O43521;O43521-12;O43521-4;O43521-8,O43521;O43521-2;O43521-3;O43521-6;O43521-12;O43521-4;O43521-5;O43521-7;O43521-8;O43521-9,B2L11_HUMAN,BCL2L11,3732.98,,,,
O43524,O43524;O43524-2,FOXO3_HUMAN,FOXO3,,,,,
O43548,O43548,TGM5_HUMAN,TGM5,,,,6323.52,
O43561,O43561;O43561-2;O43561-3,LAT_HUMAN,LAT,,50147.615,4161.315000000001,15941.1,
O43566,O43566,RGS14_HUMAN,RGS14,,,,,
O43566-5,O43566-5;O43566-6,RGS14_HUMAN,RGS14,,,,6646.43,
O43567,O43567,RNF13_HUMAN,RNF13,,21494.6,,5452.49,
O43572,O43572,AKA10_HUMAN,AKAP10,,102502.0,72244.9,11081.8,158172.0
O43583,O43583,DENR_HUMAN,DENR,,,9679.880000000001,41708.1,45654.4
O43586;O43586-2,O43586;O43586-2,PPIP1_HUMAN,PSTPIP1,,,,,
O43592,O43592,XPOT_HUMAN,XPOT,,,11178.65,48151.6,
O43597,O43597,SPY2_HUMAN,SPRY2,,,,,
O43598,O43598,DNPH1_HUMAN,DNPH1,,,,21575.3,
O43615,O43615,TIM44_HUMAN,TIMM44,,18329.4,10519.8,19330.9,6366.0
O43617,O43617;O43617-2,TPPC3_HUMAN,TRAPPC3,,,9304.515,18700.35,
O43633,O43633,CHM2A_HUMAN,CHMP2A,,,30015.1,55121.7,44798.4
O43639,O43639,NCK2_HUMAN,NCK2,,,32853.5,123888.0,12382.0
O43660;O43660-2,O43660;O43660-2,PLRG1_HUMAN,PLRG1,11914.8,,,,
O43665,O43665;O43665-1;O43665-2,RGS10_HUMAN,RGS10,,,17552.05,53948.0,9782.24
O43670;O43670-4,O43670;O43670-2;O43670-4,ZN207_HUMAN,ZNF207,,,,7815.985000000001,
O43674;O43674-2,O43674;O43674-2,NDUB5_HUMAN,NDUFB5,,,,18254.95,2391.33
O43676,O43676,NDUB3_HUMAN,NDUFB3,,,,40126.2,12616.15
O43678,O43678;O43678-2,NDUA2_HUMAN,NDUFA2,,,10416.595,39854.8,
O43681,O43681,GET3_HUMAN,GET3,,,129802.0,112046.0,16982.0
O43684;O43684-2,O43684;O43684-2,BUB3_HUMAN,BUB3,,,23414.25,7302.89,
O43688-3,O43688-3,PLPP2_HUMAN,PLPP2,,,,,
O43704,O43704,ST1B1_HUMAN,SULT1B1,,,,,
O43707,O43707;O43707-2;O43707-3,ACTN4_HUMAN,ACTN4,,22545.9,213981.0,815628.0,
O43708,O43708;O43708-2;O43708-3,MAAI_HUMAN,GSTZ1,,,,,
O43709;O43709-3,O43709;O43709-3,BUD23_HUMAN,BUD23,,,,,
O43715,O43715,TRIA1_HUMAN,TRIAP1,,,,,
O43716,O43716,GATC_HUMAN,GATC,,,,,
O43719,O43719,HTSF1_HUMAN,HTATSF1,,,,,
O43736;O43736-2,O43736;O43736-2,ITM2A_HUMAN,ITM2A,,,,,
O43741,O43741,AAKB2_HUMAN,PRKAB2,,,,16773.45,
O43747;O43747-2,O43747;O43747-2,AP1G1_HUMAN,AP1G1,,,10532.1,65017.0,5508.74
O43752,O43752,STX6_HUMAN,STX6,,,,19968.3,
O43759;O43759-2,O43759;O43759-2,SNG1_HUMAN,SYNGR1,,,,,
O43760-2,O43760;O43760-2,SNG2_HUMAN,SYNGR2,,,15334.55,21115.65,12089.7
O43765,O43765,SGTA_HUMAN,SGTA,,,24399.6,28416.1,
O43766,O43766;O43766-2,LIAS_HUMAN,LIAS,,,,,
O43768;O43768-3,O43768;O43768-8;O43768-2;O43768-3;O43768-4;O43768-5;O43768-6;O43768-7;O43768-9,ENSA_HUMAN,ENSA,,97698.9,8289.725,22334.2,5671.39
O43772,O43772,MCAT_HUMAN,SLC25A20,,,63941.2,86758.3,17216.35
O43776,O43776,SYNC_HUMAN,NARS1,,,5635.115,39565.0,14542.4
O43791,O43791,SPOP_HUMAN,SPOP,,,,,
O43795;O43795-2,O43795;Q9UBC5;O43795-2,MYO1B_HUMAN,MYO1B,,,,23857.1,8754.99
O43805,O43805,SSNA1_HUMAN,SSNA1,,,,1518.48,
O43808,O43808,PM34_HUMAN,SLC25A17,,,,5592.69,
O43809,O43809,CPSF5_HUMAN,NUDT21,,,,5518.93,1743.29
O43813,O43813,LANC1_HUMAN,LANCL1,,,50363.55,108108.0,11715.8
O43815,O43815;O43815-2,STRN_HUMAN,STRN,,,13886.7,54395.8,13041.2
O43818,O43818,U3IP2_HUMAN,RRP9,,,19064.47,,
O43819,O43819,SCO2_HUMAN,SCO2,,,,,
O43820;O43820-2,O43820;O43820-2,HYAL3_HUMAN,HYAL3,,,,,
O43822-3;O43822-4,O43822;O43822-2;O43822-3;O43822-4,CF410_HUMAN,CFAP410,,,,,
O43823,O43823,AKAP8_HUMAN,AKAP8,,,,,
O43824,O43824,GTPB6_HUMAN,GTPBP6,37258.9,,4978.44,,
O43826;O43826-2,O43826;O43826-2,G6PT1_HUMAN,SLC37A4,19068.3,,,18944.95,
O43829,O43829,ZBT14_HUMAN,ZBTB14,,,,,
O43837,O43837;O43837-2,IDH3B_HUMAN,IDH3B,,43889.9,7196.665,18760.5,
O43847;O43847-2,O43847;O43847-2,NRDC_HUMAN,NRDC,21196.4,,13535.45,24717.9,3916.0
O43852-8,O43852-2;O43852-4;O43852-7;O43852-8,CALU_HUMAN,CALU,,,42681.05,52562.65,
O43852;O43852-3,O43852;O43852-15;O43852-2;O43852-3;O43852-4;O43852-5;O43852-6;O43852-8;O43852-9,CALU_HUMAN,CALU,1608.41,,133357.0,165920.0,
O43854;O43854-2,O43854;O43854-2,EDIL3_HUMAN,EDIL3,,,2788.375,12629.95,
O43861;O43861-2,O43861;O75110;O43861-2;O75110-2,ATP9B_HUMAN,ATP9B,,,,9754.16,3317.59
O43865,O43865,SAHH2_HUMAN,AHCYL1,10794.7,,1296850.0,33441.6,
O43866,O43866,CD5L_HUMAN,CD5L,644130.0,160676.0,2409610.0,4780070.0,607177.0
O43895,O43895,XPP2_HUMAN,XPNPEP2,5888.29,,,23206.55,13600.2
O43896,O43896,KIF1C_HUMAN,KIF1C,,,,,
O43900,O43900;O43900-2,PRIC3_HUMAN,PRICKLE3,,,,,
O43909,O43909,EXTL3_HUMAN,EXTL3,,,,6466.15,7725.72
O43913,O43913;O43913-2,ORC5_HUMAN,ORC5,,,,,
O43914;O43914-2;O43914-3,O43914;O43914-2;O43914-3,TYOBP_HUMAN,TYROBP,,,7000.93,19679.8,7919.99
O43920,O43920,NDUS5_HUMAN,NDUFS5,,,5362.34,16565.55,10938.8
O43924,O43924,PDE6D_HUMAN,PDE6D,,,38254.9,7745.045,
O43929,O43929;O43929-2;O43929-3,ORC4_HUMAN,ORC4,,,,,
O43933,O43933,PEX1_HUMAN,PEX1,,,,,10794.3
O60216,O60216,RAD21_HUMAN,RAD21,,101317.0,,,
O60218,O60218,AK1BA_HUMAN,AKR1B10,,,,,
O60220,O60220,TIM8A_HUMAN,TIMM8A,,,,9400.755000000001,
O60229-5,O60229-5,KALRN_HUMAN,KALRN,,,,,
O60229-6,O60229;O60229-4;O60229-5;O60229-6,KALRN_HUMAN,KALRN,53970.3,24941.2,49611.3,140948.0,41454.7
O60231,O60231,DHX16_HUMAN,DHX16,,15590.0,,,
O60232,O60232,ZNRD2_HUMAN,ZNRD2,,,1487.83,3263.85,
O60234,O60234;P60983,GMFG_HUMAN,GMFG,,,18611.35,72357.9,12063.15
O60235,O60235,TM11D_HUMAN,TMPRSS11D,,,,,
O60237;O60237-6,O60237;O60237-6,MYPT2_HUMAN,PPP1R12B,,,7825.64,19191.15,
O60238;O60238-2,O60238;Q12983;O60238-2,BNI3L_HUMAN,BNIP3L,,,,6764.03,24584.3
O60239,O60239;O60239-2,3BP5_HUMAN,SH3BP5,,,,,
O60240,O60240,PLIN1_HUMAN,PLIN1,,,65500.6,60944.9,8211.41
O60242,O60242,AGRB3_HUMAN,ADGRB3,,31371.75,,,
O60243,O60243;O60243-2,H6ST1_HUMAN,HS6ST1,,,3987.73,,7386.25
O60244,O60244,MED14_HUMAN,MED14,,,,,
O60256,O60256;O60256-3,KPRB_HUMAN,PRPSAP2,,,16659.75,53821.14999999999,9191.75
O60260-5,O60260;O60260-5;O60260-2;O60260-4;O60260-6,PRKN_HUMAN,PRKN,,,,,
O60262,O60262,GBG7_HUMAN,GNG7,,,5082.92,16767.25,
O60264,O60264;P28370;P28370-2,SMCA5_HUMAN,SMARCA5,18521.4,,46806.5,80846.9,
O60266,O60266;O60266-2,ADCY3_HUMAN,ADCY3,,,,2672.04,2440.125
O60268;O60268-3,O60268;O60268-3,K0513_HUMAN,KIAA0513,20240.6,,45760.2,93773.1,6670.88
O60271,O60271;O60271-3;O60271-5;O60271-2;O60271-4;O60271-9,JIP4_HUMAN,SPAG9,,,12756.1,29047.2,10143.7
O60271-5,O60271-5;O60271-2;O60271-4;O60271-9,JIP4_HUMAN,SPAG9,,3043.32,,,
O60279,O60279,SUSD5_HUMAN,SUSD5,416.948,83219.0,113099.0,32540.15,
O60281,O60281;O60281-2,ZN292_HUMAN,ZNF292,,,,,
O60282,O60282;O60282-2,KIF5C_HUMAN,KIF5C,,,20332.515,,37408.8
O60287,O60287,NPA1P_HUMAN,URB1,,19065.55,,11280.3,2841.04
O60291;O60291-2;O60291-3;O60291-4,O60291;O60291-2;O60291-3;O60291-4,MGRN1_HUMAN,MGRN1,4401.1,6235.87,38667.6,206364.0,564148.0
O60292,O60292,SI1L3_HUMAN,SIPA1L3,,,,,
O60293,O60293;O60293-2,ZC3H1_HUMAN,ZFC3H1,,,,,
O60294,O60294,TYW4_HUMAN,LCMT2,,,,,
O60306,O60306,AQR_HUMAN,AQR,3088.23,14677.2,47305.1,15474.15,32901.8
O60307,O60307,MAST3_HUMAN,MAST3,,,,12336.4,
O60313-2,O60313;O60313-10;O60313-2;O60313-9;O60313-11;O60313-13,OPA1_HUMAN,OPA1,1157540.0,2316795.0,14389.7,37838.9,14302.45
O60315;O60315-2,O60315;O60315-2,ZEB2_HUMAN,ZEB2,,,,,
O60318,O60318,GANP_HUMAN,MCM3AP,,,,9541.96,
O60331-3,O14986;O60331;Q99755;O14986-2;O14986-3;O60331-2;O60331-3;O60331-4;Q99755-2;Q99755-3;Q99755-4,PI51C_HUMAN,PIP5K1C,,,14152.55,16476.0,
O60333;O60333-2;O60333-4,O60333;O60333-2;O60333-4,KIF1B_HUMAN,KIF1B,50320.0,,5011.54,14284.715,
O60336;O60336-3;O60336-6,O60336;O60336-2;O60336-3;O60336-4;O60336-6,MABP1_HUMAN,MAPKBP1,,26487.95,,2867.52,21138.05
O60337,O60337;O60337-5;O60337-6,MARH6_HUMAN,MARCHF6,,,,,
O60341,O60341;O60341-2,KDM1A_HUMAN,KDM1A,32549.2,,,6393.165,7678.54
O60343;O60343-2;O60343-3,O60343;O60343-2;O60343-3;O60343-4;O60343-5,TBCD4_HUMAN,TBC1D4,,,,,
O60346,O60346;O60346-2,PHLP1_HUMAN,PHLPP1,,,,,
O60427,O60427,FADS1_HUMAN,FADS1,,,,,
O60437,O60437,PEPL_HUMAN,PPL,,,8352.075,34848.3,2025580.0
O60447;O60447-2,O60447;O60447-2,EVI5_HUMAN,EVI5,,,,,
O60449-2;O60449-3,O60449;O60449-2;O60449-3,LY75_HUMAN,LY75,,,,13406.5,41841.14999999999
O60462;O60462-2;O60462-3;O60462-4;O60462-5,O60462;O60462-2;O60462-3;O60462-4;O60462-5;O60462-6,NRP2_HUMAN,NRP2,3922.16,,349528.0,17843.3,4769.26
O60476,O60476,MA1A2_HUMAN,MAN1A2,,,14432.7,13883.95,3646.03
O60486,O60486,PLXC1_HUMAN,PLXNC1,,17969.3,7693.05,8112.77,
O60487,O60487,MPZL2_HUMAN,MPZL2,,,,,
O60488;O60488-2,O60488;O60488-2,ACSL4_HUMAN,ACSL4,27244.3,14814.25,24063.7,88803.2,25105.8
O60493,O60493;O60493-3;O60493-4,SNX3_HUMAN,SNX3,,,18195.9,63789.9,5980.465
O60496,O60496,DOK2_HUMAN,DOK2,,,13407.3,95775.7,21609.35
O60499,O60499;O60499-2,STX10_HUMAN,STX10,,,,14656.65,5678.16
O60502;O60502-4,O60502;O60502-2;O60502-3;O60502-4,OGA_HUMAN,OGA,4405.82,,,32586.4,
O60503,O60503,ADCY9_HUMAN,ADCY9,,,,17693.9,
O60504,O60504;O60504-2,VINEX_HUMAN,SORBS3,,,,,
O60506,O60506;O60506-4;O60506-2;O60506-3,HNRPQ_HUMAN,SYNCRIP,,,12276.15,81178.0,34849.45
O60506-4,O60506-4;O60506-3;O60506-5,HNRPQ_HUMAN,SYNCRIP,,,,,
O60507,O60507,TPST1_HUMAN,TPST1,,,19517.895,,
O60508,O60508,PRP17_HUMAN,CDC40,,,16927.55,,
O60513,O60513,B4GT4_HUMAN,B4GALT4,,,,,
O60516,O60516,4EBP3_HUMAN,EIF4EBP3,,,,,
O60518,O60518,RNBP6_HUMAN,RANBP6,,,,,
O60519,O60519,CRBL2_HUMAN,CREBL2,,,,,
O60524;O60524-3;O60524-4;O60524-5,O60524;O60524-3;O60524-4;O60524-5,NEMF_HUMAN,NEMF,,,7089.935,5631.65,7454.71
O60547;O60547-2,O60547;O60547-2,GMDS_HUMAN,GMDS,,,19393.4,17460.4,
O60551,O60551,NMT2_HUMAN,NMT2,,,,,
O60563,O60563;O60583;O60583-2,CCNT1_HUMAN,CCNT1,,,,,
O60566-3,O60566;O60566-2;O60566-3,BUB1B_HUMAN,BUB1B,,,166712.0,91628.1,
O60568,O60568,PLOD3_HUMAN,PLOD3,,,29487.4,28733.2,54570.8
O60573,O60573;O60573-2,IF4E2_HUMAN,EIF4E2,,,,12048.8,
O60603,O60603,TLR2_HUMAN,TLR2,,,4285.38,10051.0,2661.2
O60610,O60610;O60610-2;O60610-3,DIAP1_HUMAN,DIAPH1,,33572.75,152091.0,653594.0,228722.0
O60613,O60613,SEP15_HUMAN,SELENOF,,,24958.95,16347.8,46828.8
O60635,O60635,TSN1_HUMAN,TSPAN1,,,,14174.3,
O60636,O60636,TSN2_HUMAN,TSPAN2,,3946.035,32345.9,54023.1,2657.55
O60645,O60645,EXOC3_HUMAN,EXOC3,,,13819.0,71563.1,20879.0
O60664-2,O60664-2,PLIN3_HUMAN,PLIN3,,,,,
O60664;O60664-4,O60664;O60664-3;O60664-4,PLIN3_HUMAN,PLIN3,,,40264.9,64476.3,21398.4
O60667,O60667;O60667-2,FAIM3_HUMAN,FCMR,,9390.32,1662.69,1561.86,6025.21
O60669,O60669,MOT2_HUMAN,SLC16A7,,,,12265.7,6256.42
O60674,O60674,JAK2_HUMAN,JAK2,,,5702.02,25772.1,7875.535
O60675,O60675,MAFK_HUMAN,MAFK,,,,,
O60678,O60678;O60678-2,ANM3_HUMAN,PRMT3,12735.0,,,,
O60683;O60683-2,O60683;O60683-2,PEX10_HUMAN,PEX10,,,,,
O60684,O60684,IMA7_HUMAN,KPNA6,,,12244.8,36084.55,5173.2
O60701,O60701;O60701-2;O60701-3,UGDH_HUMAN,UGDH,,,7633.39,55934.5,16448.265
O60704,O60704,TPST2_HUMAN,TPST2,,56319.5,26817.3,36014.4,17586.15
O60711;O60711-2,O60711;O60711-2,LPXN_HUMAN,LPXN,,,,14828.6,
O60716-11;O60716-13;O60716-3;O60716-5,O60716;O60716-10;O60716-11;O60716-12;O60716-13;O60716-14;O60716-15;O60716-16;O60716-17;O60716-18;O60716-19;O60716-2;O60716-20;O60716-21;O60716-22;O60716-23;O60716-24;O60716-3;O60716-4;O60716-5;O60716-6;O60716-7;O60716-8;O60716-9,CTND1_HUMAN,CTNND1,20216.9,28852.2,17003.1,29911.25,29418.6
O60725,O60725,ICMT_HUMAN,ICMT,,,,,
O60733;O60733-2,O60733;O60733-2,PLPL9_HUMAN,PLA2G6,,,,,
O60739,O60739,EIF1B_HUMAN,EIF1B,,,,,
O60749,O60749;Q13596;O60749-2;Q13596-2,SNX2_HUMAN,SNX2,,,13237.8,58979.3,8480.16
O60749-2,O60749-2,SNX2_HUMAN,SNX2,,,,14219.0,
O60759,O60759;O60759-2,CYTIP_HUMAN,CYTIP,,,,,
O60762,O60762,DPM1_HUMAN,DPM1,8580.895,65558.0,26838.8,70792.6,53878.1
O60763,O60763;O60763-2,USO1_HUMAN,USO1,,,20794.5,50628.2,
O60783,O60783,RT14_HUMAN,MRPS14,,,,,
O60784,O60784;O60784-2;O60784-3;O60784-4,TOM1_HUMAN,TOM1,,,,18447.25,
O60825;O60825-2,O60825;O60825-2,F262_HUMAN,PFKFB2,,,,,
O60826,O60826,CCD22_HUMAN,CCDC22,,,14352.05,30210.4,
O60828;O60828-2;O60828-5,O60828;O60828-2;O60828-4;O60828-5,PQBP1_HUMAN,PQBP1,,,,,
O60830;O60830-2,O60830;O60830-2,TI17B_HUMAN,TIMM17B,,,,,
O60831,O60831,PRAF2_HUMAN,PRAF2,,,21271.45,35769.0,29180.15
O60832,O60832;O60832-2,DKC1_HUMAN,DKC1,62742.12,45928.9,,83682.3,
O60841,O60841,IF2P_HUMAN,EIF5B,,,14625.0,31197.05,20437.5
O60844,O60844,ZG16_HUMAN,ZG16,,,,2566.71,
O60858;O60858-3,O60858;O60858-3,TRI13_HUMAN,TRIM13,,,,9752.85,
O60861-1,O60861;O60861-1;O60861-4,GAS7_HUMAN,GAS7,,,,734.978,
O60869,O60869;O60869-2;O60869-3,EDF1_HUMAN,EDF1,,,,,
O60870,O60870;O60870-2,KIN17_HUMAN,KIN,,,,,
O60879-2,O60879;O60879-2;O60879-3,DIAP2_HUMAN,DIAPH2,,,,18387.2,11072.155
O60880;O60880-4,O60880;O60880-4,SH21A_HUMAN,SH2D1A,,,,,
O60884,O60884,DNJA2_HUMAN,DNAJA2,24938.0,,18290.3,26963.85,16873.0
O60885,O60885,BRD4_HUMAN,BRD4,,,3412.36,11458.525,
O60888;O60888-2;O60888-3,O60888;O60888-2;O60888-3,CUTA_HUMAN,CUTA,10177.1,940572.0,115981.0,66937.4,5350.485000000001
O60890,O60890,OPHN1_HUMAN,OPHN1,,,29034.4,22415.4,
O60906,O60906,NSMA_HUMAN,SMPD2,,,,,
O60907-2,O60907;O60907-2,TBL1X_HUMAN,TBL1X,,,,66431.6,
O60911,O60911,CATL2_HUMAN,CTSV,,,,38347.55,
O60921;O60921-2,O60921;O60921-2,HUS1_HUMAN,HUS1,,,,,
O60925,O60925,PFD1_HUMAN,PFDN1,,,6120.799999999999,28625.9,
O60927,O60927,PP1RB_HUMAN,PPP1R11,,12192.8,,,
O60930,O60930,RNH1_HUMAN,RNASEH1,,,,,
O60934,O60934,NBN_HUMAN,NBN,,,,51978.3,4142.975
O60936;O60936-3,O60936;O60936-3,NOL3_HUMAN,NOL3,,,27001.5,50436.6,
O60942,O60942;O60942-2;O60942-3;O60942-4,MCE1_HUMAN,RNGTT,,,,,
O75015,O75015,FCG3B_HUMAN,FCGR3B,8747.38,1195720.0,7363.445,21011.7,2046.553
O75022;O75022-2,O75022;O75022-2;O75022-3,LIRB3_HUMAN,LILRB3,,,,3156.295,
O75023;O75023-3,O75023;O75023-2;O75023-3,LIRB5_HUMAN,LILRB5,2754.36,35705.1,,,
O75027;O75027-2,O75027;O75027-2;O75027-3,ABCB7_HUMAN,ABCB7,,,,17053.4,6652.514999999999
O75037;O75037-2;O75037-3;O75037-4,O75037;O75037-2;O75037-3;O75037-4,KI21B_HUMAN,KIF21B,,,,18511.5,
O75038;O75038-2;O75038-3;O75038-4,O75038;O75038-2;O75038-3;O75038-4;O75038-5,PLCH2_HUMAN,PLCH2,,,,,
O75044,O75044;Q7Z6B7;Q7Z6B7-2,SRGP2_HUMAN,SRGAP2,,,63557.9,24280.0,16724.6
O75052;O75052-3,O75052;O75052-2;O75052-3,CAPON_HUMAN,NOS1AP,,,,,
O75054,O75054;O75054-2,IGSF3_HUMAN,IGSF3,,,,,
O75061;O75061-2;O75061-4,O75061;O75061-2;O75061-3;O75061-4,AUXI_HUMAN,DNAJC6,,,,17801.43,3166.06
O75063,O75063,XYLK_HUMAN,FAM20B,,,5779.36,12050.285,19629.3
O75064,O75064,DEN4B_HUMAN,DENND4B,,,22783.55,12254.6,
O75069;O75069-2;O75069-3;O75069-5,O75069;O75069-2;O75069-3;O75069-5,TMCC2_HUMAN,TMCC2,,,8002.33,21221.7,10921.15
O75071,O75071,EFC14_HUMAN,EFCAB14,,,,,
O75081,O75081;O75081-2;O75081-4,MTG16_HUMAN,CBFA2T3,,,,,
O75083,O75083;O75083-3,WDR1_HUMAN,WDR1,11254.3,6316.49,624043.0,1781390.0,94140.3
O75093,O75093,SLIT1_HUMAN,SLIT1,75638.6,,10519500.0,3507740.0,11416100.0
O75096,O75096,LRP4_HUMAN,LRP4,,,,,
O75112;O75112-2;O75112-7,O75112;O75112-2;O75112-4;O75112-6;O75112-5;O75112-7,LDB3_HUMAN,LDB3,,21096.8,,,
O75113,O75113,N4BP1_HUMAN,N4BP1,,,,5106.7,
O75116,O75116,ROCK2_HUMAN,ROCK2,,280885.0,60845.3,215734.0,73708.5
O75121,O75121;O75121-2,MFA3L_HUMAN,MFAP3L,,1032.38,,,
O75122,O75122;O75122-3,CLAP2_HUMAN,CLASP2,3319.47,,15659.7,17570.8,30732.2
O75122-3,O75122-3,CLAP2_HUMAN,CLASP2,,,26400.7,,
O75127,O75127,PTCD1_HUMAN,PTCD1,18995.9,19980.2,,54125.9,9209.145
O75131,O75131,CPNE3_HUMAN,CPNE3,5454.32,,14323.5,37627.0,10561.1
O75140;O75140-1;O75140-4;O75140-8;O75140-9,O75140;O75140-1;O75140-4;O75140-8;O75140-9,DEPD5_HUMAN,DEPDC5,,,,,
O75143;O75143-2;O75143-3;O75143-5,O75143;O75143-2;O75143-3;O75143-4;O75143-5,ATG13_HUMAN,ATG13,652.07,,,,
O75144;O75144-2,O75144;O75144-2,ICOSL_HUMAN,ICOSLG,16505.9,3487390.0,38076.0,10437.01,5860.335
O75145;O75145-2,O75145;O75145-2,LIPA3_HUMAN,PPFIA3,,,,,
O75146,O75146;O75146-2,HIP1R_HUMAN,HIP1R,,85441.8,,,
O75147,O75147;O75147-1;O75147-2;O75147-4,OBSL1_HUMAN,OBSL1,,,,,
O75150,O75150;O75150-3;O75150-4,BRE1B_HUMAN,RNF40,,,,941.126,102031.0
O75151,O75151,PHF2_HUMAN,PHF2,,,,,
O75152,O75152;A0A1B0GTU1;P0DQW0,ZC11A_HUMAN,ZC3H11A,,,34935.25,16365.3,
O75153,O75153,CLU_HUMAN,CLUH,,,,2838.04,
O75154;O75154-3,O75154;O75154-2;O75154-3,RFIP3_HUMAN,RAB11FIP3,,,14790.75,34453.7,48047.7
O75155,O75155;O75155-2,CAND2_HUMAN,CAND2,,,3225.83,257370.0,70119.0
O75157;O75157-2,O75157;O75157-2,T22D2_HUMAN,TSC22D2,,,4496.23,85116.9,
O75164,O75164,KDM4A_HUMAN,KDM4A,,,,,
O75165,O75165,DJC13_HUMAN,DNAJC13,10979.3,25473.7,6304.805,26352.6,18640.78
O75167-2;O75167-4,O75167;O75167-2;O75167-4;O75167-5,PHAR2_HUMAN,PHACTR2,,,7171.84,4293.08,
O75170-3;O75170-4;O75170-5,O75170;O75170-2;O75170-3;O75170-4;O75170-5;O75170-6,PP6R2_HUMAN,PPP6R2,,,8121.08,22751.7,16398.4
O75175,O75175,CNOT3_HUMAN,CNOT3,,633881.0,,,
O75179;O75179-2,O75179;O75179-2;O75179-3;O75179-4;O75179-5;O75179-6,ANR17_HUMAN,ANKRD17,,,,,
O75182,O75182;O75182-2;O75182-3,SIN3B_HUMAN,SIN3B,,,,,7693.7
O75190-3,O75190;O75190-2;O75190-3,DNJB6_HUMAN,DNAJB6,,,,41342.6,
O75190-4,O75190;O75190-4,DNJB6_HUMAN,DNAJB6,,,,,
O75191,O75191;O75191-2,XYLB_HUMAN,XYLB,,,,,
O75208,O75208;O75208-2,COQ9_HUMAN,COQ9,,,,,
O75223,O75223;O75223-3,GGCT_HUMAN,GGCT,,39555.0,21733.9,20341.4,9092.325
O75251-2,O75251;O75251-2,NDUS7_HUMAN,NDUFS7,,,10197.0,39787.64999999999,14005.95
O75264,O75264,SIM24_HUMAN,SMIM24,,,,4580.06,
O75298,O75298;O75298-2;O75298-3,RTN2_HUMAN,RTN2,,,11575.9,41284.5,14454.6
O75306,O75306;O75306-2,NDUS2_HUMAN,NDUFS2,,,12519.01,40645.4,19615.9
O75309,O75309;O75309-3,CAD16_HUMAN,CDH16,8363.744999999999,,15607.4,,
O75312,O75312,ZPR1_HUMAN,ZPR1,,,12975.8,5474.505,
O75317,O75317,UBP12_HUMAN,USP12,,,5874.46,11640.8,
O75319,O75319,DUS11_HUMAN,DUSP11,,,,,
O75323,O75323,NIPS2_HUMAN,NIPSNAP2,,3756.55,49224.45,44119.25,
O75324,O75324,SNN_HUMAN,SNN,,,,,1203.53
O75326,O75326;O75326-2,SEM7A_HUMAN,SEMA7A,8253.81,,23994.63,41788.7,11183.7
O75339,O75339,CILP1_HUMAN,CILP,6830.14,45832.7,121917.0,27117.4,26084.6
O75340;O75340-2,O75340;O75340-2,PDCD6_HUMAN,PDCD6,5644.110000000001,,53433.2,38072.7,16078.3
O75342,O75342,LX12B_HUMAN,ALOX12B,,10029.9,,11622.455,10624.95
O75347,O75347;O75347-2,TBCA_HUMAN,TBCA,,,7902.01,22589.6,
O75348,O75348,VATG1_HUMAN,ATP6V1G1,,,9599.02,40680.0,22317.2
O75351,O75351;Q9UN37,VPS4B_HUMAN,VPS4B,,,54149.9,127615.0,25422.6
O75352;O75352-2,O75352;O75352-2,MPU1_HUMAN,MPDU1,,,15737.8,28246.0,25301.4
O75354;O75354-2;O75354-3,O75354;O75354-2;O75354-3,ENTP6_HUMAN,ENTPD6,,,,13877.7,
O75356,O75356,ENTP5_HUMAN,ENTPD5,4184.28,,31302.5,51204.7,12028.7
O75362,O75362,ZN217_HUMAN,ZNF217,,,,,
O75363,O75363;O75363-2,BCAS1_HUMAN,BCAS1,,,3844.41,,
O75365,O75365;O75365-3,TP4A3_HUMAN,PTP4A3,,,,2732.35,
O75366-2,O75366;O75366-2,AVIL_HUMAN,AVIL,28289.4,,,,
O75367-1;O75367-3,O75367;O75367-1;O75367-3,H2AY_HUMAN,MACROH2A1,53751.4,,6476.68,,13828.2
O75368,O75368,SH3L1_HUMAN,SH3BGRL,2401.195,72754.9,33803.6,106265.0,558276.5
O75369-8,O75369;O75369-2;O75369-3;O75369-6;O75369-4;O75369-5;O75369-7;O75369-8;O75369-9,FLNB_HUMAN,FLNB,,369821.0,24698.6,14264.6,14680.2
O75376,O75376;O75376-2,NCOR1_HUMAN,NCOR1,,149244.5,52351.75,181121.0,73771.05
O75379;O75379-2,O75379;O75379-2,VAMP4_HUMAN,VAMP4,,,,13581.5,4454.505
O75380,O75380,NDUS6_HUMAN,NDUFS6,,,10628.8,19851.6,
O75381;O75381-2,O75381;O75381-2,PEX14_HUMAN,PEX14,,,4246.975,23995.0,915.761
O75382;O75382-2,O75382;O75382-2;O75382-4,TRIM3_HUMAN,TRIM3,,,,,
O75385,O75385,ULK1_HUMAN,ULK1,,,,,
O75387,O75387;O75387-2,LAT3_HUMAN,SLC43A1,,,3651.42,10770.85,2816.21
O75390,O75390,CISY_HUMAN,CS,,,128440.0,335180.0,55225.6
O75391,O75391,SPAG7_HUMAN,SPAG7,,,,,
O75394,O75394,RM33_HUMAN,MRPL33,,,,,
O75396,O75396,SC22B_HUMAN,SEC22B,,,36769.4,169548.0,64562.85
O75398;O75398-3;O75398-4;O75398-5,O75398;O75398-3;O75398-4;O75398-5,DEAF1_HUMAN,DEAF1,,,,,
O75400;O75400-2,O75400;O75400-2;O75400-3,PR40A_HUMAN,PRPF40A,,,125847.0,30583.3,145186.5
O75410;O75410-2;O75410-7;O75410-9,O75410;O95359;O75410-5;O75410-7;O75410-10;O75410-2;O75410-3;O75410-4;O75410-6;O75410-9;O95359-1;O95359-2;O95359-3;O95359-5;O95359-6,TACC1_HUMAN,TACC1,,275933.0,14888.3,38695.15,9304.37
O75414,O75414;O75414-2,NDK6_HUMAN,NME6,,,,117871.0,
O75419;O75419-3,O75419;O75419-2;O75419-3,CDC45_HUMAN,CDC45,,,,,
O75420,O75420,GGYF1_HUMAN,GIGYF1,,,,,
O75425,O75425;O75425-2;O75425-3;O75425-4,MSPD3_HUMAN,MOSPD3,,,,,1004.46
O75427,O75427,LRCH4_HUMAN,LRCH4,,153753.0,,20845.2,
O75431,O75431;O75431-2,MTX2_HUMAN,MTX2,,,,31347.5,
O75436,O75436,VP26A_HUMAN,VPS26A,,,,35671.85,58928.4
O75438,O75438,NDUB1_HUMAN,NDUFB1,,,7445.33,48241.85,13786.4
O75439,O75439,MPPB_HUMAN,PMPCB,,,,22819.2,15336.0
O75446,O75446,SAP30_HUMAN,SAP30,,,,,
O75448;O75448-2,O75448;O75448-2,MED24_HUMAN,MED24,,,,,
O75449,O75449,KTNA1_HUMAN,KATNA1,,,,,1418.9
O75460,O75460,ERN1_HUMAN,ERN1,,,,,
O75467,O75467;Q6AW86,Z324A_HUMAN,ZNF324,,,47778.3,103728.0,26617.3
O75475,O75475,PSIP1_HUMAN,PSIP1,,,108324.0,,3371.97
O75477,O75477,ERLN1_HUMAN,ERLIN1,,,,14542.4,17893.44
O75486,O75486;O75486-4,SUPT3_HUMAN,SUPT3H,,,,,
O75487;O75487-2,O75487;O75487-2,GPC4_HUMAN,GPC4,,,20465.8,11407.475,
O75489,O75489,NDUS3_HUMAN,NDUFS3,,,50097.7,67590.9,
O75494;O75494-2;O75494-3;O75494-4;O75494-5;O75494-6,O75494;O75494-2;O75494-3;O75494-4;O75494-5;O75494-6,SRS10_HUMAN,SRSF10,,,,,
O75503,O75503,CLN5_HUMAN,CLN5,,7190.54,,,
O75506,O75506,HSBP1_HUMAN,HSBP1,,,,19528.45,
O75509,O75509,TNR21_HUMAN,TNFRSF21,775.93,242520.0,21624.7,,
O75521;O75521-2,O75521;O75521-2,ECI2_HUMAN,ECI2,,,23433.3,19344.6,5780.115
O75528;O75528-2,O75528;O75528-2,TADA3_HUMAN,TADA3,,,,,
O75529,O75529;O75529-2,TAF5L_HUMAN,TAF5L,,,,,
O75530;O75530-3,O75530;O75530-2;O75530-3,EED_HUMAN,EED,,,,,184175.0
O75531,O75531,BAF_HUMAN,BANF1,,,7732.83,42722.4,
O75533,O75533,SF3B1_HUMAN,SF3B1,,4324860.0,1492330.0,323103.225,2231.22
O75534;O75534-4,O75534;O75534-2;O75534-3;O75534-4,CSDE1_HUMAN,CSDE1,,,8304.95,19913.85,
O75554;O75554-2,O75554;O75554-2,WBP4_HUMAN,WBP4,,,,,
O75558,O75558,STX11_HUMAN,STX11,,,55926.2,261989.0,54735.7
O75563,O75563,SKAP2_HUMAN,SKAP2,,,75151.7,268052.0,69762.6
O75569,O75569;O75569-2;O75569-3,PRKRA_HUMAN,PRKRA,,,,43910.0,31763.5
O75570,O75570;O75570-2,RF1M_HUMAN,MTRF1,,,,,
O75575,O75575;O75575-2;O75575-3;O75575-4,RPC9_HUMAN,CRCP,,,,,
O75582,O75582;O75582-2,KS6A5_HUMAN,RPS6KA5,,,,14229.305,
O75586,O75586;O75586-3,MED6_HUMAN,MED6,,,,,
O75592;O75592-2,O75592;O75592-2,MYCB2_HUMAN,MYCBP2,,74114.9,12781.3,33824.4,15227.9
O75594,O75594,PGRP1_HUMAN,PGLYRP1,6381.52,40700.3,25043.0,26289.7,
O75604-3,O75604;O75604-3;O75604-2;O75604-4,UBP2_HUMAN,USP2,,,,,
O75607,O75607,NPM3_HUMAN,NPM3,4905.79,665291.0,,,
O75608;O75608-2,O75608;O75608-2,LYPA1_HUMAN,LYPLA1,,,41647.7,69380.4,14747.535
O75616,O75616;O75616-2,ERAL1_HUMAN,ERAL1,,,,,
O75629,O75629,CREG1_HUMAN,CREG1,,,,,
O75635-2,O75635;O75635-2,SPB7_HUMAN,SERPINB7,,,,31171.2,
O75636,O75636;O75636-2,FCN3_HUMAN,FCN3,230925.0,112338.5,88170.9,671211.0,533563.0
O75643,O75643,U520_HUMAN,SNRNP200,4887.4,,10906.2,15364.455,180424.0
O75648,O75648;O75648-2;O75648-3;O75648-4,MTU1_HUMAN,TRMU,,,,,
O75663,O75663;O75663-2,TIPRL_HUMAN,TIPRL,,,12884.0,51148.14999999999,8400.494999999999
O75665;O75665-3,O75665;O75665-3,OFD1_HUMAN,OFD1,,,,25016.4,46530.45
O75674;O75674-2,O75674;O75674-2;O75674-3,TM1L1_HUMAN,TOM1L1,,,6544.92,21295.65,
O75676;O75676-2,O75676;O75676-2,KS6A4_HUMAN,RPS6KA4,,,,415599.0,293198.195
O75683,O75683,SURF6_HUMAN,SURF6,,,,,
O75688,O75688;O75688-2;O75688-3;O75688-4,PPM1B_HUMAN,PPM1B,,,,13994.2,
O75689,O75689;O75689-2;O75689-3,ADAP1_HUMAN,ADAP1,,,,,
O75691,O75691,UTP20_HUMAN,UTP20,,,,11351.7,10488.2
O75694,O75694;O75694-2,NU155_HUMAN,NUP155,,,,6377.4,
O75695,O75695,XRP2_HUMAN,RP2,,,28767.3,149982.0,15607.3
O75716,O75716,STK16_HUMAN,STK16,,,,,
O75717,O75717;O75717-2,WDHD1_HUMAN,WDHD1,,127982.0,110650.0,,219428.0
O75718,O75718,CRTAP_HUMAN,CRTAP,,,14852.15,32873.45,
O75746,O75746,S2512_HUMAN,SLC25A12,,,5040.405,26235.5,10314.6
O75764,O75764;O75764-2,TCEA3_HUMAN,TCEA3,,,,,
O75771-8,O75771;O75771-3;O75771-4;O75771-5;O75771-8,RA51D_HUMAN,RAD51D,,,,,
O75787;O75787-2,O75787;O75787-2,RENR_HUMAN,ATP6AP2,,,44049.39999999999,14320.9,5034.69
O75791,O75791;O75791-2,GRAP2_HUMAN,GRAP2,,,28977.7,100932.0,
O75792,O75792,RNH2A_HUMAN,RNASEH2A,,,,11767.305,
O75794,O75794,CD123_HUMAN,CDC123,,,,,
O75795,O75795;P54855,UDB17_HUMAN,UGT2B17,,21648.0,,11580.3,3601.6
O75808,O75808,CAN15_HUMAN,CAPN15,,,,,
O75817,O75817,POP7_HUMAN,POP7,,,,,
O75818;O75818-2,O75818;O75818-2,RPP40_HUMAN,RPP40,,,10000.4,,
O75821,O75821,EIF3G_HUMAN,EIF3G,,,21200.9,21480.35,
O75822,O75822;O75822-2;O75822-3,EIF3J_HUMAN,EIF3J,,,28457.7,53869.95,33436.5
O75828,O75828,CBR3_HUMAN,CBR3,114006.0,,408596.0,632411.0,136825.5
O75832,O75832;O75832-2,PSD10_HUMAN,PSMD10,,,9744.82,33346.75,10370.6
O75843,O75843,AP1G2_HUMAN,AP1G2,,,25683.3,12738.15,
O75844,O75844,FACE1_HUMAN,ZMPSTE24,,,7391.754999999999,25684.45,14417.9
O75864,O75864;O75864-2,PPR37_HUMAN,PPP1R37,,,,,
O75865;O75865-2,O75865;O75865-2,TPC6A_HUMAN,TRAPPC6A,,,,,
O75874,O75874,IDHC_HUMAN,IDH1,1937.79,,41204.55,130583.0,22840.4
O75879,O75879,GATB_HUMAN,GATB,,,,,
O75880,O75880,SCO1_HUMAN,SCO1,,,,,
O75882,O75882;O75882-2;O75882-3,ATRN_HUMAN,ATRN,299124.0,12518100.0,95290.2,44770.3,50239.6
O75882-3,O75882-2;O75882-3,ATRN_HUMAN,ATRN,,25216.7,,,
O75886,O75886;O75886-2,STAM2_HUMAN,STAM2,,,34168.85,30942.65,
O75891;O75891-3,O75891;O75891-2;O75891-3,AL1L1_HUMAN,ALDH1L1,,,2473.11,,
O75907,O75907,DGAT1_HUMAN,DGAT1,,,,,
O75909;O75909-4,O75909;O75909-2;O75909-1;O75909-4,CCNK_HUMAN,CCNK,,,,,
O75915,O75915,PRAF3_HUMAN,ARL6IP5,,,154598.0,518869.0,245646.0
O75923;O75923-10;O75923-14;O75923-2;O75923-4;O75923-8,O75923;O75923-13;O75923-10;O75923-11;O75923-12;O75923-14;O75923-15;O75923-2;O75923-3;O75923-4;O75923-5;O75923-6;O75923-7;O75923-8;O75923-9,DYSF_HUMAN,DYSF,,,3507.89,15021.2,
O75925-2,O75925;O75925-2,PIAS1_HUMAN,PIAS1,,,,,
O75928;O75928-2;O75928-3,O75928;O75928-2;O75928-3,PIAS2_HUMAN,PIAS2,,,,,
O75934,O75934,SPF27_HUMAN,BCAS2,,,,,
O75935;O75935-3,O75935;O75935-2;O75935-3,DCTN3_HUMAN,DCTN3,,,21690.0,50683.8,
O75936,O75936,BODG_HUMAN,BBOX1,,,,,
O75937,O75937,DNJC8_HUMAN,DNAJC8,,,,,13892.5
O75940,O75940,SPF30_HUMAN,SMNDC1,,,,,
O75943;O75943-2,O75943;O75943-2;O75943-3;O75943-4,RAD17_HUMAN,RAD17,,,,,
O75947,O75947,ATP5H_HUMAN,ATP5PD,,,47896.5,145568.0,46616.55
O75954,O75954,TSN9_HUMAN,TSPAN9,4340.6,,70736.8,272650.0,44143.5
O75955,O75955;O75955-2,FLOT1_HUMAN,FLOT1,123868.755,9513.14,68194.4,382277.0,44749.7
O75962,O75962;O75962-2;O75962-4;O75962-5,TRIO_HUMAN,TRIO,,,,,
O75964,O75964,ATP5L_HUMAN,ATP5MG,,,35709.7,185886.0,36873.2
O75976,O75976;O75976-2,CBPD_HUMAN,CPD,1767.61,,,,
O75995,O75995,SASH3_HUMAN,SASH3,,,4732.325,10472.1,9508.96
O76003,O76003,GLRX3_HUMAN,GLRX3,,,38342.95,90388.5,
O76011,O76011,KRT34_HUMAN,KRT34,17505.3,,,54857.5,23933.4
O76013,O76013,KRT36_HUMAN,KRT36,,,,18107.5,15280.6
O76021,O76021,RL1D1_HUMAN,RSL1D1,11249.8,,5165.55,,20548.4
O76024,O76024,WFS1_HUMAN,WFS1,,,,,
O76031,O76031,CLPX_HUMAN,CLPX,610.2145,,102516.0,2497.74,2067.0
O76038,O76038,SEGN_HUMAN,SCGN,,,14332.1,,
O76039,O76039;O76039-1,CDKL5_HUMAN,CDKL5,,,,,
O76041-2,O76041-2,NEBL_HUMAN,NEBL,,,,6789.95,
O76054,O76054;O76054-4;O76054-5,S14L2_HUMAN,SEC14L2,,,,,
O76061,O76061,STC2_HUMAN,STC2,3120.7,12028.6,12392.6,16662.8,7873.62
O76062,O76062;O76062-2,ERG24_HUMAN,TM7SF2,,,,,
O76070,O76070,SYUG_HUMAN,SNCG,,18656.8,1536.11,,
O76071,O76071,CIAO1_HUMAN,CIAO1,205585.0,,7362.13,9089.24,
O76074,O76074;O76074-2,PDE5A_HUMAN,PDE5A,,,52910.0,176570.0,22916.4
O76075,O76075,DFFB_HUMAN,DFFB,,,,,8182.52
O76076,O76076,CCN5_HUMAN,CCN5,4194.9,,5378.33,14817.1,12617.8
O76094,O76094;O76094-2,SRP72_HUMAN,SRP72,,56954.2,72464.1,3168.03,39662.7
O76095;O76095-2,O76095;O76095-2,JTB_HUMAN,JTB,,,,,
O76096,O76096,CYTF_HUMAN,CST7,,155143.04,17067.8,,5671.23
O94759;O94759-2,O94759;O94759-2;O94759-3,TRPM2_HUMAN,TRPM2,,,,,
O94760,O94760,DDAH1_HUMAN,DDAH1,,,,,
O94762,O94762;O94762-2;O94762-3;O94762-4,RECQ5_HUMAN,RECQL5,,,,,
O94763-4,O94763;O94763-2;O94763-3;O94763-4,RMP_HUMAN,URI1,,,,,
O94766;O94766-2,O94766;O94766-2,B3GA3_HUMAN,B3GAT3,,,,34897.45,12073.3
O94768,O94768,ST17B_HUMAN,STK17B,,,2264.16,,
O94769,O94769;O94769-2,ECM2_HUMAN,ECM2,1182.025,,214059.0,12576.5,164628.0
O94772,O94772;O94772-2,LY6H_HUMAN,LY6H,,8078.57,,,
O94776,O94776;O94776-2,MTA2_HUMAN,MTA2,,48842.2,376351.0,,
O94782,O94782,UBP1_HUMAN,USP1,,,,,
O94804,O94804,STK10_HUMAN,STK10,,,32897.3,97877.1,44363.0
O94806,O94806;Q15139;O94806-2,KPCD3_HUMAN,PRKD3,,,,,
O94808,O94808,GFPT2_HUMAN,GFPT2,,,,,
O94811,O94811,TPPP_HUMAN,TPPP,,4934.9,5482.52,,
O94813;O94813-2;O94813-3,O94813;O94813-2;O94813-3,SLIT2_HUMAN,SLIT2,,,3544.93,13160.1,4424.49
O94817,O94817,ATG12_HUMAN,ATG12,,,,8394.59,
O94819,O94819,KBTBB_HUMAN,KBTBD11,,,3993.93,,
O94822;O94822-3,O94822;O94822-3,LTN1_HUMAN,LTN1,,,,20269.15,
O94826,O94826,TOM70_HUMAN,TOMM70,181181.0,,8407.13,24120.15,17963.8
O94829,O94829,IPO13_HUMAN,IPO13,,,,,
O94830,O94830,DDHD2_HUMAN,DDHD2,92219.9,,,47057.0,
O94832,O94832,MYO1D_HUMAN,MYO1D,,,,14037.2,
O94842;O94842-2;O94842-3,O94842;O94842-2;O94842-3,TOX4_HUMAN,TOX4,,,,17517.1,
O94851,O94851,MICA2_HUMAN,MICAL2,3742.95,,10081.2,15173.9,
O94851-2;O94851-4;O94851-6,O94851-2;O94851-4;O94851-6,MICA2_HUMAN,MICAL2,,,,,
O94855;O94855-2,O94855;O94855-2,SC24D_HUMAN,SEC24D,,,9758.43,35244.7,
O94856;O94856-11;O94856-13;O94856-6;O94856-7,O94856;O94856-10;O94856-11;O94856-12;O94856-13;O94856-3;O94856-4;O94856-5;O94856-6;O94856-7;O94856-8;O94856-9,NFASC_HUMAN,NFASC,733.251,495398.0,,,
O94864;O94864-2,O94864;O94864-2,ST65G_HUMAN,SUPT7L,,,,,
O94868;O94868-2,O94868;O94868-3;O94868-2,FCSD2_HUMAN,FCHSD2,,,17140.6,,
O94874,O94874;O94874-2;O94874-3,UFL1_HUMAN,UFL1,,21344.8,19773.9,56154.5,35251.89999999999
O94875;O94875-11;O94875-7,O94875;O94875-10;O94875-11;O94875-12;O94875-2;O94875-3;O94875-4;O94875-5;O94875-7;O94875-8;O94875-9,SRBS2_HUMAN,SORBS2,,24580.5,,,
O94876;O94876-2,O94876;O94876-2,TMCC1_HUMAN,TMCC1,,,,,
O94880,O94880;O94880-1;O94880-2,PHF14_HUMAN,PHF14,,,,6333.79,
O94885,O94885,SASH1_HUMAN,SASH1,,,,,
O94886,O94886,CSCL1_HUMAN,TMEM63A,48356.7,,28688.0,114324.0,37678.10000000001
O94887;O94887-2;O94887-3,O94887;O94887-2;O94887-3,FARP2_HUMAN,FARP2,,,,,
O94888,O94888,UBXN7_HUMAN,UBXN7,,,,,
O94889,O94889;O94889-2,KLH18_HUMAN,KLHL18,,,,19909.2,
O94900,O15405;O94842;O94900;Q96NM4;Q96NM4-3;O15405-2;O94842-2;O94842-3;Q96NM4-2;Q96NM4-4,TOX_HUMAN,TOX,,,,,
O94901-9,O94901;O94901-9;O94901-5;O94901-6,SUN1_HUMAN,SUN1,,,12761.3,,
O94903,O94903,PLPHP_HUMAN,PLPBP,,,2593.18,17628.55,
O94905,O94905,ERLN2_HUMAN,ERLIN2,,,18036.4,41337.4,20062.0
O94906,O94906;O94906-2,PRP6_HUMAN,PRPF6,,,45707.7,39731.6,18776.3
O94907,O94907,DKK1_HUMAN,DKK1,,,,7326.16,7805.355
O94913,O94913,PCF11_HUMAN,PCF11,,,,,7400.73
O94915,O94915,FRYL_HUMAN,FRYL,,,8361.99,16662.2,3771.88
O94915-2,O94915-2,FRYL_HUMAN,FRYL,,,,7707.28,
O94916;O94916-2;O94916-5,O94916;O94916-2;O94916-4;O94916-5,NFAT5_HUMAN,NFAT5,,,5259.58,7064.37,
O94919,O94919,ENDD1_HUMAN,ENDOD1,1829.75,,75646.6,423388.0,101856.0
O94921,O94921;O94921-2;O94921-3,CDK14_HUMAN,CDK14,,,,30854.2,
O94923,O94923,GLCE_HUMAN,GLCE,621.072,,6802.54,29044.75,5917.15
O94925,O94925;O94925-3,GLSK_HUMAN,GLS,,,,53521.25,12784.4
O94925-3,O94925-3,GLSK_HUMAN,GLS,,,,3871.57,
O94927,O94927,HAUS5_HUMAN,HAUS5,,,,,
O94929-3,O94929-2;O94929-3,ABLM3_HUMAN,ABLIM3,,,10980.1,25863.0,8747.5
O94952;O94952-1,O94952;O94952-1,FBX21_HUMAN,FBXO21,,,,,
O94953,O94953,KDM4B_HUMAN,KDM4B,,,,,
O94966-6,O94966;O94966-2;O94966-3;O94966-4;O94966-5;O94966-6;O94966-7,UBP19_HUMAN,USP19,,,,8279.18,
O94967;O94967-2;O94967-3;O94967-4,O94967;O94967-2;O94967-3;O94967-4,WDR47_HUMAN,WDR47,,15222.7,,8191.4,
O94973,O94973;O94973-2;O94973-3,AP2A2_HUMAN,AP2A2,,98787.65,15661.0,29518.3,65473.6
O94979,O94979;O94979-10;O94979-2;O94979-3;O94979-4;O94979-5;O94979-6;O94979-7;O94979-8;O94979-9,SC31A_HUMAN,SEC31A,,,16697.95,48736.7,6576.39
O94983-4;O94983-6,O94983;O94983-2;O94983-3;O94983-4;O94983-6,CMTA2_HUMAN,CAMTA2,,,,,
O94985-2,O94985;O94985-2,CSTN1_HUMAN,CLSTN1,6823.07,3779.73,163987.0,11820.5,4940.94
O94986;O94986-1;O94986-2;O94986-3,O94986;O94986-1;O94986-2;O94986-3,CE152_HUMAN,CEP152,,,,,
O94992,O94992,HEXI1_HUMAN,HEXIM1,,,,,3433.41
O95049;O95049-3;O95049-4;O95049-5,O95049;O95049-3;O95049-4;O95049-5,ZO3_HUMAN,TJP3,,,,,
O95059,O95059,RPP14_HUMAN,RPP14,,,,,
O95070,O95070,YIF1A_HUMAN,YIF1A,,,,,
O95071;O95071-2,O95071;O95071-2,UBR5_HUMAN,UBR5,,,,,
O95081,O95081;O95081-2,AGFG2_HUMAN,AGFG2,,,20214.8,10399.8,
O95084,O95084;O95084-2,PRS23_HUMAN,PRSS23,,154901.0,11309.9,,2934.415
O95104,O95104;Q9UPN6;O95104-2;O95104-3;Q9UPN6-2,SCAF4_HUMAN,SCAF4,,,120959.0,4550.05,
O95136,O95136,S1PR2_HUMAN,S1PR2,,,2538.74,,
O95139,O95139,NDUB6_HUMAN,NDUFB6,,,,66333.4,
O95140,O95140,MFN2_HUMAN,MFN2,,,,17985.6,8872.7
O95147,O95147,DUS14_HUMAN,DUSP14,,,,,
O95149,O95149,SPN1_HUMAN,SNUPN,,,,,
O95154,O95154;Q8NHP1;Q8NHP1-3,ARK73_HUMAN,AKR7A3,,,,,
O95155;O95155-2;O95155-4,O95155;O95155-2;O95155-3;O95155-4,UBE4B_HUMAN,UBE4B,,58223.9,,18806.5,
O95159,O95159,ZFPL1_HUMAN,ZFPL1,,,18068.75,18081.6,
O95163,O95163,ELP1_HUMAN,ELP1,26709.8,,6963.49,10973.8,42869.9
O95164,O95164,UBL3_HUMAN,UBL3,,,10721.5,28325.46,
O95167,O95167,NDUA3_HUMAN,NDUFA3,,,7818.17,17428.2,
O95168,O95168;O95168-2,NDUB4_HUMAN,NDUFB4,,,4200.625,22887.55,9933.455
O95169;O95169-3,O95169;O95169-2;O95169-3,NDUB8_HUMAN,NDUFB8,,,18929.6,35982.75,8619.23
O95171-2,O95171;O95171-2;O95171-3,SCEL_HUMAN,SCEL,,,,,
O95182,O95182,NDUA7_HUMAN,NDUFA7,,,,13810.6,
O95183,O95183,VAMP5_HUMAN,VAMP5,,,10149.8,47278.10000000001,33869.35
O95196;O95196-2,O95196;O95196-2,CSPG5_HUMAN,CSPG5,,62946.1,36227.3,7640.76,
O95197;O95197-2;O95197-7,O95197;O95197-3;O95197-2;O95197-4;O95197-7,RTN3_HUMAN,RTN3,,,,6006.8,2595.51
O95199;O95199-2,O95199;O95199-2,RCBT2_HUMAN,RCBTB2,,,,,
O95202,O95202,LETM1_HUMAN,LETM1,,,10245.82,20775.6,8220.23
O95208;O95208-2;O95208-3,O95208;O95208-2;O95208-3;O95208-5,EPN2_HUMAN,EPN2,,,,,
O95210,O95210,STBD1_HUMAN,STBD1,,,5492.55,14290.3,1431.08
O95214;O95214-2,O95214;O95214-2,LERL1_HUMAN,LEPROTL1,,,,,
O95218;O95218-2,O95218;O95218-2,ZRAB2_HUMAN,ZRANB2,,,,48685.6,41207.7
O95219,O95219,SNX4_HUMAN,SNX4,16749.1,,10617.95,14385.35,
O95232,O95232,LC7L3_HUMAN,LUC7L3,,,,,
O95236;O95236-2,O95236;O95236-2,APOL3_HUMAN,APOL3,,,,3629.23,
O95239,O95239;Q2VIQ3;O95239-2,KIF4A_HUMAN,KIF4A,,,,,
O95243;O95243-2;O95243-3;O95243-5,O95243;O95243-2;O95243-3;O95243-5;O95243-6,MBD4_HUMAN,MBD4,,,,,
O95248;O95248-4;O95248-5,O95248;O95248-4;O95248-5,MTMR5_HUMAN,SBF1,,,9729.69,13170.85,
O95249,O95249,GOSR1_HUMAN,GOSR1,,,,48332.4,
O95251;O95251-4,O95251;O95251-2;O95251-4,KAT7_HUMAN,KAT7,,,,,
O95260,O95260,ATE1_HUMAN,ATE1,,,25412.195,20576.4,10939.15
O95260-2,O95260-2,ATE1_HUMAN,ATE1,380498.0,,31029.75,53208.3,30926.9
O95267;O95267-2,O95267;O95267-2;O95267-3;O95267-4;O95267-5,GRP1_HUMAN,RASGRP1,,,,,
O95271,O95271;O95271-2,TNKS1_HUMAN,TNKS,,,,,
O95273,O95273;O95273-2,CCDB1_HUMAN,CCNDBP1,,,6708.21,10759.5,
O95274,O95274,LYPD3_HUMAN,LYPD3,426.668,90768.9,,5760.64,
O95292,O95292;O95292-2,VAPB_HUMAN,VAPB,,,10327.315,61129.8,14927.6
O95294-3;O95294-4,O95294;O95294-2;O95294-3;O95294-4,RASL1_HUMAN,RASAL1,,,5525.56,,
O95295,O95295,SNAPN_HUMAN,SNAPIN,,,12562.9,30349.6,
O95297-3,O95297-3,MPZL1_HUMAN,MPZL1,,,,,
O95297;O95297-2,O95297;O95297-2;O95297-4;O95297-5,MPZL1_HUMAN,MPZL1,,,,12301.55,
O95298,O95298;O95298-2,NDUC2_HUMAN,NDUFC2,,295592.0,59031.8,,
O95299,O95299,NDUAA_HUMAN,NDUFA10,,,13123.7,43937.8,8838.27
O95302;O95302-3,O95302;O95302-3,FKBP9_HUMAN,FKBP9,,,,,
O95319;O95319-2;O95319-3;O95319-4;O95319-5,O95319;O95319-2;O95319-3;O95319-4;O95319-5,CELF2_HUMAN,CELF2,,,8572.135,9552.88,204334.365
O95336,O95336,6PGL_HUMAN,PGLS,1355.62,,25934.6,88026.0,2920.23
O95340;O95340-2,O95340;O95340-2,PAPS2_HUMAN,PAPSS2,,,,39476.9,18667.925
O95342,O95342,ABCBB_HUMAN,ABCB11,,,,16025.3,
O95347,O95347;O95347-2,SMC2_HUMAN,SMC2,,,42562.2,24710.5,
O95352,O95352;O95352-2;O95352-3,ATG7_HUMAN,ATG7,,,14231.1,27990.4,3965.06
O95359;O95359-3,O95359;O95359-3,TACC2_HUMAN,TACC2,10496.8,,47582.45,47105.65,
O95361,O95361;O95361-2;Q309B1,TRI16_HUMAN,TRIM16,,,3117.22,,
O95363,O95363,SYFM_HUMAN,FARS2,,,,,
O95365,O95365,ZBT7A_HUMAN,ZBTB7A,,,,,
O95372,O95372,LYPA2_HUMAN,LYPLA2,,,5543.59,11134.2,7004.625
O95373,O95373,IPO7_HUMAN,IPO7,,,58627.2,107854.0,11557.3
O95376,O95376,ARI2_HUMAN,ARIH2,,,9659.395,6321.21,
O95379-3,O95379;O95379-2;O95379-3;O95379-4,TFIP8_HUMAN,TNFAIP8,,,4378.12,9047.645,
O95382;O95382-3,O95382;O95382-2;O95382-3,M3K6_HUMAN,MAP3K6,,,109697.75,3889.62,
O95391,O95391,SLU7_HUMAN,SLU7,,,,,
O95394;O95394-3;O95394-4,O95394;O95394-3;O95394-4,AGM1_HUMAN,PGM3,,,5386.475,9228.720000000001,3155.27
O95396,O95396,MOCS3_HUMAN,MOCS3,,,,,
O95400,O95400,CD2B2_HUMAN,CD2BP2,,,,,25174.3
O95402,O95402,MED26_HUMAN,MED26,,,,,
O95407,O95407,TNF6B_HUMAN,TNFRSF6B,,,,,5024.33
O95425;O95425-4,O95425;O95425-2;O95425-3;O95425-4,SVIL_HUMAN,SVIL,35724.7,,6072.18,15566.9,10203.8
O95427,O95427,PIGN_HUMAN,PIGN,2759.01,,15536.4,34448.05,9989.21
O95428;O95428-6,O95428;O95428-4;O95428-5;O95428-6,PPN_HUMAN,PAPLN,1217.24,10212.5,,28059.6,5053.54
O95429;O95429-2,O95429;O95429-2,BAG4_HUMAN,BAG4,,,,,
O95433,O95433,AHSA1_HUMAN,AHSA1,,25236.3,13460.0,50367.3,16240.5
O95445,O95445;O95445-2,APOM_HUMAN,APOM,2405570.0,1160600.0,17985500.0,35286000.0,4104010.0
O95445-2,O95445-2,APOM_HUMAN,APOM,9639.43,37998.8,382132.0,560145.0,90362.1
O95453;O95453-2,O95453;O95453-2,PARN_HUMAN,PARN,8230.585,,,,
O95456;O95456-2,O95456;O95456-2,PSMG1_HUMAN,PSMG1,,,,15480.6,19477.0
O95466,O95466,FMNL1_HUMAN,FMNL1,,,,,
O95466-2,O95466;O95466-2;O95466-3,FMNL1_HUMAN,FMNL1,,,12900.0,63273.0,13405.1
O95470,O95470,SGPL1_HUMAN,SGPL1,,,,,
O95476,O95476,CNEP1_HUMAN,CTDNEP1,,,,14736.9,
O95477,O95477,ABCA1_HUMAN,ABCA1,32403.25,28657.3,24545.3,23153.0,22410.1
O95478,O95478,NSA2_HUMAN,NSA2,,,,,
O95479;O95479-2,O95479;O95479-2,G6PE_HUMAN,H6PD,7726.23,,7742.49,16309.9,34264.1
O95486,O95486,SC24A_HUMAN,SEC24A,,,3582.1,21137.6,278259.0
O95487;O95487-2;O95487-3,O95487;O95487-2;O95487-3,SC24B_HUMAN,SEC24B,,,8026.2,12179.5,
O95490;O95490-2;O95490-5;O95490-6;O95490-7,O95490;O95490-2;O95490-3;O95490-4;O95490-5;O95490-6;O95490-7,AGRL2_HUMAN,ADGRL2,3271.37,,36904.0,,107543.0
O95497,O95497,VNN1_HUMAN,VNN1,9928.11,142781.0,11660.4,29395.8,36050.0
O95498,O95498;O95498-6,VNN2_HUMAN,VNN2,,,9012.585,26212.1,
O95544,O95544;O95544-2;O95544-3,NADK_HUMAN,NADK,,,5195.190000000001,,35753.0
O95551;O95551-2;O95551-3,O95551;O95551-2;O95551-3,TYDP2_HUMAN,TDP2,,,,,
O95562,O95562,SFT2B_HUMAN,SFT2D2,,,4449.55,16679.95,3932.96
O95563,O95563,MPC2_HUMAN,MPC2,,,,194956.0,
O95571,O95571,ETHE1_HUMAN,ETHE1,,,21548.25,56595.0,7571.5
O95573,O95573,ACSL3_HUMAN,ACSL3,,,14281.3,28621.1,17835.7
O95602,O95602,RPA1_HUMAN,POLR1A,,,20826.9,52866.9,31914.3
O95613,O95613;O95613-2,PCNT_HUMAN,PCNT,,,,,
O95619,O95619,YETS4_HUMAN,YEATS4,,,,,
O95625,O95625,ZBT11_HUMAN,ZBTB11,13988.4,13828.815,,,
O95628-2;O95628-8;O95628-9,O95628-2;O95628-8;O95628-9,CNOT4_HUMAN,CNOT4,,,275561.0,,
O95630,O95630;O95630-2,STABP_HUMAN,STAMBP,,,12338.6,20778.95,8647.25
O95633;O95633-2,O95633;O95633-2,FSTL3_HUMAN,FSTL3,640.844,,5297.18,13130.7,
O95639,O95639;O95639-2;O95639-3,CPSF4_HUMAN,CPSF4,,,,,
O95644;O95644-6,O95644;O95644-10;O95644-11;O95644-17;O95644-2;O95644-3;O95644-4;O95644-5;O95644-6;O95644-8,NFAC1_HUMAN,NFATC1,,,,17770.1,
O95670,O95670;O95670-2;O95670-3,VATG2_HUMAN,ATP6V1G2,,,,,
O95671,O95671;O95671-2,ASML_HUMAN,ASMTL,,,1655.96,25578.35,
O95674,O95674,CDS2_HUMAN,CDS2,,,4359.18,14604.1,8423.75
O95684;O95684-2,O95684;O95684-2;O95684-3,CEP43_HUMAN,CEP43,,38465.6,,,
O95685,O95685,PPR3D_HUMAN,PPP1R3D,,,33128.8,9418.404999999999,1980.86
O95696-2,O95696;O95696-2,BRD1_HUMAN,BRD1,,,,,
O95707,O95707,RPP29_HUMAN,POP4,,,,,
O95714,O95714,HERC2_HUMAN,HERC2,92926.54999999999,103356.5,1210160.0,229545.0,1177465.0
O95716,O95716;P20336,RAB3D_HUMAN,RAB3D,,,11943.8,20750.1,6928.14
O95721,O95721,SNP29_HUMAN,SNAP29,,11789.5,41125.55,67854.1,20194.45
O95741;O95741-2,O95741;O95741-2,CPNE6_HUMAN,CPNE6,,,,,5884.09
O95747,O95747,OXSR1_HUMAN,OXSR1,1561.59,,27578.2,55718.7,12548.3
O95749,O95749,GGPPS_HUMAN,GGPS1,,,,8566.445,
O95757,O95757,HS74L_HUMAN,HSPA4L,,19330.1,,321397.05,
O95758;O95758-1;O95758-2;O95758-4;O95758-5;O95758-6,O95758;O95758-1;O95758-2;O95758-4;O95758-5;O95758-6;O95758-7,PTBP3_HUMAN,PTBP3,,,,,
O95759,O95759;O95759-2,TBCD8_HUMAN,TBC1D8,,,,,
O95772;O95772-2,O95772;O95772-2,STR3N_HUMAN,STARD3NL,,,,17476.1,6830.93
O95777,O95777,LSM8_HUMAN,LSM8,,,12211.0,7193.35,10820.4
O95782;O95782-2,O95782;O95782-2,AP2A1_HUMAN,AP2A1,,1578151.0,43916.8,168614.0,20591.6
O95785-3,O95785-3;O95785-4,WIZ_HUMAN,WIZ,,,,200915.0,
O95786,O95786;O95786-2,RIGI_HUMAN,RIGI,,,,45879.0,
O95789,O95789;O95789-1,ZMYM6_HUMAN,ZMYM6,,,,,
O95793-3,O95793;O95793-2;O95793-3,STAU1_HUMAN,STAU1,,,,4502.03,13326.0
O95801,O95801,TTC4_HUMAN,TTC4,,,,,
O95807,O95807,TM50A_HUMAN,TMEM50A,,,,8326.4,3556.3
O95810,O95810,CAVN2_HUMAN,CAVIN2,5427.57,285333.0,889623.0,2428090.0,769989.0
O95816,O95816;O95816-2,BAG2_HUMAN,BAG2,,,,19180.85,
O95817,O95817,BAG3_HUMAN,BAG3,,12189.7,,19984.5,
O95819-3,O95819-3;O95819-5,M4K4_HUMAN,MAP4K4,,,,,
O95819-6,O95819;O95819-2;O95819-3;O95819-4;O95819-5;O95819-6,M4K4_HUMAN,MAP4K4,,,12825.12,18468.0,5661.78
O95822;O95822-2,O95822;O95822-2,DCMC_HUMAN,MLYCD,,,,22373.4,
O95825,O95825;O95825-2,QORL1_HUMAN,CRYZL1,,,27118.96,15427.7,
O95831;O95831-3,O95831;O95831-3;O95831-4,AIFM1_HUMAN,AIFM1,,,21087.0,63424.4,
O95833,O95833,CLIC3_HUMAN,CLIC3,,,,11374.34,
O95834-2;O95834-3,O95834;O95834-2;O95834-3,EMAL2_HUMAN,EML2,,,8730.365,37241.5,
O95835,O95835,LATS1_HUMAN,LATS1,,,,,
O95858,O95858,TSN15_HUMAN,TSPAN15,,,4568.335,29660.6,6948.6
O95861,O95861;O95861-2;O95861-3;O95861-4,BPNT1_HUMAN,BPNT1,,,64014.74,12545.2,
O95865,O95865,DDAH2_HUMAN,DDAH2,,,14718.5,41328.8,5499.29
O95866-2,O95866;O95866-4;O95866-5;O95866-2;O95866-3;O95866-6;O95866-7,G6B_HUMAN,MPIG6B,,189262.0,230585.0,442250.0,127537.0
O95866-3;O95866-5,O95866;O95866-5;O95866-3,G6B_HUMAN,MPIG6B,,10438.3,44920.2,21717.45,18166.0
O95867,O95867,LY66C_HUMAN,LY6G6C,,33732.65,,,
O95870,O95870;O95870-2,ABHGA_HUMAN,ABHD16A,,,31366.0,121347.0,35235.2
O95873,O95873,CF047_HUMAN,C6orf47,75234.9,,,26665.65,7031.719999999999
O95881,O95881,TXD12_HUMAN,TXNDC12,,,25431.1,59810.3,
O95900,O95900;O95900-2,TRUB2_HUMAN,TRUB2,,,,,
O95905;O95905-3,O95905;O95905-2;O95905-3,ECD_HUMAN,ECD,,,,,
O95918,O95918,OR2H2_HUMAN,OR2H2,,,,,
O95926;O95926-2,O95926;O95926-2,SYF2_HUMAN,SYF2,,,3630.8,,2333.03
O95931,O95931,CBX7_HUMAN,CBX7,,,,,
O95936-4,O95936;O95936-2;O95936-3;O95936-4,EOMES_HUMAN,EOMES,,,,,
O95965,O95965;O95965-2;O95965-3,ITGBL_HUMAN,ITGBL1,,,34218.3,,
O95967,O95967,FBLN4_HUMAN,EFEMP2,5224.36,,204188.0,10815.1,2876.71
O95969,O95969,SG1D2_HUMAN,SCGB1D2,,24220.9,,14411.345,8472.785
O95971;O95971-3,O95971;O95971-3,BY55_HUMAN,CD160,,,5476.77,,
O95976,O95976,IGSF6_HUMAN,IGSF6,,,,12703.085,
O95977,O95977,S1PR4_HUMAN,S1PR4,,,,,
O95980,O95980,RECK_HUMAN,RECK,67732.2,76395.3,43173.2,133175.0,45091.0
O95983;O95983-2,O95983;O95983-2,MBD3_HUMAN,MBD3,,,,,
O95985,O95985;O95985-2;O95985-3,TOP3B_HUMAN,TOP3B,,,,,
O95989,O95989,NUDT3_HUMAN,NUDT3,,,46058.8,33953.95,
O95994,O95994,AGR2_HUMAN,AGR2,,,5682.01,,
O95998,O95998;O95998-4,I18BP_HUMAN,IL18BP,2337.97,123473.0,,,
O95999,O95999,BCL10_HUMAN,BCL10,,,,35140.4,
O96000,O96000,NDUBA_HUMAN,NDUFB10,,,23547.55,28386.4,42985.5
O96005,O96005;O96005-3;O96005-4,CLPT1_HUMAN,CLPTM1,,,7762.28,20442.4,7444.835
O96006,O96006,ZBED1_HUMAN,ZBED1,,,,,
O96007,O96007,MOC2B_HUMAN,MOCS2,,,,,
O96008,O96008;O96008-2,TOM40_HUMAN,TOMM40,989012.59,,292372.0,370579.0,107013.0
O96011,O96011;O96011-2,PX11B_HUMAN,PEX11B,,,7744.309999999999,19603.3,10621.745
O96013,O96013;O96013-2;O96013-3;O96013-4,PAK4_HUMAN,PAK4,97674.5,24799.4,15459.1,19710.7,7430.65
O96017;O96017-9,O96017;O96017-11;O96017-12;O96017-13;O96017-4;O96017-9,CHK2_HUMAN,CHEK2,,,,4094.58,
O96018,O96018,APBA3_HUMAN,APBA3,,,,,
O96019,O96019,ACL6A_HUMAN,ACTL6A,,,21459.265,6707.08,
O96028,O96028;O96028-3;O96028-5;O96028-6;O96028-7,NSD2_HUMAN,NSD2,,,,,
P00156,P00156,CYB_HUMAN,MT-CYB,,,,,
P00167-2,P00167;P00167-2,CYB5_HUMAN,CYB5A,,12255.1,,,13607.5
P00325,P00325;P00326;P00325-2,ADH1B_HUMAN,ADH1B,4252.7325,,60886.6,80895.1,45587.8
P00326,P00326,ADH1G_HUMAN,ADH1C,2116.9,,41530.3,39413.4,14935.9
P00338;P00338-3,P00338;P00338-3;P00338-4,LDHA_HUMAN,LDHA,7919.66,,213240.0,767578.0,230103.0
P00352,P00352,AL1A1_HUMAN,ALDH1A1,5640.795,,23633.3,157897.0,22670.85
P00367,P00367;P49448;P00367-3,DHE3_HUMAN,GLUD1,,176836.0,22468.0,68196.7,11132.57
P00374;P00374-2,P00374;P00374-2,DYR_HUMAN,DHFR,,,,,
P00387;P00387-2;P00387-3,P00387;P00387-2;P00387-3,NB5R3_HUMAN,CYB5R3,1191.85,,289427.0,1243060.0,363411.0
P00390;P00390-2,P00390;P00390-2;P00390-3;P00390-4;P00390-5,GSHR_HUMAN,GSR,19359.9,6847.92,80710.7,242735.0,36563.1
P00395,P00395,COX1_HUMAN,MT-CO1,,,,,
P00403,P00403,COX2_HUMAN,MT-CO2,,,50533.8,125058.0,37431.8
P00414,P00414,COX3_HUMAN,MT-CO3,,,1224.35,2345.09,
P00441,P00441,SODC_HUMAN,SOD1,8987.72,78674.6,68208.29999999999,269689.0,12157.0
P00450,P00450,CERU_HUMAN,CP,6561950.0,1343910.0,1876340.0,4280920.0,6308390.0
P00451,P00451,FA8_HUMAN,F8,6900.465,140631.0,224040.0,1398200.0,29677.5
P00451-2,P00451-2,FA8_HUMAN,F8,,,11683.57,100036.0,5278.565000000001
P00488,P00488,F13A_HUMAN,F13A1,160807.0,113083.0,475935.0,2241630.0,686533.0
P00491,P00491,PNPH_HUMAN,PNP,5675.15,,77363.6,257873.0,7376.48
P00492,P00492,HPRT_HUMAN,HPRT1,1509.819,39980.6,35619.1,71894.5,10229.37
P00505,P00505;P00505-2,AATM_HUMAN,GOT2,,,29858.2,55035.9,8194.35
P00519;P00519-2,P00519;P00519-2,ABL1_HUMAN,ABL1,,,,,
P00533,P00533;P00533-2;P00533-3;P00533-4,EGFR_HUMAN,EGFR,3111.86,205287.0,,,
P00558,P00558;P00558-2,PGK1_HUMAN,PGK1,9622.67,1600715.705,233223.0,802818.0,144803.0
P00568,P00568,KAD1_HUMAN,AK1,5811.075000000001,,36694.6,87555.8,63511.3
P00734,P00734,THRB_HUMAN,F2,2313190.0,449336.0,413888000.0,11158500.0,10308100.0
P00736,P00736,C1R_HUMAN,C1R,751995.0,159988.0,3774710.0,1141990.0,1548810.0
P00738,P00738;P00738-2,HPT_HUMAN,HP,26645400.0,14304900.0,2030860.0,9929710.0,10560100.0
P00739,P00739;P00739-2,HPTR_HUMAN,HPR,359476.0,267744.0,581453.0,2342970.0,1075620.0
P00740,P00740;P00740-2,FA9_HUMAN,F9,191201.0,51689.8,32304100.0,1292960.0,247326.0
P00742,P00742,FA10_HUMAN,F10,225114.0,76673.5,37953000.0,1052590.0,1041830.0
P00746,P00746,CFAD_HUMAN,CFD,29307.3,141743.0,20934.8,165029.0,2853530.0
P00747,P00747;P08519,PLMN_HUMAN,PLG,6025820.0,1295010.0,1354190.0,4951230.0,4358700.0
P00748,P00748,FA12_HUMAN,F12,314988.0,76983.1,79039.3,1533700.0,6203410.0
P00751,P00751;P00751-2,CFAB_HUMAN,CFB,1890260.0,671911.0,496580.0,1357650.0,29842500.0
P00813,P00813,ADA_HUMAN,ADA,,,,34445.1,
P00846,P00846,ATP6_HUMAN,MT-ATP6,,,10805.4,69785.0,28287.1
P00915,P00915,CAH1_HUMAN,CA1,108170.0,37900.95,100125.0,757124.0,397530.0
P00918,P00918,CAH2_HUMAN,CA2,17669.9,9793.27,49025.3,166495.0,41934.7
P00966,P00966,ASSY_HUMAN,ASS1,1313.42,,15689.6,14105.1,11869.75
P00973,P00973,OAS1_HUMAN,OAS1,,,,1281.99,
P01008,P01008,ANT3_HUMAN,SERPINC1,3418420.0,23740600.0,1468520.0,1561820.0,1172270.0
P01009,P01009;P01009-2;P01009-3,A1AT_HUMAN,SERPINA1,4522130.0,23807600.0,4806000.0,2708890.0,5295810.0
P01011,P01011,AACT_HUMAN,SERPINA3,2591280.0,5204820.0,1361330.0,1763320.0,1420630.0
P01019,P01019,ANGT_HUMAN,AGT,3825430.0,1266210.0,7247740.0,4713190.0,9565970.0
P01023,P01023,A2MG_HUMAN,A2M,16883200.0,4835680.0,3595890.0,3715850.0,8297090.0
P01024,P01024,CO3_HUMAN,C3,15328100.0,5492350.0,11799600.0,16248300.0,28487900.0
P01031,P01031,CO5_HUMAN,C5,1052750.0,201137.0,679886.0,755499.0,7180140.0
P01033,P01033,TIMP1_HUMAN,TIMP1,7880.49,33384.65,24789.9,80891.2,18609.1
P01034,P01034,CYTC_HUMAN,CST3,23206.6,64089.5,14463.6,108868.0,57695.7
P01037,P01037,CYTN_HUMAN,CST1,,,69840.3,254567.0,
P01040,P01040,CYTA_HUMAN,CSTA,,222064.0,26536.9,75776.1,66171.0
P01042,P01042;P01042-2;P01042-3,KNG1_HUMAN,KNG1,3862550.0,17340400.0,36109200.0,7507450.0,40267300.0
P01042-3,P01042-2;P01042-3,KNG1_HUMAN,KNG1,38066.4,37514.7,10964.5,227934.0,
P01100;P01100-2,P01100;P01100-2,FOS_HUMAN,FOS,,,,9288.135,
P01111,P01111,RASN_HUMAN,NRAS,,,19048.6,65095.9,15303.9
P01112,P01112;P01112-2,RASH_HUMAN,HRAS,,,,26921.15,
P01116,P01116,RASK_HUMAN,KRAS,,,,,
P01116-2,P01112;P01116;P01116-2;P01112-2,RASK_HUMAN,KRAS,,14165.7,38681.0,178113.0,85200.5
P01127;P01127-2,P01127;P01127-2,PDGFB_HUMAN,PDGFB,,16514.4,3894.21,36358.85,41084.0
P01130;P01130-3;P01130-4;P01130-5;P01130-6,P01130;P01130-2;P01130-3;P01130-4;P01130-5;P01130-6,LDLR_HUMAN,LDLR,2807.99,,55421.8,13210.2,
P01133;P01133-3,P01133;P01133-2;P01133-3,EGF_HUMAN,EGF,,,15629.1,22106.1,3560.925
P01137,P01137,TGFB1_HUMAN,TGFB1,2742.76,265171.8,159929.0,257082.0,49630.5
P01225,P01225,FSHB_HUMAN,FSHB,,224564.5,,,
P01266,P01266;P01266-2,THYG_HUMAN,TG,3379.0615,,12975.7,,
P01275,P01275,GLUC_HUMAN,GCG,,,26413.15,7066.84,
P01344;P01344-2;P01344-3,P01344;P01344-2;P01344-3,IGF2_HUMAN,IGF2,42115.1,171642.0,152402.0,149461.0,403485.0
P01350,P01350,GAST_HUMAN,GAST,,14618.4,43190.3,6078.95,
P01589,P01589,IL2RA_HUMAN,IL2RA,,47064.2,,,
P01591,P01591,IGJ_HUMAN,JCHAIN,3006030.0,986130.0,6513220.0,12158900.0,1823510.0
P01593;P01594,P01593;P01594,KV133_HUMAN;KVD33_HUMAN,IGKV1-33;IGKV1D-33,766616.0,260854.0,200946.0,327086.0,370571.0
P01597;P04432,P01597;P01611;P04432;A0A0C4DH72;A0A0C4DH73,KV139_HUMAN;KVD39_HUMAN,IGKV1-39;IGKV1D-39,91274.6,63244.6,17815.0,135387.0,32351.8
P01599,P01599;A0A0C4DH72,KV117_HUMAN,IGKV1-17,594980.0,168632.0,85179.3,433225.0,179897.0
P01601,P01611;P01601;A0A0C4DH73,KVD16_HUMAN,IGKV1D-16,7468.665,,36201.7,19984.0,
P01602,P01602;P0DOX7,KV105_HUMAN,IGKV1-5,1149170.0,296876.0,803217.0,1786660.0,668467.0
P01619,P01619,KV320_HUMAN,IGKV3-20,5134890.0,1076230.0,1218610.0,3760760.0,1831450.0
P01699,P01699,LV144_HUMAN,IGLV1-44,8937.68,3863.95,,,
P01700,P01700,LV147_HUMAN,IGLV1-47,757731.0,390612.0,281979.0,348695.0,687540.0
P01701,P01701,LV151_HUMAN,IGLV1-51,1222260.0,1416740.0,471240.0,1632250.0,695812.0
P01703,P01703,LV140_HUMAN,IGLV1-40,30897.4,13132.3,23950.2,15651.5,13005.9
P01705,P01705,LV223_HUMAN,IGLV2-23,170429.0,214880.0,60203.8,86265.0,25605.15
P01706,P01706,LV211_HUMAN,IGLV2-11,13025.1,61768.7,41791.5,17119.05,17342.45
P01709,P01709,LV208_HUMAN,IGLV2-8,26520.3,47614.5,45258.8,54316.8,46313.2
P01714,P01714,LV319_HUMAN,IGLV3-19,84392.7,51916.0,54785.5,97748.4,77959.9
P01715,P01715,LV301_HUMAN,IGLV3-1,98815.3,86966.2,36328.4,29418.75,28530.8
P01717,P01717,LV325_HUMAN,IGLV3-25,1548840.0,732205.0,625412.0,672474.0,500133.0
P01721,P01721,LV657_HUMAN,IGLV6-57,55283.2,15384.33,8081.995,17497.6,15229.8
P01730,P01730,CD4_HUMAN,CD4,,,100825.0,11054.695,
P01732;P01732-2;P01732-3,P01732;P01732-2;P01732-3,CD8A_HUMAN,CD8A,3836.25,20562.8,9585.64,31359.1,17062.1
P01742,P01742,HV169_HUMAN,IGHV1-69,473971.0,375533.0,203253.0,360768.0,189856.0
P01743,P01743,HV146_HUMAN,IGHV1-46,57292.2,66489.5,21621.1,86827.4,32000.9
P01764,P01764;P01768;P0DP03,HV323_HUMAN,IGHV3-23,2815530.0,625180.0,374535.0,1302690.0,293767.0
P01766,P01766,HV313_HUMAN,IGHV3-13,49937.9,12739.555,18205.05,36049.35,14533.9
P01768;P0DP03,P01768;P01772;P0DP02;P0DP03,HV330_HUMAN;HVC05_HUMAN,IGHV3-30;IGHV3-30-5,6782.425,9983.805,2976.72,24862.2,7879.55
P01772,P01772,HV333_HUMAN,IGHV3-33,,4725.71,,31484.8,
P01780,P01780,HV307_HUMAN,IGHV3-7,4846210.0,1057790.0,2474980.0,2608870.0,646271.0
P01782,P01782;P0DP04,HV309_HUMAN,IGHV3-9,240137.0,73700.5,94446.5,137762.0,49218.85
P01817,P01817,HV205_HUMAN,IGHV2-5,34301.4,20156.2,25886.2,15534.5,11718.1
P01833,P01833,PIGR_HUMAN,PIGR,59965.3,79215.0,88802.9,149128.0,40092.0
P01834,P01834;P0DOX7,IGKC_HUMAN,IGKC,17602400.0,4483470.0,10327200.0,16498800.0,8071310.0
P01848,P01848,TRAC_HUMAN,TRAC,,,,,
P01850,P01850,TRBC1_HUMAN,TRBC1,,,,,
P01854;P01854-1;P01854-3,P01854;P01854-1;P01854-3,IGHE_HUMAN,IGHE,7909.12,6842.15,5905.4,13044.8,7900.7
P01857-1,P01857;P01859;P0DOX5;P01857-1;P01859-1,IGHG1_HUMAN,IGHG1,59571400.0,28676800.0,29356900.0,53073000.0,52357300.0
P01859,P01859;P01859-1,IGHG2_HUMAN,IGHG2,35110300.0,9607930.0,9369960.0,6876770.0,12252800.0
P01860,P01860;P01860-1,IGHG3_HUMAN,IGHG3,9833290.0,1967970.0,1374120.0,10992200.0,6790370.0
P01861;P01861-1,P01861;P01861-1,IGHG4_HUMAN,IGHG4,3308820.0,1016010.0,522470.0,893320.0,1319980.0
P01871-1,P01871;P0DOX6;P01871-1,IGHM_HUMAN,IGHM,13098300.0,2437950.0,28818700.0,55641600.0,7781870.0
P01876-1,P01876;P01876-1,IGHA1_HUMAN,IGHA1,15066400.0,9766870.0,20959200.0,6244060.0,5090360.0
P01877;P01877-1,P01877;P01877-1;P0DOX2,IGHA2_HUMAN,IGHA2,832858.0,1668130.0,1042760.0,476358.0,358990.0
P01880,P01880;P0DOX3;P01880-1,IGHD_HUMAN,IGHD,171939.0,52868.2,43509.10000000001,78083.4,429574.5
P01889,P01889,HLAB_HUMAN,HLA-B,2484.43,,78701.8,190638.0,47799.64999999999
P01893,P01893,HLAH_HUMAN,HLA-H,3287.33,,26465.4,23384.3,11165.655
P01903,P01903;P01906,DRA_HUMAN,HLA-DRA,2345.71,,25643.4,117626.0,15857.5
P01909,P01906;P01909,DQA1_HUMAN,HLA-DQA1,,,,3957.52,
P01911,P01911,DRB1_HUMAN,HLA-DRB1,1079.77,,27542.6,59205.9,10398.6
P01920,P01920,DQB1_HUMAN,HLA-DQB1,,,7685.84,35033.5,7789.51
P02008,P02008,HBAZ_HUMAN,HBZ,,,9903.77,28947.9,6144.19
P02042,P02042,HBD_HUMAN,HBD,229767.0,161146.0,134906.0,1565040.0,89485.3
P02100,P02100,HBE_HUMAN,HBE1,,,,6856.059999999999,1384.02
P02144,P02144,MYG_HUMAN,MB,1779.84,7996.285,1224.508,12586.9,2748.53
P02452,P02452,CO1A1_HUMAN,COL1A1,12750.2,261486.0,273561.0,12501.0,31076.5
P02458;P02458-1,P02458;P02458-1;P02458-3,CO2A1_HUMAN,COL2A1,,13192.55,,,23212.9
P02461,P02461;P02461-2,CO3A1_HUMAN,COL3A1,2034.61,152945.0,3454.46,,5987.23
P02462,P02462,CO4A1_HUMAN,COL4A1,,21245.9,,,
P02511,P02511,CRYAB_HUMAN,CRYAB,,,,,
P02533,P02533,K1C14_HUMAN,KRT14,15714.4,49234.6,21086.2,135733.0,176640.0
P02538,O95678;P02538;P48668,K2C6A_HUMAN,KRT6A,21857.2,87924.2,131572.5,91783.1,94741.5
P02545,P02545;P02545-2;P02545-3;P02545-4;P02545-5;P02545-6,LMNA_HUMAN,LMNA,,,32143.9,20406.3,13210.2
P02545-2,P02545-2,LMNA_HUMAN,LMNA,,,,,
P02549,P02549;P02549-2,SPTA1_HUMAN,SPTA1,3841.045,41695.7,87170.6,1641410.0,225360.0
P02585,P02585,TNNC2_HUMAN,TNNC2,,,18300.8,16946.8,
P02647,P02647,APOA1_HUMAN,APOA1,90264700.0,55629400.0,67101800.0,2476080000.0,123185000.0
P02649,P02649,APOE_HUMAN,APOE,1234860.0,450122.0,26810200.0,61060100.0,44322600.0
P02652,P02652,APOA2_HUMAN,APOA2,480905.0,43717700.0,307687.0,3962380.0,612549.0
P02654,P02654,APOC1_HUMAN,APOC1,4163700.0,43250700.0,6994820.0,137651000.0,8264830.0
P02655,P02655,APOC2_HUMAN,APOC2,2599510.0,15674100.0,65170600.0,71969700.0,13028700.0
P02656,P02656,APOC3_HUMAN,APOC3,5030850.0,213857000.0,58796500.0,65204100.0,35957900.0
P02671,P02671;P02671-2,FIBA_HUMAN,FGA,13075700.0,16255900.0,62762700.0,18444500.0,89706200.0
P02671-2,P02671-2,FIBA_HUMAN,FGA,,40821.75,,,
P02675,P02675,FIBB_HUMAN,FGB,14080700.0,7715190.0,83564300.0,22288500.0,145248000.0
P02679,P02679;P02679-2,FIBG_HUMAN,FGG,18339900.0,13965000.0,113701000.0,23674500.0,152727000.0
P02686,P02686;P02686-2;P02686-3;P02686-4;P02686-5;P02686-6,MBP_HUMAN,MBP,,,39905.7,46692.5,16222.2
P02724;P02724-2;P02724-3,P02724;P02724-2;P02724-3,GLPA_HUMAN,GYPA,,20289.5,40580.7,449505.0,236224.0
P02730,P02730;P02730-2,B3AT_HUMAN,SLC4A1,17406.0,83385.5,428167.0,11206300.0,4403060.0
P02741,P02741;P02741-2,CRP_HUMAN,CRP,9258.59,21158.3,454413.0,20126.1,32452.8
P02743,P02743,SAMP_HUMAN,APCS,1153220.0,542386.0,490010.0,1147220.0,368502.0
P02745,P02745,C1QA_HUMAN,C1QA,995965.0,1697810.0,124371.0,49817600.0,4300700.0
P02746,P02746,C1QB_HUMAN,C1QB,400381.0,478583.0,58441.6,65323000.0,3988170.0
P02747,P02747,C1QC_HUMAN,C1QC,870538.0,687098.0,152010.0,220081000.0,9598980.0
P02748,P02748,CO9_HUMAN,C9,1881680.0,522593.0,6860840.0,1833950.0,17897700.0
P02749,P02749,APOH_HUMAN,APOH,5803240.0,162733000.0,1155040.0,8398610.0,33814000.0
P02750,P02750,A2GL_HUMAN,LRG1,1692450.0,3434610.0,156196.0,523432.0,372431.0
P02751-1,P02751;P02751-1;P02751-10;P02751-11;P02751-12;P02751-13;P02751-14;P02751-16;P02751-17;P02751-2;P02751-3;P02751-4;P02751-5;P02751-6;P02751-7;P02751-8;P02751-9,FINC_HUMAN,FN1,1823440.0,2079710.0,1744750.0,1848220.0,8331960.0
P02753,P02753,RET4_HUMAN,RBP4,1063770.0,303752.0,318600.0,324895.0,255061.0
P02760,P02760,AMBP_HUMAN,AMBP,2904620.0,25078500.0,40532000.0,5365810.0,3385850.0
P02763,P02763,A1AG1_HUMAN,ORM1,8537290.0,1741640000.0,780710.0,4539240.0,2261810.0
P02765,P02765,FETUA_HUMAN,AHSG,5094500.0,4013210.0,7824910.0,3220950.0,7586090.0
P02766,P02766,TTHY_HUMAN,TTR,2989370.0,806583000.0,11246100.0,4062590.0,3059610.0
P02768,P02768,ALBU_HUMAN,ALB,243472000.0,91884100.0,45052700.0,146641000.0,105366000.0
P02771,P02771,FETA_HUMAN,AFP,,,,,
P02774;P02774-3,P02774;P02774-2;P02774-3,VTDB_HUMAN,GC,3228750.0,721979.0,538999.0,2026590.0,1343030.0
P02775,P02775,CXCL7_HUMAN,PPBP,35416.3,9761820.0,639658.0,4855160.0,2446530.0
P02776,P02776;P10720,PLF4_HUMAN,PF4,40806.9,5441680.0,1832960.0,9621430.0,14457600.0
P02786,P02786,TFR1_HUMAN,TFRC,67147.4,12341.2,278353.0,405460.0,480763.0
P02787,P02787,TRFE_HUMAN,TF,42280600.0,7235730.0,2103410.0,11454700.0,8865380.0
P02788,P02788;P02788-2,TRFL_HUMAN,LTF,20320.8,10876.6,45424.7,91257.8,2427190.0
P02790,P02790,HEMO_HUMAN,HPX,9963910.0,210601000.0,1442620.0,6061650.0,2785430.0
P02792,P02792,FRIL_HUMAN,FTL,,,7957.805,10528.1,9088.015
P02794,P02794,FRIH_HUMAN,FTH1,1991.1,27266.5,40026.75,61309.65,18794.2
P02795;P04732;P13640;P13640-2;P80297;Q8N339,P02795;P04732;P13640;P80297;Q8N339;P13640-2,MT1E_HUMAN;MT1G_HUMAN;MT1M_HUMAN;MT1X_HUMAN;MT2_HUMAN,MT1E;MT1G;MT1M;MT1X;MT2A,,,,,
P02810,P02810,PRPC_HUMAN,PRH1,,115463.0,22895.1,89126.55,
P02812,P02812,PRB2_HUMAN,PRB2,,7331.74,,8376.66,
P02814,P02814,SMR3B_HUMAN,SMR3B,,18208.12,,,
P03886,P03886,NU1M_HUMAN,MT-ND1,,,,,
P03891,P03891,NU2M_HUMAN,MT-ND2,,,,,
P03897,P03897,NU3M_HUMAN,MT-ND3,,,,12872.6,10857.4
P03905,P03905,NU4M_HUMAN,MT-ND4,,,,4720.66,3091.0
P03915,P03915,NU5M_HUMAN,MT-ND5,,,,23519.335,
P03923,P03923,NU6M_HUMAN,MT-ND6,,,,13138.115,
P03928,P03928,ATP8_HUMAN,MT-ATP8,,,,,
P03950,P03950,ANGI_HUMAN,ANG,20472.3,21660.55,11407.3,1003650.0,3390490.0
P03951,P03951;P03951-2,FA11_HUMAN,F11,169770.0,65936.85,44232.3,2469200.0,2358530.0
P03952,P03952,KLKB1_HUMAN,KLKB1,542900.0,146553.0,118865.0,911600.0,1921810.0
P03973,P03973,SLPI_HUMAN,SLPI,9841.47,194595.0,9350.52,131766.0,157359.0
P03986,P03986,TRGC2_HUMAN,TRGC2,,,,,
P04003,P04003,C4BPA_HUMAN,C4BPA,3225790.0,543414.0,112013000.0,19939700.0,10228400.0
P04004,P04004;Q99542;Q99542-3,VTNC_HUMAN,VTN,4280560.0,11826600.0,127688000.0,9920910.0,557310000.0
P04040,P04040,CATA_HUMAN,CAT,14536.8,22866.85,60842.9,1604050.0,73021.3
P04049;P04049-2,P04049;P04049-2,RAF1_HUMAN,RAF1,,,,9600.88,
P04054,P04054,PA21B_HUMAN,PLA2G1B,3431.7,11970.25,,,
P04062;P04062-2;P04062-4,P04062;P04062-2;P04062-4;P04062-5,GBA1_HUMAN,GBA1,,,14873.95,14013.2,11787.1
P04066,P04066,FUCO_HUMAN,FUCA1,8958.92,9907.26,15364.95,14843.6,77975.9
P04070-2,P04070;P04070-2,PROC_HUMAN,PROC,82050.4,37584.7,16073700.0,409476.0,59426.5
P04075,P04075;P04075-2,ALDOA_HUMAN,ALDOA,32112.7,25420.5,376687.0,1559710.0,122572.0
P04080,P04080,CYTB_HUMAN,CSTB,3947.87,,13849.6,28565.6,9850.01
P04083,P04083,ANXA1_HUMAN,ANXA1,,,11955.2,55969.3,28408.2
P04085;P04085-2,P04085;P04085-2,PDGFA_HUMAN,PDGFA,,33476.2,20363.3,38567.5,67764.2
P04114,P04114,APOB_HUMAN,APOB,4519840.0,797509.0,3260340.0,201053000.0,50337600.0
P04150;P04150-10;P04150-3,P04150;P04150-10;P04150-11;P04150-12;P04150-13;P04150-14;P04150-15;P04150-16;P04150-3;P04150-8;P04150-5,GCR_HUMAN,NR3C1,,50864.1,,,
P04156,P04156,PRIO_HUMAN,PRNP,4334.51,94843.3,15541.95,31411.2,14915.25
P04179,P04179;P04179-3;P04179-4,SODM_HUMAN,SOD2,5323.01,4675.27,204090.0,407855.0,19809.3
P04180,P04180,LCAT_HUMAN,LCAT,130282.0,29455.0,95745.2,192738.0,186472.0
P04181,P04181,OAT_HUMAN,OAT,36224.05,,42896.13,171624.0,17993.2
P04196,P04196,HRG_HUMAN,HRG,1309350.0,5206880.0,3151730.0,53134700.0,3270120.0
P04211,P04211;A0A075B6I9,LV743_HUMAN,IGLV7-43,102374.0,52315.6,29823.5,152546.0,39238.4
P04216,P04216,THY1_HUMAN,THY1,1991.3,159160.0,,13052.4,4334.559999999999
P04217,P04217;P04217-2,A1BG_HUMAN,A1BG,3411590.0,800150.0,389159.0,1021380.0,592092.0
P04217-2,P04217-2,A1BG_HUMAN,A1BG,32186.7,49717.7,34404.9,173970.0,124023.0
P04233-2,P04233;P04233-2;P04233-4;P04233-3;P04233-5,HG2A_HUMAN,CD74,,37353.5,63133.9,14583.95,
P04234,P04234;P04234-2,CD3D_HUMAN,CD3D,,,,1276.2,
P04259,P04259;P48668,K2C6B_HUMAN,KRT6B,4619.71,18385.49,16433.84,14523.585,11427.8
P04264,P04264,K2C1_HUMAN,KRT1,5303.1,674622.0,698341.0,4130490.0,4056070.0
P04271,P04271,S100B_HUMAN,S100B,,,,,
P04275,P04275,VWF_HUMAN,VWF,85409.1,276630.0,1708770.0,2706030.0,476581.0
P04278,P04278;P04278-2;P04278-3;P04278-4;P04278-5,SHBG_HUMAN,SHBG,118016.0,77516.3,386932.0,129689.0,981691.0
P04279,P04279;Q02383;P04279-2,SEMG1_HUMAN,SEMG1,,7093.52,2763.61,10300.1,16115.7
P04280,P04280,PRP1_HUMAN,PRB1,,11323.0,,15208.0,6864.655
P04350,P04350,TBB4A_HUMAN,TUBB4A,,,8060.549999999999,17679.4,10168.4
P04406,P04406;P04406-2,G3P_HUMAN,GAPDH,51949.7,45071.55,1862490.0,4491690.0,496121.0
P04406-2,P04406-2,G3P_HUMAN,GAPDH,,,3639.995,7852.2,
P04424,P04424;P04424-2;P04424-3,ARLY_HUMAN,ASL,,,20549.65,38519.1,12425.7
P04430,P04430,KV116_HUMAN,IGKV1-16,9144.32,23640.1,23039.4,11394.0,6112.675
P04433,P04433;A0A0A0MRZ8,KV311_HUMAN,IGKV3-11,4202410.0,720704.0,1218640.0,3303460.0,1207080.0
P04435,P04435,TVB79_HUMAN,TRBV7-9,,,,,
P04437,P04437,TVA29_HUMAN,TRAV29DV5,,,,,
P04439,P01889;P04439;P04439-2,HLAA_HUMAN,HLA-A,16824.9,44771.1,592636.0,2062830.0,381624.0
P04439-2,P04439-2,HLAA_HUMAN,HLA-A,,,2302.46,,
P04440,P04440,DPB1_HUMAN,HLA-DPB1,,,7306.05,23063.95,9616.73
P04626;P04626-4;P04626-5,P04626;P04626-4;P04626-5;P04626-6,ERBB2_HUMAN,ERBB2,,,,,
P04632,P04632;Q96L46,CPNS1_HUMAN,CAPNS1,5120.469999999999,,225107.0,504460.0,42255.3
P04746,P04746;P0DTE7;P0DTE8;P0DUB6;P19961;P19961-2;P04746-2,AMYP_HUMAN,AMY2A,6002.72,,29398.3,2684.935,26588.4
P04792,P04792,HSPB1_HUMAN,HSPB1,4429.965,,156656.0,469940.0,29391.5
P04818;P04818-2,P04818;P04818-2,TYSY_HUMAN,TYMS,,,,,
P04839,P04839,CY24B_HUMAN,CYBB,,,5692.85,13638.1,
P04843,P04843,RPN1_HUMAN,RPN1,,3981840.0,26939.8,154229.0,54937.5
P04844-2,P04844;P04844-2,RPN2_HUMAN,RPN2,,,29646.6,89523.8,36571.9
P04899,P04899;P04899-2;P04899-3;P04899-4;P04899-5;P04899-6,GNAI2_HUMAN,GNAI2,,,146601.0,420734.0,75906.7
P04920;P04920-2;P04920-3,P04920;P04920-2;P04920-3,B3A2_HUMAN,SLC4A2,,21738.9,12980.75,28294.55,13189.55
P04921;P04921-2;P04921-3,P04921;P04921-2;P04921-3,GLPC_HUMAN,GYPC,,,,20911.85,
P05019-4,P05019;P05019-4,IGF1_HUMAN,IGF1,21240.7,48427.1,44248.5,51311.8,80837.8
P05023;P05023-4,P05023;P05023-2;P05023-3;P05023-4,AT1A1_HUMAN,ATP1A1,205844.0,82811.95000000001,87622.5,234807.0,56489.5
P05026;P05026-2,P05026;P05026-2,AT1B1_HUMAN,ATP1B1,,68722.5,,19484.5,
P05060,P05060,SCG1_HUMAN,CHGB,4055.96,409160.0,276292.0,247639.0,13967.5
P05062,P05062,ALDOB_HUMAN,ALDOB,13088.2,16891.9,14311.0,21603.3,104442.0
P05067,P05067;P05067-4;P05067-10;P05067-11;P05067-3;P05067-5;P05067-6;P05067-7;P05067-8;P05067-9,A4_HUMAN,APP,1730.51,13371.75,130677.0,78327.1,9902.42
P05089;P05089-2,P05089;P05089-2,ARGI1_HUMAN,ARG1,,45202.8,19564.8,25019.3,16429.5
P05090,P05090,APOD_HUMAN,APOD,4423910.0,228217000.0,5951290.0,73919000.0,5154330.0
P05091,O94788;P05091;O94788-2;O94788-3;O94788-4;P05091-2,ALDH2_HUMAN,ALDH2,2093660.0,11415.6,8926050.0,13383.4,1950520.45
P05106,P05106;P05106-2;P05106-3,ITB3_HUMAN,ITGB3,7238.08,13486.195,1910190.0,7666450.0,2117000.0
P05107,P05107,ITB2_HUMAN,ITGB2,7799.619999999999,,52263.6,188397.0,30212.6
P05109,P05109,S10A8_HUMAN,S100A8,20612.2,476302.0,129733.0,322707.0,157467.0
P05114,P05114,HMGN1_HUMAN,HMGN1,,,,,1196.66
P05120,P05120,PAI2_HUMAN,SERPINB2,,22112.9,,51251.4,4913.65
P05121,P05121,PAI1_HUMAN,SERPINE1,1729.51,,33840.1,54882.3,23817.0
P05129-2,P05129;P05129-2,KPCG_HUMAN,PRKCG,,,,4791.5,
P05141,P05141;P12235;P12236;Q9H0C2,ADT2_HUMAN,SLC25A5,,,165086.0,428294.0,126628.0
P05154,P05154,IPSP_HUMAN,SERPINA5,84369.7,342527.0,61617.5,123296.0,3289980.0
P05155;P05155-3,P05155;P05155-2;P05155-3,IC1_HUMAN,SERPING1,4751630.0,29051200.0,15511800.0,26138400.0,15635100.0
P05156,P05156,CFAI_HUMAN,CFI,778823.0,438713.0,107860.0,289894.0,1474100.0
P05160,P05160,F13B_HUMAN,F13B,102998.0,44477.2,16397.0,32814.0,37192.6
P05161,P05161,ISG15_HUMAN,ISG15,336629.0,,286990.0,64334.25,351981.0
P05164;P05164-2;P05164-3,P05164;P05164-2;P05164-3,PERM_HUMAN,MPO,7104.639999999999,,27090.4,82432.1,343935.0
P05165;P05165-2,P05165;P05165-2;P05165-3,PCCA_HUMAN,PCCA,,,21171.8,26471.6,8373.185
P05166;P05166-2,P05166;P05166-2,PCCB_HUMAN,PCCB,,,9050.16,25111.5,
P05186;P05186-2;P05186-3,P05186;P05186-2;P05186-3,PPBT_HUMAN,ALPL,828.4665,19259.25,4217.95,16928.3,3725.21
P05198,P05198,IF2A_HUMAN,EIF2S1,,,38834.2,70016.8,9983.71
P05204,P05204,HMGN2_HUMAN,HMGN2,,,,,
P05362,P05362,ICAM1_HUMAN,ICAM1,8443.63,1426930.0,16575.1,53846.1,5290.43
P05386,P05386,RLA1_HUMAN,RPLP1,,,,,
P05387,P05387,RLA2_HUMAN,RPLP2,,10721.5,68618.1,48997.75,8534.32
P05388,P05388;P05388-2,RLA0_HUMAN,RPLP0,,16445.9,16897.5,23592.5,
P05408;P05408-2,P05408;P05408-2,7B2_HUMAN,SCG5,,60491.3,6448.625,,
P05413,P05413,FABPH_HUMAN,FABP3,,,,,
P05423,P05423,RPC4_HUMAN,POLR3D,,,,,
P05451,P05451;P48304,REG1A_HUMAN,REG1A,2809.17,674746.0,11459.3,83797.20000000001,7835.55
P05452,P05452,TETN_HUMAN,CLEC3B,395506.0,166861.0,82926.6,204671.0,4336020.0
P05455,P05455,LA_HUMAN,SSB,,,2259.63,5154.065000000001,10835.9
P05543,P05543,THBG_HUMAN,SERPINA7,345333.0,9588220.0,133753.0,167207.0,212160.0
P05546,P05546,HEP2_HUMAN,SERPIND1,1630170.0,726905.0,12684900.0,1151460.0,8492380.0
P05556,P05556,ITB1_HUMAN,ITGB1,19612.2,360823.0,309972.0,802046.0,172522.0
P05771-2,P05129;P05771;P17252;P05771-2;P05129-2,KPCB_HUMAN,PRKCB,12116.5,,34585.1,181100.0,18833.45
P05783,P05783,K1C18_HUMAN,KRT18,,,,68820.9,84688.35
P05787;P05787-2,P05787;P05787-2,K2C8_HUMAN,KRT8,,32218.6,12737.2,6345.39,36672.8
P05937,P05937;P05937-2,CALB1_HUMAN,CALB1,,,,13874.7,
P05976,P05976;P05976-2,MYL1_HUMAN,MYL1,2682.94,7585.52,323113.0,201057.0,48831.9
P05981,P05981,HEPS_HUMAN,HPN,2081.35,,14238.8,8903.73,10517.59
P05997,P05997,CO5A2_HUMAN,COL5A2,20012.2,88241.0,29902.6,,15290.655
P06127,P06127,CD5_HUMAN,CD5,,,11286.975,23146.7,8607.99
P06132,P06132,DCUP_HUMAN,UROD,,,11249.7,54740.7,8605.14
P06133;P06133-3,P06133;P06133-3,UD2B4_HUMAN,UGT2B4,,,,48381.4,2164.78
P06213;P06213-2,P06213;P06213-2,INSR_HUMAN,INSR,,16382.8,16892.9,,
P06239,P06239;P06239-3,LCK_HUMAN,LCK,,74299.8,11982.3,12971.2,
P06241,P06241,FYN_HUMAN,FYN,,,,,
P06241-2,P06241;P06241-3;P06241-2,FYN_HUMAN,FYN,,,20199.55,62711.7,17911.45
P06276,P06276,CHLE_HUMAN,BCHE,94055.7,973274.0,51578.4,47485.8,112319.0
P06280,P06280,AGAL_HUMAN,GLA,,39128.2,9034.05,18878.5,4678.08
P06312,P06312,KV401_HUMAN,IGKV4-1,2172570.0,2306130.0,1992200.0,2671990.0,1498700.0
P06315,P06315,KV502_HUMAN,IGKV5-2,13841.7,3634.33,43792.55,,13864.49
P06340,P06340,DOA_HUMAN,HLA-DOA,,,,5520.85,
P06396,P06396;P06396-2;P06396-3;P06396-4,GELS_HUMAN,GSN,1122120.0,450437.0,1334190.0,3309280.0,13644200.0
P06396-2,P06396-2,GELS_HUMAN,GSN,3810.665,,,15168.9,25759.9
P06400,P06400,RB_HUMAN,RB1,,,,,20054.2
P06454;P06454-2,P06454;P06454-2,PTMA_HUMAN,PTMA,,8390.355,6853.75,,
P06493,P06493;P06493-2,CDK1_HUMAN,CDK1,,,,,
P06576,P06576,ATPB_HUMAN,ATP5F1B,,50258.9,249544.0,640819.0,44002.89999999999
P06681,P06681;P06681-3,CO2_HUMAN,C2,481844.0,225546.0,138147.0,141609.0,2767400.0
P06702,P06702,S10A9_HUMAN,S100A9,25900.7,590541.0,134720.0,320020.0,77031.3
P06703,P06703,S10A6_HUMAN,S100A6,,,,7076.309999999999,
P06727,P06727,APOA4_HUMAN,APOA4,5968070.0,2518860.0,251651000.0,140870000.0,25128100.0
P06729,P06729,CD2_HUMAN,CD2,,,4461.09,8232.92,
P06730;P06730-2;P06730-3,P06730;P06730-2;P06730-3,IF4E_HUMAN,EIF4E,,,10447.32,38931.5,4372.28
P06731,P06731;P06731-2,CEAM5_HUMAN,CEACAM5,,9582.82,,,
P06732,P06732,KCRM_HUMAN,CKM,6387.94,21669.05,5797.53,77777.4,77233.5
P06733,P06733;P06733-2,ENOA_HUMAN,ENO1,6342.23,12788.5,305574.0,1124050.0,165862.0
P06734,P06734,FCER2_HUMAN,FCER2,,14885.635,24777.0,,
P06737,P06737;P06737-2,PYGL_HUMAN,PYGL,,,31418.6,79236.1,11562.8
P06744,P06744;P06744-2,G6PI_HUMAN,GPI,2985.36,,43261.3,179350.0,16048.0
P06746,P06746,DPOLB_HUMAN,POLB,,,,,
P06748;P06748-2,P06748;P06748-2,NPM_HUMAN,NPM1,40123.3,,5161.14,260709.0,
P06753,P06753;P06753-6,TPM3_HUMAN,TPM3,,,18086.67,40094.3,
P06753-2,P06753-2;P06753-5;P06753-7,TPM3_HUMAN,TPM3,5587.38,32731.4,762064.0,4402620.0,91799.4
P06753-4,P06753-3;P06753-4,TPM3_HUMAN,TPM3,,,,26371.7,
P06756;P06756-3,P06756;P06756-2;P06756-3,ITAV_HUMAN,ITGAV,2883.52,,13723.1,30759.5,10882.75
P06858,P06858,LIPL_HUMAN,LPL,2287.35,9248.77,96398.5,63085.14999999999,134745.0
P06865,P06865,HEXA_HUMAN,HEXA,2506.46,,11896.45,26803.6,19192.0
P06899;Q16778,O60814;P06899;P57053;P62807;Q16778,H2B1J_HUMAN;H2B2E_HUMAN,H2BC11;H2BC21,,,,,7279.530000000001
P07093;P07093-2;P07093-3,P07093;P07093-2;P07093-3,GDN_HUMAN,SERPINE2,,17846.2,18640.1,33414.8,17133.4
P07099,P07099,HYEP_HUMAN,EPHX1,,,,39255.2,19919.2
P07108;P07108-2;P07108-3;P07108-4;P07108-5,P07108;P07108-2;P07108-3;P07108-4;P07108-5,ACBP_HUMAN,DBI,,19138.75,12178.69,22529.2,
P07148,P07148,FABPL_HUMAN,FABP1,6204.89,620641.0,,38996.14999999999,17884.5
P07195,P07195,LDHB_HUMAN,LDHB,29920.3,30361.8,272023.0,1250460.0,235424.0
P07196,P07196,NFL_HUMAN,NEFL,,,,,
P07197,P07197,NFM_HUMAN,NEFM,,,,,
P07199,P07199,CENPB_HUMAN,CENPB,,,,,
P07203,P07203,GPX1_HUMAN,GPX1,6357.22,,119698.0,318401.0,39637.0
P07204,P07204,TRBM_HUMAN,THBD,455.792,,29202.0,19839.4,
P07205,P07205,PGK2_HUMAN,PGK2,,,,8475.369999999999,
P07225,P07225,PROS_HUMAN,PROS1,430932.0,291915.0,91822900.0,3924200.0,857438.0
P07237,P07237,PDIA1_HUMAN,P4HB,9540.94,23697.045,1371720.0,628548.0,22492.0
P07305,P07305;P07305-2,H10_HUMAN,H1-0,,,,,
P07307;P07307-2;P07307-3,P07307;P07307-3;P07307-2,ASGR2_HUMAN,ASGR2,8481.195,66789.7,,10126.7,8655.56
P07311,P07311,ACYP1_HUMAN,ACYP1,,,,17964.65,
P07327,P07327,ADH1A_HUMAN,ADH1A,,,3748.29,5959.67,4468.39
P07332,P07332;P16591;P07332-2;P07332-3;P07332-4;P16591-2;P16591-3,FES_HUMAN,FES,,,12955.95,37098.10000000001,23495.0
P07333,P07333,CSF1R_HUMAN,CSF1R,5061.515,503221.0,53090.1,7274.15,7826.87
P07339,P07339,CATD_HUMAN,CTSD,12848.9,29259.0,53676.6,119865.0,154201.0
P07355,A6NMY6;P07355;P07355-2,ANXA2_HUMAN,ANXA2,,15363.1,29140.8,81196.9,17844.8
P07357,P07357,CO8A_HUMAN,C8A,450508.0,108187.95,424664.0,249879.0,1120430.0
P07358,P07358,CO8B_HUMAN,C8B,325262.0,121109.5,424125.0,721223.0,8695740.0
P07359,P07359,GP1BA_HUMAN,GP1BA,108163.0,2541180.0,20496400.0,4263570.0,975976.0
P07360,P07360,CO8G_HUMAN,C8G,75516.1,58533.2,96380.7,114255.0,983255.0
P07384,P07384,CAN1_HUMAN,CAPN1,5273.87,,151527.0,537123.0,42689.7
P07437,P04350;P07437;P68371,TBB5_HUMAN,TUBB,13074.9,96094.35,1538220.0,4358690.0,945390.0
P07451,P07451,CAH3_HUMAN,CA3,7007.83,,,45661.7,13661.9
P07476,P07476,INVO_HUMAN,IVL,,,9229.05,19909.5,2301735.75
P07477,P07477,TRY1_HUMAN,PRSS1,6011.280000000001,108243.0,10980.6,10260.335,8158.995
P07478,P07478,TRY2_HUMAN,PRSS2,,34739.1,12748.2,,49183.85000000001
P07585,P07585;P07585-4,PGS2_HUMAN,DCN,4216.36,16661.005,318261.0,197295.0,13188.6
P07602,P07602;P07602-2;P07602-3,SAP_HUMAN,PSAP,17568.2,260692.0,121276.0,194235.0,18836.3
P07686,P07686,HEXB_HUMAN,HEXB,3020.41,,,42659.0,22907.1
P07737,P07737,PROF1_HUMAN,PFN1,31286.05,21505.1,1420100.0,5132640.0,230210.0
P07738,P07738,PMGE_HUMAN,BPGM,11582.2,,11504.955,182338.0,28175.4
P07741,P07741,APT_HUMAN,APRT,1895.82,,154249.0,128520.0,15607.4
P07766,P07766,CD3E_HUMAN,CD3E,,,10112.6,22523.3,12842.4
P07814,P07814,SYEP_HUMAN,EPRS1,,301846.5,10797.9,31413.85,11939.4
P07858,P07858,CATB_HUMAN,CTSB,10593.3,159344.0,18268.7,21359.25,8747.985
P07900-2,P07900;P07900-2,HS90A_HUMAN,HSP90AA1,8829.244999999999,28855.5,927685.0,1275350.0,78808.3
P07902,P07902,GALT_HUMAN,GALT,,,,17097.2,
P07910-2,P07910;P07910-2;P07910-3,HNRPC_HUMAN,HNRNPC,,16289.7,18874.4,27228.6,21267.9
P07911;P07911-3;P07911-4;P07911-5,P07911;P07911-2;P07911-3;P07911-4;P07911-5,UROM_HUMAN,UMOD,17215.0,212476.0,39872.0,22022.9,11123.9
P07919,P07919,QCR6_HUMAN,UQCRH,,,18146.05,65157.05,
P07942,P07942,LAMB1_HUMAN,LAMB1,9024.03,12600.8,146860.0,67287.3,9395.56
P07947,P07947,YES_HUMAN,YES1,,,,32340.3,7377.61
P07948,P07948,LYN_HUMAN,LYN,,,14377.2,21092.5,
P07948-2,P07948;P07948-2,LYN_HUMAN,LYN,1521900.0,2464620.0,172975.0,452536.0,84624.8
P07949;P07949-2,P07949;P07949-2,RET_HUMAN,RET,,,12340.1,,4388.92
P07951,P07951,TPM2_HUMAN,TPM2,,,15273.1,,
P07951-2,P07951-2;P07951-3,TPM2_HUMAN,TPM2,,48485.0,108909.0,270158.0,
P07954;P07954-2,P07954;P07954-2,FUMH_HUMAN,FH,,,23736.7,82931.1,1600210.87
P07988,P07988,PSPB_HUMAN,SFTPB,9030.39,34248.3,38102.2,318456.0,9003.95
P07992,P07992;P07992-3;P07992-2;P07992-4,ERCC1_HUMAN,ERCC1,,,,,
P07996,P07996;P07996-2,TSP1_HUMAN,THBS1,39391.5,67666.8,5939230.0,8576040.0,5605460.0
P07998,P07998,RNAS1_HUMAN,RNASE1,26855.2,2008840.0,7355.065,54139.5,135897.0
P08047;P08047-3,P08047;P08047-2;P08047-3,SP1_HUMAN,SP1,,,,,
P08069,P08069,IGF1R_HUMAN,IGF1R,,,,44939.1,5667.56
P08123,P08123,CO1A2_HUMAN,COL1A2,7317.84,136964.0,,13283.7,11640.2
P08133,P08133,ANXA6_HUMAN,ANXA6,,,12263.5,37633.4,18553.0
P08134,P08134,RHOC_HUMAN,RHOC,,,,23211.5,
P08138,P08138,TNR16_HUMAN,NGFR,,,1370.455,,
P08138-2,P08138;P08138-2,TNR16_HUMAN,NGFR,,27173.65,13085.0,,
P08174;P08174-2;P08174-3;P08174-4;P08174-5;P08174-6;P08174-7,P08174;P08174-2;P08174-3;P08174-4;P08174-5;P08174-6;P08174-7,DAF_HUMAN,CD55,10543.1,1202340.0,67747.9,132022.0,50353.1
P08183;P08183-2,P08183;P08183-2,MDR1_HUMAN,ABCB1,7077.66,,,33642.1,29017.2
P08185,P08185,CBG_HUMAN,SERPINA6,482295.0,39638200.0,89285.1,213682.0,197608.0
P08195-2,P08195;P08195-4;P08195-2;P08195-3;P08195-5,4F2_HUMAN,SLC3A2,9635.21,,16827.7,32502.2,11256.505
P08217,P08217;P08218,CEL2A_HUMAN,CELA2A,4857.31,,,,21507.2
P08236,P08236;P08236-2;P08236-3,BGLR_HUMAN,GUSB,158268.0,,11075.3,32005.8,9343.57
P08237;P08237-3,P08237;P08237-2;P08237-3,PFKAM_HUMAN,PFKM,,,65471.5,53485.8,13478.9
P08238,P08238,HS90B_HUMAN,HSP90AB1,,1218580.0,464975.0,786273.0,75528.2
P08240,P08240;P08240-2,SRPRA_HUMAN,SRPRA,,,10207.05,22351.8,8799.49
P08243;P08243-2,P08243;P08243-2;P08243-3,ASNS_HUMAN,ASNS,,,,,
P08246,P08246,ELNE_HUMAN,ELANE,,,,,
P08247-2,P08247;P08247-2,SYPH_HUMAN,SYP,,,,,
P08253,P08253;P08253-2;P08253-3,MMP2_HUMAN,MMP2,7596.86,10443.0,11461.0,14371.9,59133.7
P08254,P08254;P09238,MMP3_HUMAN,MMP3,883.837,,17971.3,5988.94,3142.135
P08294,P08294,SODE_HUMAN,SOD3,25759.9,35869.55,492636.0,46940.4,24391.1
P08311,P08311,CATG_HUMAN,CTSG,2599.96,110293.0,60985.9,16584.3,66128.1
P08319;P08319-2,P08319;P08319-2,ADH4_HUMAN,ADH4,1815.92,,24373.95,24642.2,17833.2
P08397,P08397;P08397-2,HEM3_HUMAN,HMBS,1527.8865,9952.39,9332.400000000001,11247.2,8627.305
P08473,P08473,NEP_HUMAN,MME,,,,28805.6,
P08493;P08493-2,P08493;P08493-2,MGP_HUMAN,MGP,39148.7,325146.0,2729640.0,1726840.0,115279.0
P08514,P08514;P08514-2;P08514-3,ITA2B_HUMAN,ITGA2B,16196.6,731703.9,2854600.0,8920370.0,2716480.0
P08519,P08519,APOA_HUMAN,LPA,1277800.0,688289.0,1278420.0,50874300.0,21061000.0
P08559;P08559-2;P08559-4,P08559;P29803;P08559-2;P08559-3;P08559-4,ODPA_HUMAN,PDHA1,,,20675.0,61351.3,14231.7
P08567,P08567,PLEK_HUMAN,PLEK,7913.925,,816424.0,2710130.0,351208.0
P08571,P08571,CD14_HUMAN,CD14,52163.1,46170.9,98717.1,53697.1,101176.0
P08572,P08572,CO4A2_HUMAN,COL4A2,,306309.0,4793.34,10568.2,4728.72
P08574,P08574,CY1_HUMAN,CYC1,,,24520.55,123940.0,30377.85
P08575;P08575-7,P08575;P08575-10;P08575-4;P08575-5;P08575-6;P08575-7;P08575-8;P08575-9,PTPRC_HUMAN,PTPRC,16728.32,743293.0,122949.0,280257.0,51270.3
P08579,P08579,RU2B_HUMAN,SNRPB2,,,,,19918.3
P08581;P08581-2,P08581;P08581-2,MET_HUMAN,MET,2773.75,9915.58,3434.68,,
P08582,P08582;P08582-2,TRFM_HUMAN,MELTF,,,6542.2,20001.6,
P08590,P08590,MYL3_HUMAN,MYL3,4021.21,,6095.110000000001,16218.3,11372.7
P08603,P08603,CFAH_HUMAN,CFH,2595720.0,381010.0,558433.0,1944010.0,11368500.0
P08621,P08621;P08621-4,RU17_HUMAN,SNRNP70,,,,34509.3,
P08631,P08631;P08631-2;P08631-3;P08631-4,HCK_HUMAN,HCK,,,23682.6,21779.9,15687.58
P08637,P08637,FCG3A_HUMAN,FCGR3A,36515.0,8261700.0,43909.3,93628.3,24511.5
P08648,P08648,ITA5_HUMAN,ITGA5,3771.2,9915.21,48223.7,94743.6,32357.65
P08651-2,P08651;P08651-2;P08651-3;P08651-4;P08651-5;P08651-6,NFIC_HUMAN,NFIC,,,,3396.86,
P08670,P08670,VIME_HUMAN,VIM,,70192.0,74085.2,145920.0,57468.6
P08697,P08697;P08697-2,A2AP_HUMAN,SERPINF2,3546720.0,3170300.0,2749540.0,2253030.0,4721030.0
P08708,P08708,RS17_HUMAN,RPS17,15255.77,,22849.535,8514.83,17260.3
P08709;P08709-2,P08709;P08709-2,FA7_HUMAN,F7,59936.6,19314.7,6018090.0,146095.0,93272.7
P08727,P08727,K1C19_HUMAN,KRT19,,,,,
P08729,P08729,K2C7_HUMAN,KRT7,,,,,6468.23
P08754,P08754,GNAI3_HUMAN,GNAI3,,,2092.84,8234.855,4212.97
P08758,P08758,ANXA5_HUMAN,ANXA5,,,42120.3,126404.0,278429.0
P08779,P08779,K1C16_HUMAN,KRT16,11328.4,61761.8,31635.7,31114.6,38570.8
P08833,P08833,IBP1_HUMAN,IGFBP1,,,140017.0,80063.9,
P08842,P08842,STS_HUMAN,STS,,,,62003.0,
P08865,P08865;A0A8I5KQE6,RSSA_HUMAN,RPSA,,,14854.8,35931.25,
P08887;P08887-2,P08887;P08887-2,IL6RA_HUMAN,IL6R,1517.78,31370.7,,,9077.400000000001
P08913,P08913,ADA2A_HUMAN,ADRA2A,,,4999.25,7142.809999999999,2103.8
P08962;P08962-2,P08962;P08962-2;P08962-3,CD63_HUMAN,CD63,,7378.54,,52611.95,
P09001,P09001,RM03_HUMAN,MRPL3,,,,,
P09012,P09012,SNRPA_HUMAN,SNRPA,,,,,
P09086;P09086-2;P09086-3;P09086-4;P09086-5,P09086;P09086-5;P09086-2;P09086-3;P09086-4,PO2F2_HUMAN,POU2F2,16348.3,,,,36788.5
P09104,P09104;P09104-2,ENOG_HUMAN,ENO2,,,16264.9,79241.9,
P09105,P09105,HBAT_HUMAN,HBQ1,,,,24717.0,
P09110,P09110;P09110-2,THIK_HUMAN,ACAA1,,,19333.6,36692.6,3183.66
P09131;P09131-2,P09131;P09131-2,P3_HUMAN,SLC10A3,,,,,
P09132,P09132,SRP19_HUMAN,SRP19,,,,,
P09172,P09172,DOPO_HUMAN,DBH,48733.7,10414.9,24471.0,15364.8,46502.8
P09210,P08263;P09210;Q16772;Q7RTV2,GSTA2_HUMAN,GSTA2,,,,40809.1,
P09211,P09211,GSTP1_HUMAN,GSTP1,,,30659.8,236322.0,14623.3
P09228,P09228,CYTT_HUMAN,CST2,,,,,
P09234,P09234,RU1C_HUMAN,SNRPC,,,,,
P09326,P09326;P09326-2,CD48_HUMAN,CD48,,493968.0,23412.9,88792.8,15235.6
P09327,P09327,VILI_HUMAN,VIL1,1011.09,105543.0,30508.4,43927.05,
P09341,P09341;P19875;P19876,GROA_HUMAN,CXCL1,,221052.75,,22693.8,4626.14
P09382,P09382,LEG1_HUMAN,LGALS1,5330.38,122362.0,42277.1,47477.7,15617.45
P09417,P09417;P09417-2,DHPR_HUMAN,QDPR,,,9453.79,19532.8,18637.1
P09429,P09429;B2RPK0,HMGB1_HUMAN,HMGB1,,32824.75,18025.1,112364.0,16407.4
P09455,P09455;P09455-2;P09455-3,RET1_HUMAN,RBP1,,,,,
P09466;P09466-2,P09466;P09466-2;P09466-3,PAEP_HUMAN,PAEP,,,12029.3,6044.65,
P09467,O00757;P09467,F16P1_HUMAN,FBP1,,,,13971.15,9909.65
P09471,P09471;P09471-2,GNAO_HUMAN,GNAO1,,,,,
P09486,P09486,SPRC_HUMAN,SPARC,6041.0,38204.0,565376.0,366263.0,22305.5
P09493,P09493;P09493-10;P09493-4;P09493-6,TPM1_HUMAN,TPM1,,10844.1,26116.9,77623.0,
P09493-5,P09493-5,TPM1_HUMAN,TPM1,6521.79,,154923.0,706534.0,6080.165
P09493-8,P09493-6;P09493-7;P09493-8,TPM1_HUMAN,TPM1,7421.845,22926.15,487794.0,2212140.0,31228.4
P09496;P09496-3,P09496;P09496-2;P09496-3;P09496-4,CLCA_HUMAN,CLTA,,,22569.7,48071.9,
P09497;P09497-2,P09497;P09497-2,CLCB_HUMAN,CLTB,,,23408.3,57557.8,14239.0
P09525-2,P09525-2,ANXA4_HUMAN,ANXA4,,,,,
P09525;P09525-3,P09525;P09525-2;P09525-3,ANXA4_HUMAN,ANXA4,,,7182.715,31941.3,18015.255
P09543,P09543;P09543-2,CN37_HUMAN,CNP,,,53470.7,159595.0,32385.4
P09564,P09564,CD7_HUMAN,CD7,,,,4354.275,
P09601,P09601,HMOX1_HUMAN,HMOX1,410.211,,104784.4,16661.3,5887.17
P09603,P09603;P09603-2;P09603-3,CSF1_HUMAN,CSF1,1391.68,315055.0,280647.0,,
P09619,P09619,PGFRB_HUMAN,PDGFRB,2435.855,325083.0,90944.8,19076.5,
P09622,P09622;P09622-2;P09622-3,DLDH_HUMAN,DLD,,,6396.93,23417.55,6044.465
P09651;P09651-2;P09651-3,P09651;A0A2R8Y4L2;P09651-2;P09651-3,ROA1_HUMAN,HNRNPA1,,,286964.0,35766.45,23150.8
P09661,P09661,RU2A_HUMAN,SNRPA1,,,,,3042.53
P09668,P09668,CATH_HUMAN,CTSH,5401.93,,12013.3,46779.8,11177.3
P09669,P09669,COX6C_HUMAN,COX6C,,,40566.7,148286.0,63064.5
P09681,P09681,GIP_HUMAN,GIP,3220.54,9482.905,10091.57,10673.415,
P09693,P09693,CD3G_HUMAN,CD3G,,,17697.6,22203.8,185733.0
P09758,P09758,TACD2_HUMAN,TACSTD2,,,,,5487.2
P09769,P09769,FGR_HUMAN,FGR,,,7704.21,16267.1,
P09871,P09871,C1S_HUMAN,C1S,932519.0,284554.0,10098400.0,3915860.0,1506040.0
P09874,P09874,PARP1_HUMAN,PARP1,21250.46,159985.0,77476.2,809688.0,231023.0
P09884,P09884,DPOLA_HUMAN,POLA1,,,,,
P09913,P09913,IFIT2_HUMAN,IFIT2,,,,,
P09914,P09914;P09914-2,IFIT1_HUMAN,IFIT1,,,,13290.65,
P09917,P09917;P09917-2;P09917-3;P09917-4;P09917-5,LOX5_HUMAN,ALOX5,,,,158282.5,
P09958,P09958,FURIN_HUMAN,FURIN,,44258.8,1546.35,46859.2,
P09960,P09960;P09960-4,LKHA4_HUMAN,LTA4H,4836.67,,18522.8,44256.5,29024.3
P09972,P09972,ALDOC_HUMAN,ALDOC,25979.1,,556667.0,144526.5,15769.2
P0C0L4,P0C0L4;P0C0L4-2,CO4A_HUMAN,C4A,526232.0,151856.0,29704400.0,1316530.0,736482.0
P0C0L5,P0C0L4;P0C0L5;P0C0L4-2,CO4B_HUMAN,C4B,2908560.0,855166.0,377831000.0,10033600.0,5065460.0
P0C0S5;Q71UI9,P0C0S5;Q71UI9;Q71UI9-2;Q71UI9-4,H2AV_HUMAN;H2AZ_HUMAN,H2AZ1;H2AZ2,,,,,6727.36
P0C1Z6;P0C1Z6-2,P0C1Z6;P0C1Z6-2,TFPT_HUMAN,TFPT,,,,,
P0C2W1,P0C2W1,FBSP1_HUMAN,FBXO45,,,,14975.9,
P0C7M8,P0C7M8,CLC2L_HUMAN,CLEC2L,,,10155.415,31691.3,6886.04
P0C7P0,P0C7P0,CISD3_HUMAN,CISD3,,,,,
P0C7P3;P0C7P3-2,P0C7P3;P0C7P3-2,SLN14_HUMAN,SLFN14,,,28940.6,70802.6,11842.6
P0C7T5,P0C7T5,ATX1L_HUMAN,ATXN1L,,,44965.1,45451.8,24167.4
P0C869-6,P0C869;P0C869-6;P0C869-8;P0C869-7,PA24B_HUMAN,PLA2G4B,,,,,
P0C870,P0C870,JMJD7_HUMAN,JMJD7,,,,,
P0CAP1,P0CAP1;P0CAP1-10;P0CAP1-11;P0CAP1-2;P0CAP1-3;P0CAP1-4;P0CAP1-5;P0CAP1-6;P0CAP1-7;P0CAP1-8;P0CAP1-9,MYZAP_HUMAN,MYZAP,,,,16192.85,
P0CAP2;P0CAP2-3,P0CAP2;P0CAP1-11;P0CAP2-2;P0CAP2-3,GRL1A_HUMAN,POLR2M,,,,7000.99,7209.79
P0CF51,P0CF51,TRGC1_HUMAN,TRGC1,,,,17660.1,
P0CG12,P0CG12,DERPC_HUMAN,DERPC,,,3079.94,,10848.26
P0CG29;P0CG30,P0CG30;P0CG29,GST2_HUMAN;GSTT2_HUMAN,GSTT2;GSTT2B,,,6734.805,8657.275,
P0CG33,Q9NYA3;A6NDN3;A6NDK9;P0CG33,GOG6D_HUMAN,GOLGA6D,,,,8474.855,
P0CG34;P0CG35;P0DX04,P0CG34;P0CG35;P0DX04,TB15A_HUMAN;TB15B_HUMAN;TB15C_HUMAN,TMSB15A;TMSB15B;TMSB15C,,,,,
P0CG38,Q6S8J3;Q9BYX7;P0CG38;P0CG39,POTEI_HUMAN,POTEI,,,5788.16,70491.9,26518.8
P0CG39,P0CG39,POTEJ_HUMAN,POTEJ,,,,,
P0CH99;P0CI00,P0CH99;P0CI00,Z705B_HUMAN;Z705D_HUMAN,ZNF705B;ZNF705D,,,1112620.0,261768.0,112017.0
P0CJ78,P0CJ78,ZN865_HUMAN,ZNF865,,,,,
P0CJ92,A6NC78;H3BSY2;A6NMD2;D6RF30;H3BQL2;P0CJ92;H3BSY2-2;H3BSY2-3,GOG8H_HUMAN,GOLGA8H,,,,523885.0,114248.0
P0CK96,P0CK96,S352B_HUMAN,SLC35E2B,,,,,
P0DI81;P0DI81-3;P0DI82,P0DI81;P0DI82;P0DI81-3,TPC2A_HUMAN;TPC2B_HUMAN,TRAPPC2;TRAPPC2B,,,,156947.0,
P0DJI8,P0DJI8;P0DJI9;P0DJI9-2,SAA1_HUMAN,SAA1,68945.5,72014.7,99126.3,577393.0,64048.7
P0DJI9,P0DJI9,SAA2_HUMAN,SAA2,6959.745000000001,148344.0,31284.25,241889.0,15110.5
P0DML3-2,P01241;P01242;P0DML2;P0DML3;P01241-2;P01241-3;P01241-4;P01242-2;P01242-3;P01242-4;P0DML3-2,CSH2_HUMAN,CSH2,,,,,
P0DMM9;P0DMM9-3;P0DMN0,P0DMM9;P0DMN0;P0DMM9-2;P0DMM9-3,ST1A3_HUMAN;ST1A4_HUMAN,SULT1A3;SULT1A4,,,32473.8,46182.39999999999,4644.34
P0DMQ5,P0DMQ5,INAM2_HUMAN,INAFM2,,303131.5,14045.15,57974.35000000001,12818.805
P0DMV8;P0DMV9,P0DMV8;P0DMV9;P17066;P48741;P0DMV8-2,HS71A_HUMAN;HS71B_HUMAN,HSPA1A;HSPA1B,5111.13,,120479.0,427142.0,191290.0
P0DOY3,P0DOY3,IGLC3_HUMAN,IGLC3,95863.0,624360.0,146904.0,383046.0,327417.0
P0DP01,P0DP01,HV108_HUMAN,IGHV1-8,45415.25,24769.1,35440.7,163980.0,27080.2
P0DP07,P0DP07,HV431_HUMAN,IGHV4-31,15207.05,78612.1,,71166.4,34442.75
P0DP08,P01824;P01825;P06331;A0A0C4DH41;P0DP06;P0DP08,HVD82_HUMAN,IGHV4-38-2,143704.0,193205.0,29004.9,79804.8,33071.4
P0DP23;P0DP24;P0DP25,P0DP23;P0DP24;P0DP25,CALM1_HUMAN;CALM2_HUMAN;CALM3_HUMAN,CALM1;CALM2;CALM3,5371.629999999999,75194.6,588891.0,937922.0,
P0DP57;P0DP58-2,P0DP57;P0DP58-2,LYNX1_HUMAN;SLUR2_HUMAN,LYNX1;SLURP2,,9991.57,,18201.35,
P0DP91,P0DP91;Q8N328,ERPG3_HUMAN,ERCC6,,,,,
P0DPA2,P0DPA2;P0DPA3,VSIG8_HUMAN,VSIG8,,,,,
P0DPB5,P0DPB5,RPC22_HUMAN,POLR1D,,,,17303.7,
P0DPB6,P0DPB6,RPAC2_HUMAN,POLR1D,,,,,
P0DSE2,P0DSE2;A0A075B6N1,TRBR1_HUMAN,TRB,,,,,
P0DTE1,P0DTE1,HV383_HUMAN,IGHV3-38-3,35419.6,30119.2,,14595.9,
P0DTE7;P0DTE8;P0DUB6,P0DTE7;P0DTE8;P0DUB6;P19961;P19961-2,AMY1A_HUMAN;AMY1B_HUMAN;AMY1C_HUMAN,AMY1A;AMY1B;AMY1C,6974.06,3453.13,,2317.85,8802.63
P0DTL6,P0DTL6;P0DTL6-1;P0DTL6-2,ZTRF1_HUMAN,ZFTRAF1,,,,,
P0DTU3,P01848;P0DSE1;P0DTU3,TRAR2_HUMAN,TRA,,,4338.06,30193.85,
P0DTU4,P01850;P0DSE2;P0DTU4;A0A5B9,TRBR2_HUMAN,TRB,,,8358.42,17954.7,6781.82
P10114,P10114,RAP2A_HUMAN,RAP2A,,,10319.6,22465.7,3015.41
P10124,P10124,SRGN_HUMAN,SRGN,7808.19,1113450.0,1125620.0,1145670.0,36811.3
P10144,P10144,GRAB_HUMAN,GZMB,,,,,
P10153,P10153,RNAS2_HUMAN,RNASE2,,88566.5,,3017.3,4290.92
P10155,P10155;P10155-3;P10155-4;P10155-5,RO60_HUMAN,RO60,,,17870.0,34722.05,6462.25
P10163,P10163,PRB4_HUMAN,PRB4,,,,11374.9,2679.75
P10253,P10253,LYAG_HUMAN,GAA,,,3583.41,19398.1,6415.85
P10276-2,P10276;P10276-2;P10276-3,RARA_HUMAN,RARA,,,,,
P10301,P10301,RRAS_HUMAN,RRAS,,,13341.9,37385.6,10652.2
P10321,P10321;P10321-2,HLAC_HUMAN,HLA-C,8644.22,58082.75,159886.0,479667.0,116678.0
P10398,P10398,ARAF_HUMAN,ARAF,,,,32786.3,6315.110000000001
P10412,P10412;P16401;P16402;P16403;Q02539,H14_HUMAN,H1-4,10740394.725,144486.0,6140.305,44665.2,96874.0
P10415,P10415;P10415-2,BCL2_HUMAN,BCL2,,,,,
P10451-3,P10451-3,OSTP_HUMAN,SPP1,,88723.45000000001,30038.45,43584.4,
P10451-5,P10451;P10451-4;P10451-5,OSTP_HUMAN,SPP1,4127.99,1221670.0,664010.0,328167.0,
P10515,P10515,ODP2_HUMAN,DLAT,,,27158.6,35932.4,14085.5
P10586,P10586;P10586-2,PTPRF_HUMAN,PTPRF,5633.95,2889.01,11511.2,10175.7,12709.0
P10599,P10599,THIO_HUMAN,TXN,2530.76,610714.0,34136.1,122324.0,14928.2
P10606,P10606,COX5B_HUMAN,COX5B,,,132773.0,353899.0,53139.0
P10619;P10619-2,P10619;P10619-2,PPGB_HUMAN,CTSA,,,47669.2,46048.5,6628.24
P10620,P10620;P10620-2,MGST1_HUMAN,MGST1,,,7235.825,13686.9,4420.67
P10636-2;P10636-3;P10636-4;P10636-5,P10636-2;P10636-3;P10636-4;P10636-5,TAU_HUMAN,MAPT,,5497.81,,,
P10636;P10636-6;P10636-7;P10636-8;P10636-9,P10636;P10636-8;P10636-6;P10636-2;P10636-3;P10636-4;P10636-5;P10636-7;P10636-9,TAU_HUMAN,MAPT,2408.53,,,43327.6,19989.1
P10643,P10643,CO7_HUMAN,C7,869770.0,219273.0,516031.0,422140.0,4759490.0
P10644,P10644;P10644-2,KAP0_HUMAN,PRKAR1A,3333.51,11196.6,140319.0,398398.0,91682.6
P10645,P10645,CMGA_HUMAN,CHGA,4855.52,178718.0,566682.0,169892.0,10669.3
P10646,P10646,TFPI1_HUMAN,TFPI,8312.060000000001,86239.54999999999,76334.75,90675.7,314498.0
P10720,P10720,PF4V_HUMAN,PF4V1,1065.13,33093.0,27836.9,126691.0,103901.0
P10721;P10721-2,P10721;P10721-2,KIT_HUMAN,KIT,6369.78,995957.0,22700.4,14974.6,113956.0
P10746,P10746,HEM4_HUMAN,UROS,,,,4125.52,
P10747;P10747-7,P10747;P10747-7,CD28_HUMAN,CD28,,30075.75,,,
P10768,P10768,ESTD_HUMAN,ESD,,,23057.0,87067.4,41609.14999999999
P10809,P10809,CH60_HUMAN,HSPD1,,,92355.6,298955.0,74148.1
P10909;P10909-2;P10909-4;P10909-5;P10909-6,P10909;P10909-4;P10909-6;P10909-2;P10909-3;P10909-5,CLUS_HUMAN,CLU,2743280.0,27726900.0,28750000.0,10395900.0,23787000.0
P10912;P10912-2;P10912-3,P10912;P10912-2;P10912-3;P10912-4,GHR_HUMAN,GHR,2215.265,118007.0,10100.4,,
P10914,P10914,IRF1_HUMAN,IRF1,,,,,
P10915,P10915,HPLN1_HUMAN,HAPLN1,,,17688.55,31191.2,
P10916,P10916,MLRV_HUMAN,MYL2,,,25670.8,49089.0,9617.98
P10966;P10966-2;P10966-3;P10966-4;P10966-6;P10966-7;P10966-8;P10966-9,P10966;A6NJW9;P10966-2;P10966-3;P10966-4;P10966-6;P10966-7;P10966-8;P10966-9,CD8B_HUMAN,CD8B,,,,,
P11021,P11021,BIP_HUMAN,HSPA5,23656.8,12019.8,633370.0,795155.0,611835.0
P11047,P11047,LAMC1_HUMAN,LAMC1,2385.42,32011.8,46581.1,14772.1,5845.125
P11049;P11049-2,P11049;P11049-2;P11049-3,CD37_HUMAN,CD37,669.512,17489.65,168385.0,450821.0,13405.9
P11117,P11117,PPAL_HUMAN,ACP2,,,75626.43,13061.5,6182.38
P11137;P11137-3,P11137;P11137-2;P11137-4;P11137-3,MTAP2_HUMAN,MAP2,,6336.46,,17052.4,1938.9
P11142,P11142;P54652;P11142-2,HSP7C_HUMAN,HSPA8,20141.1,16642.85,470905.0,1625770.0,208411.0
P11150,P11150,LIPC_HUMAN,LIPC,6617.865,,85191.7,46636.2,29211.05
P11166,P11166,GTR1_HUMAN,SLC2A1,1688.69,,111239.0,1833310.0,705039.0
P11169,P11169;Q8TDB8;Q8TDB8-2;Q8TDB8-3;Q8TDB8-4;Q8TDB8-5,GTR3_HUMAN,SLC2A3,,94307.3,84967.0,334908.0,154280.0
P11171-2,P11171;Q9H4G0;Q9Y2J2;P11171-2;P11171-7;P11171-3;P11171-4;P11171-5;P11171-6;Q9H4G0-2;Q9H4G0-3;Q9H4G0-4;Q9Y2J2-2;Q9Y2J2-3;Q9Y2J2-4,EPB41_HUMAN,EPB41,3121.72,6172980.0,48949.6,1064480.0,136785.0
P11171-4,P11171-4,EPB41_HUMAN,EPB41,,,3014.8,21880.9,11524.6
P11171-6,P11171-5;P11171-6,EPB41_HUMAN,EPB41,,,,,
P11172,P11172;P11172-3,UMPS_HUMAN,UMPS,,,16792.8,26916.4,54483.6
P11177;P11177-2,P11177;P11177-2;P11177-3,ODPB_HUMAN,PDHB,,,14745.7,63403.6,5811.735
P11182,P11182,ODB2_HUMAN,DBT,,,19291.485,18702.4,
P11215;P11215-2,P11215;P11215-2,ITAM_HUMAN,ITGAM,3902.89,,16776.0,93230.9,16363.6
P11216,P06737;P11216;P11217;P06737-2;P11217-2,PYGB_HUMAN,PYGB,8617.265,200918.0,166784.0,449489.0,60302.5
P11217,P11217;P11217-2,PYGM_HUMAN,PYGM,12402.7,,49917.4,9749.49,17792.35
P11226,P11226,MBL2_HUMAN,MBL2,118776.0,127557.0,335561.0,114110.0,408547.0
P11233,P11233,RALA_HUMAN,RALA,,,40012.2,83356.9,48238.1
P11234;P11234-2,P11233;P11234;P11234-2;P11234-3,RALB_HUMAN,RALB,990321.0,,117093.0,309649.0,50573.6
P11274,P11274;P11274-2,BCR_HUMAN,BCR,,54374.5,6450.25,14900.1,
P11277,P11277,SPTB1_HUMAN,SPTB,,,,24077.1,
P11277-2,P11277;P11277-2;P11277-3,SPTB1_HUMAN,SPTB,3447.99,46811.6,95623.8,2094530.0,288982.0
P11279,P11279,LAMP1_HUMAN,LAMP1,16871.6,5603410.0,63807.2,133909.0,40201.0
P11308;P11308-1;P11308-3;P11308-5,P11308;P11308-1;P11308-3;P11308-5;P11308-6,ERG_HUMAN,ERG,,,,,
P11309-2,P11309;P11309-2,PIM1_HUMAN,PIM1,,,,,
P11310;P11310-2,P11310;P11310-2,ACADM_HUMAN,ACADM,,,32699.9,99611.2,11525.4
P11362-16,P11362;P11362-10;P11362-11;P11362-16;P11362-2;P11362-20;P11362-3;P11362-4;P11362-8;P11362-9,FGFR1_HUMAN,FGFR1,,436851.0,155868.0,42422.85,
P11362-21;P11362-7,P11362;P11362-10;P11362-11;P11362-12;P11362-13;P11362-14;P11362-16;P11362-18;P11362-19;P11362-2;P11362-20;P11362-21;P11362-3;P11362-4;P11362-5;P11362-6;P11362-7;P11362-8;P11362-9,FGFR1_HUMAN,FGFR1,5196.61,1087680.0,387848.0,37381.5,
P11387,P11387,TOP1_HUMAN,TOP1,10151.6,,91375.7,2479.0,51603.1
P11388;P11388-2;P11388-3;P11388-4,P11388;P11388-2;P11388-3;P11388-4,TOP2A_HUMAN,TOP2A,,,,,1373.8
P11413;P11413-2,P11413;P11413-2;P11413-3,G6PD_HUMAN,G6PD,3584.37,92050.6,86762.5,250072.0,26271.9
P11441,P11441,UBL4A_HUMAN,UBL4A,15707.4,99813.3,15177.9,34977.75,12176.3
P11474,P11474,ERR1_HUMAN,ESRRA,,,,,
P11498,P11498;P11498-2,PYC_HUMAN,PC,,,,,
P11586,P11586,C1TC_HUMAN,MTHFD1,,,27607.3,98411.4,26019.0
P11597,P11597;P11597-2,CETP_HUMAN,CETP,24050.4,14312.5,265697.0,117908.0,98227.3
P11678,P11678,PERE_HUMAN,EPX,,,10838.705,7395.88,12639.1
P11717,P11717,MPRI_HUMAN,IGF2R,11934.2,14798.4,22725.7,,10527.0
P11766,P11766,ADHX_HUMAN,ADH5,,,37421.45,128338.0,11977.3
P11802,P11802;P11802-2,CDK4_HUMAN,CDK4,,,,,
P11836,P11836;P11836-2,CD20_HUMAN,MS4A1,,,41019.9,37936.1,8478.52
P11908;P11908-2,P11908;P21108;P11908-2,PRPS2_HUMAN,PRPS2,,,6862.87,25879.6,
P11940,P11940;Q4VXU2;P11940-2;Q4VXU2-2,PABP1_HUMAN,PABPC1,54259.5,,27131.1,105823.0,20115.1
P12004,P12004,PCNA_HUMAN,PCNA,,,191808.0,50821.8,
P12035,P12035,K2C3_HUMAN,KRT3,,103659.0,,830544.0,1823960.0
P12036,P12036;P12036-2,NFH_HUMAN,NEFH,,,,,
P12074,P12074,CX6A1_HUMAN,COX6A1,,,,,
P12081,P12081;P49590;P12081-2;P12081-3;P12081-4;P49590-2,HARS1_HUMAN,HARS1,36445.0,,19782.5,41556.7,29542.9
P12107;P12107-2;P12107-3;P12107-4,P12107;P12107-2;P12107-3;P12107-4,COBA1_HUMAN,COL11A1,3664.935,51531.1,,,
P12109,P12109,CO6A1_HUMAN,COL6A1,5181.41,19961.55,19707.7,31841.9,24308.9
P12110,P12110;P12110-2;P12110-3,CO6A2_HUMAN,COL6A2,2249.62,19508.5,16302.9,39955.6,30446.2
P12111,P12111;P12111-2;P12111-4,CO6A3_HUMAN,COL6A3,23228.9,350113.0,94774.6,125529.0,354207.0
P12235,P12235,ADT1_HUMAN,SLC25A4,,,,8570.67,
P12236,P12235;P12236,ADT3_HUMAN,SLC25A6,,,33224.3,109156.0,30391.4
P12259,P12259,FA5_HUMAN,F5,145548.0,199340.0,25436200.0,11815000.0,23088300.0
P12268,P12268,IMDH2_HUMAN,IMPDH2,1475.29,,10700.415,21719.9,18679.77
P12270,P12270;P12270-2,TPR_HUMAN,TPR,116653.0,,,,
P12273,P12273,PIP_HUMAN,PIP,2876.955,72778.6,27323.9,35031.3,36273.9
P12277,P12277,KCRB_HUMAN,CKB,,,,,4503.51
P12314,P12314;P12314-2,FCGR1_HUMAN,FCGR1A,,15438.4,,6441.9,2000.07
P12318;P12318-2,P12318;P12318-2,FCG2A_HUMAN,FCGR2A,6860.5,202591.0,34029.5,42567.60000000001,22339.8
P12429,P12429,ANXA3_HUMAN,ANXA3,,,25774.5,75674.9,11834.4
P12532,P12532;P12532-2,KCRU_HUMAN,CKMT1A,,,105615.0,45329.9,16506.2
P12544;P12544-2,P12544;P12544-2,GRAA_HUMAN,GZMA,,,,,
P12644,P12644,BMP4_HUMAN,BMP4,,,3572.1,,8941.57
P12694,P12694;P12694-2,ODBA_HUMAN,BCKDHA,,,,34871.8,6826.27
P12724,P12724,ECP_HUMAN,RNASE3,,19244.7,,,26435.4
P12755,P12755,SKI_HUMAN,SKI,,,,8179.43,
P12814,P12814,ACTN1_HUMAN,ACTN1,,,36530.05,57404.6,
P12814-3,P12814;P12814-2;P12814-3;P12814-4,ACTN1_HUMAN,ACTN1,14638.9,39156.75,1650980.0,6390120.0,81047.4
P12821,P12821;P12821-2,ACE_HUMAN,ACE,5593.65,7641.45,27381.3,44728.0,13086.0
P12829,P12829,MYL4_HUMAN,MYL4,8238.53,368002.0,35508.8,42925.9,15433.8
P12830,P12830;P12830-2,CADH1_HUMAN,CDH1,16003.8,25954.4,264643.0,275734.0,210229.0
P12882,P12882,MYH1_HUMAN,MYH1,,8010.655,,,
P12883,P12883;P13533,MYH7_HUMAN,MYH7,12204.4,23076.3,12233.0,29367.05,19251.94
P12931;P12931-2;P12931-3,P06241;P06241-3;P07947;P12931;P06241-2;P12931-2;P12931-3,SRC_HUMAN,SRC,,115027.0,77856.0,276902.0,38754.6
P12955,P12955;P12955-2,PEPD_HUMAN,PEPD,35229.0,6292.45,29449.5,43066.0,33428.7
P12956,P12956;P12956-2,XRCC6_HUMAN,XRCC6,1686.42,,,14432.9,8693.19
P13010,P13010,XRCC5_HUMAN,XRCC5,,,,,29511.94
P13051;P13051-2,P13051;P13051-2,UNG_HUMAN,UNG,,,,,
P13073,P13073,COX41_HUMAN,COX4I1,,,65810.8,171051.0,51892.4
P13196,P13196,HEM1_HUMAN,ALAS1,,,,,
P13224;P13224-2,P13224;P13224-2,GP1BB_HUMAN,GP1BB,4946.66,12005.7,1861740.0,4719080.0,1613060.0
P13284,P13284,GILT_HUMAN,IFI30,,14469.9,,,
P13473,P13473;P13473-2;P13473-3,LAMP2_HUMAN,LAMP2,8785.67,733963.0,9045.31,6071.51,8507.47
P13489,P13489,RINI_HUMAN,RNH1,8334.47,,77134.2,290587.0,23585.6
P13497,P13497;Q9Y6L7;P13497-2;P13497-5;P13497-6,BMP1_HUMAN,BMP1,5782.7,120540.0,59555.2,55819.5,48416.8
P13498,P13498,CY24A_HUMAN,CYBA,,,,16372.625,
P13501,P13501,CCL5_HUMAN,CCL5,,62736.6,16337.0,122931.0,71943.3
P13521,P13521,SCG2_HUMAN,SCG2,,35355.89999999999,51255.9,57961.0,2002.11
P13591,P13591;P13591-1;P13591-3;P13591-4;P13591-5;P13591-6,NCAM1_HUMAN,NCAM1,22783.1,403599.0,1993500.0,65242.6,9868.915
P13591-3,P13591-1;P13591-3;P13591-4,NCAM1_HUMAN,NCAM1,,31058.9,43746.6,,
P13598,P13598,ICAM2_HUMAN,ICAM2,21354.7,8081780.0,93551.3,213366.0,44219.5
P13611,P13611;P13611-2;P13611-3;P13611-4;P13611-5,CSPG2_HUMAN,VCAN,3498.02,173579.0,254785.0,367607.0,21761.65
P13612,P13612,ITA4_HUMAN,ITGA4,,1315926.0,17778.8,23291.5,29628.265
P13631-3,P13631-3,RARG_HUMAN,RARG,,,,,
P13637;P13637-2;P13637-3,P13637;P13637-2;P13637-3,AT1A3_HUMAN,ATP1A3,,,,,
P13639,P13639,EF2_HUMAN,EEF2,,918002.0,25930.4,102297.0,43835.2
P13645,P13645,K1C10_HUMAN,KRT10,15927.69,518439.0,371685.0,3634190.0,2356360.0
P13646,P13646;P19012;Q99456;P13646-2;P13646-3;P19012-2,K1C13_HUMAN,KRT13,,1129599.5,,42247.1,410162.0
P13647,P13647,K2C5_HUMAN,KRT5,4512.6,61249.3,47871.8,191418.0,196333.0
P13667,P13667,PDIA4_HUMAN,PDIA4,3703.47,,273811.0,152574.0,17755.0
P13671,P13671,CO6_HUMAN,C6,321715.0,97325.9,148876.0,144321.0,1279210.0
P13674,P13674;P13674-2;P13674-3,P4HA1_HUMAN,P4HA1,,,35651.0,34411.05,22054.6
P13688-2,P06731;P13688;P31997;P13688-8;P13688-10;P13688-11;P13688-2;P13688-3;P13688-4;P13688-5;P13688-6;P13688-9;P06731-2,CEAM1_HUMAN,CEACAM1,3855.68,1356640.0,19735.7,36970.3,
P13688-4,P13688-4,CEAM1_HUMAN,CEACAM1,970.788,147265.0,,,
P13688-9,P13688-9,CEAM1_HUMAN,CEACAM1,,40521.3,,,
P13693,P13693;P13693-2;Q56UQ5,TCTP_HUMAN,TPT1,,,,28701.15,
P13716,P13716;P13716-2,HEM2_HUMAN,ALAD,6659.24,,35392.3,296844.0,15550.55
P13716-2,P13716-2,HEM2_HUMAN,ALAD,,,,,
P13726,P13726,TF_HUMAN,F3,,,7582.18,,2609.53
P13727,P13727;P13727-2,PRG2_HUMAN,PRG2,9645.85,29283.25,587058.0,23298.8,14255.8
P13747,P13747,HLAE_HUMAN,HLA-E,2165.34,,53371.3,186225.0,57781.7
P13765,P13765,DOB_HUMAN,HLA-DOB,,,,,14707.9
P13796,P13796;P13796-2,PLSL_HUMAN,LCP1,113714.0,79063.2,168477.0,391735.0,182861.0
P13797,P13797;P13797-2;P13797-3,PLST_HUMAN,PLS3,1074.292,,15799.25,42140.2,9935.16
P13798,P13798,ACPH_HUMAN,APEH,4823.77,,112547.0,185986.0,12561.25
P13804,P13804;P13804-2,ETFA_HUMAN,ETFA,,,31125.85,91487.3,16166.39
P13807,P13807,GYS1_HUMAN,GYS1,,,14415.9,24477.1,
P13861;P13861-2,P13861;P13861-2,KAP2_HUMAN,PRKAR2A,,,7067.235000000001,9545.025,3838.55
P13928,P13928;P13928-2,ANXA8_HUMAN,ANXA8,,,,,
P13929,P13929;P13929-2;P13929-3,ENOB_HUMAN,ENO3,,,15676.8,136232.55,13300.555
P13984,P13984,T2FB_HUMAN,GTF2F2,1637.07,,17755.9,7108.01,
P13987;P13987-2,P13987;P13987-2,CD59_HUMAN,CD59,13922.0,149661.0,33994.9,124255.0,15468.9
P13994,P13994,YJU2B_HUMAN,YJU2B,,,,,
P13995,P13995;P13995-2,MTDC_HUMAN,MTHFD2,,,26445.3,15982.7,
P14136;P14136-2;P14136-3,P14136;P14136-3;P14136-2,GFAP_HUMAN,GFAP,,,12758.8,,
P14151;P14151-2,P14151;P14151-2,LYAM1_HUMAN,SELL,113340.0,34227800.0,1586480.0,466321.0,91409.1
P14174,P14174,MIF_HUMAN,MIF,26144.05,,138580.5,665080.0,39564.10000000001
P14207,P14207,FOLR2_HUMAN,FOLR2,1901.57,37255.75,11715.6,39735.6,
P14209,P14209;P14209-2,CD99_HUMAN,CD99,5760.51,24758.9,13729.7,24878.1,
P14222,P14222,PERF_HUMAN,PRF1,,,,28116.1,13925.5
P14314;P14314-2,P14314;P14314-2,GLU2B_HUMAN,PRKCSH,5010.62,9502.445,781633.0,158433.0,9582.65
P14316;P14316-2,P14316;P14316-2,IRF2_HUMAN,IRF2,815.254,,,,
P14317,P14317;P14317-2,HCLS1_HUMAN,HCLS1,9324.93,19302.5,25110.5,46047.7,6445.455
P14317-2,P14317-2,HCLS1_HUMAN,HCLS1,,,,,
P14324;P14324-2,P14324;P14324-2,FPPS_HUMAN,FDPS,,,32135.7,98602.5,7614.08
P14373,P14373;P14373-2,TRI27_HUMAN,TRIM27,,,,,
P14384,P14384,CBPM_HUMAN,CPM,,,,18185.65,5270.07
P14406,P14406,CX7A2_HUMAN,COX7A2,,,91010.5,180858.0,12126.3
P14415,P14415,AT1B2_HUMAN,ATP1B2,1106.72,31670.7,,,
P14543,P14543;P14543-2,NID1_HUMAN,NID1,9693.57,15799.7,1963460.0,232367.0,35526.5
P14550,P14550,AK1A1_HUMAN,AKR1A1,,,16184.8,28273.2,5932.05
P14555,P14555,PA2GA_HUMAN,PLA2G2A,,9503.269999999999,,20623.5,61339.7
P14618,P14618;P14618-2;P14618-3,KPYM_HUMAN,PKM,22705.5,15997.95,845200.0,3174940.0,574462.0
P14618-2,P14618-2,KPYM_HUMAN,PKM,,,38153.0,42764.5,32216.7
P14621,P14621,ACYP2_HUMAN,ACYP2,,8621.345000000001,18223.98,10632.56,
P14625,P14625,ENPL_HUMAN,HSP90B1,16069.6,125417.0,2555100.0,1238950.0,79529.6
P14649,P14649,MYL6B_HUMAN,MYL6B,,,,7543.235000000001,3761.745
P14672,P14672;P14672-2,GLUT4_HUMAN,SLC2A4,,,,14689.6,8541.77
P14678;P14678-2;P14678-3,P14678;P14678-2;P14678-3,RSMB_HUMAN,SNRPB,,,,7452.58,
P14735,P14735;P14735-2,IDE_HUMAN,IDE,4389.72,,6937.860000000001,47743.0,13718.9
P14770,P14770,GPIX_HUMAN,GP9,4092.72,,273022.0,1020340.0,226581.0
P14778,P14778,IL1R1_HUMAN,IL1R1,,531182.0,7558.23,,2800.325
P14780,P14780,MMP9_HUMAN,MMP9,3409.66,,15389.15,17332.0,8053.28
P14784,P14784,IL2RB_HUMAN,IL2RB,,,,,
P14854,P14854,CX6B1_HUMAN,COX6B1,,,8631.400000000001,94266.4,
P14859;P14859-2;P14859-3;P14859-4;P14859-5;P14859-6,P14859;P14859-6;P14859-2;P14859-3;P14859-4;P14859-5,PO2F1_HUMAN,POU2F1,,,1224.09,,
P14866,P14866,HNRPL_HUMAN,HNRNPL,,,,169087.0,52239.5
P14868,P14868,SYDC_HUMAN,DARS1,,,29016.0,89786.0,13203.3
P14921,P14921;P14921-3;P14921-4,ETS1_HUMAN,ETS1,,,9346.51,,
P14923,P14923,PLAK_HUMAN,JUP,,14430.2,23177.0,36943.0,40042.4
P14927,P14927,QCR7_HUMAN,UQCRB,,,17677.9,154215.0,
P15056,P15056,BRAF_HUMAN,BRAF,,,,,
P15088,P15088,CBPA3_HUMAN,CPA3,,,,,
P15090,P15090,FABP4_HUMAN,FABP4,2898.27,,8353.625,16760.75,1273.83
P15104,P15104,GLNA_HUMAN,GLUL,,,,17969.3,
P15121,P15121,ALDR_HUMAN,AKR1B1,,,28858.8,81559.65,
P15144,P15144,AMPN_HUMAN,ANPEP,18993.2,12201.5,27123.3,203145.0,41883.8
P15151-3,P15151;P15151-2;P15151-3;P15151-4,PVR_HUMAN,PVR,10078.6,2905000.0,9488.025,8705.59,
P15153,P15153;P60763;P63000;P63000-2,RAC2_HUMAN,RAC2,1854.79,,40824.5,101400.0,20458.75
P15169,P15169,CBPN_HUMAN,CPN1,241835.0,62497.5,511136.0,183033.0,14807800.0
P15170-2;P15170-3,P15170;P15170-2;P15170-3,ERF3A_HUMAN,GSPT1,,,23544.8,51360.7,6891.745000000001
P15260,P15260;P15260-2,INGR1_HUMAN,IFNGR1,,,6628.43,,
P15289;P15289-2,P15289;P15289-2,ARSA_HUMAN,ARSA,,,20786.595,40392.8,
P15291,P15291;P15291-2,B4GT1_HUMAN,B4GALT1,4199.64,,66716.65,29656.5,51191.7
P15309;P15309-2,P15309;P15309-2;P15309-3,PPAP_HUMAN,ACP3,,,,6034.63,4538.105
P15311,P15311,EZRI_HUMAN,EZR,,,31767.0,73037.9,44777.9
P15336;P15336-5,P15336;P15336-2;P15336-4;P15336-5,ATF2_HUMAN,ATF2,,,,,
P15374,P15374,UCHL3_HUMAN,UCHL3,,,21428.1,40517.7,
P15391,P15391;P15391-2,CD19_HUMAN,CD19,,,3896.83,5102.56,
P15408;P15408-3,P15408;P15408-3,FOSL2_HUMAN,FOSL2,,,,,
P15428,P15428;P15428-2;P15428-4;P15428-5,PGDH_HUMAN,HPGD,,,,,
P15498,P15498,VAV_HUMAN,VAV1,,,15270.7,30009.55,8984.91
P15502;P15502-1;P15502-10;P15502-12;P15502-13;P15502-2;P15502-4;P15502-5;P15502-6;P15502-7;P15502-9,P15502;P15502-1;P15502-10;P15502-12;P15502-13;P15502-2;P15502-4;P15502-5;P15502-6;P15502-7;P15502-9,ELN_HUMAN,ELN,,17384.4,,12832.0,5516.059999999999
P15509;P15509-7,P15509;P15509-3;P15509-2;P15509-5;P15509-7;P15509-8,CSF2R_HUMAN,CSF2RA,,42167.5,,,
P15529-16,P15529-3;P15529-16;P15529-2;P15529-4;P15529-5;P15529-6;P15529-7,MCP_HUMAN,CD46,,,,,
P15529;P15529-10;P15529-11;P15529-12;P15529-13;P15529-14;P15529-15,P15529;P15529-3;P15529-10;P15529-11;P15529-12;P15529-13;P15529-14;P15529-15;P15529-16;P15529-2;P15529-4;P15529-5;P15529-6;P15529-7;P15529-8;P15529-9,MCP_HUMAN,CD46,,127554.0,80997.05,137909.0,34377.7
P15531;P15531-2,P15531;P22392-2;P15531-2,NDKA_HUMAN,NME1,9581.19,,131593.0,489577.0,39042.5
P15559;P15559-2;P15559-3,P15559;P15559-2;P15559-3,NQO1_HUMAN,NQO1,,,,,
P15586,P15586;P15586-2,GNS_HUMAN,GNS,,30764.5,,17366.1,10767.885
P15735,P15735;P15735-2,PHKG2_HUMAN,PHKG2,,,157526.0,28609.85,5843.16
P15814,P15814,IGLL1_HUMAN,IGLL1,118177.0,65742.6,40474.5,61315.25,79622.3
P15848,P15848,ARSB_HUMAN,ARSB,,,,5198.89,
P15863;P15863-2;P15863-3,P15863;P55771;P15863-2;P15863-3,PAX1_HUMAN,PAX1,,,,,
P15880,P15880,RS2_HUMAN,RPS2,,8231460.0,11003.3,16892.7,13838.0
P15907,P15907;P15907-2,SIAT1_HUMAN,ST6GAL1,1397.8875,102349.85,19725.4,9092.49,11696.7
P15924,P15924;P15924-2;P15924-3,DESP_HUMAN,DSP,972217.6,33553.25,18616.4,52923.3,61815.0
P15927-3,P15927;P15927-2;P15927-3,RFA2_HUMAN,RPA2,,,,,
P15941-11;P15941-17;P15941-7,P15941;P15941-11;P15941-13;P15941-17;P15941-2;P15941-3;P15941-4;P15941-7;P15941-8,MUC1_HUMAN,MUC1,3050.505,307631.0,114547.0,710547.0,
P15954,P15954,COX7C_HUMAN,COX7C,,,36056.0,66235.9,53288.05
P16035,P16035,TIMP2_HUMAN,TIMP2,9570.84,9368.19,7519.655000000001,4399.31,45537.2
P16050;P16050-2,P16050;P16050-2,LOX15_HUMAN,ALOX15,,,6171.71,31709.5,3240.845
P16070;P16070-3;P16070-4;P16070-5;P16070-7;P16070-8,P16070;P16070-10;P16070-11;P16070-12;P16070-13;P16070-14;P16070-15;P16070-16;P16070-17;P16070-18;P16070-19;P16070-3;P16070-4;P16070-5;P16070-6;P16070-7;P16070-8;P16070-9,CD44_HUMAN,CD44,98277.9,30212000.0,4483230.0,1883240.0,87030.6
P16083,P16083,NQO2_HUMAN,NQO2,,,8174.395,16902.1,4563.99
P16104,P04908;P0C0S8;P16104;P20671;Q7L7L0;Q8IUE6;Q93077;Q96KK5;Q99878;Q9BTM1;Q9BTM1-2,H2AX_HUMAN,H2AX,,,,,1057.3955
P16109,P16109,LYAM3_HUMAN,SELP,17339.4,94835.7,191003.0,340771.0,32287.9
P16112,P16112;P16112-2;P16112-3,PGCA_HUMAN,ACAN,13972.1,919519.0,2480020.0,2648790.0,
P16144;P16144-2;P16144-3,P16144;P16144-2;P16144-3;P16144-4,ITB4_HUMAN,ITGB4,4399.9,,33886.6,56810.8,25949.8
P16150,P16150,LEUK_HUMAN,SPN,,,55439.3,60930.8,12299.6
P16152,P16152,CBR1_HUMAN,CBR1,3311.3,6861.42,37056.3,77102.9,9187.49
P16157-11,P16157-10;P16157-11,ANK1_HUMAN,ANK1,,,,,
P16157-21,P16157-21;P16157-5;P16157-6,ANK1_HUMAN,ANK1,,,,,
P16157-3,P16157;P16157-10;P16157-11;P16157-12;P16157-13;P16157-14;P16157-15;P16157-16;P16157-2;P16157-21;P16157-3;P16157-4;P16157-5;P16157-6;P16157-7;P16157-8;P16157-9,ANK1_HUMAN,ANK1,15236.75,,136629.0,2412510.0,265152.0
P16157-4;P16157-9,P16157;P16157-19;P16157-22;P16157-23;P16157-4;P16157-8;P16157-9,ANK1_HUMAN,ANK1,,,,3742.13,
P16219,P16219,ACADS_HUMAN,ACADS,35137.7,,14963.425,35932.3,6137.7
P16220;P16220-1,P16220;P18846;Q03060-21;Q03060-23;Q03060-24;Q03060-26;Q03060-31;Q03060-32;Q03060-6;Q03060-8;Q03060-9;P16220-1;P16220-3;P18846-2,CREB1_HUMAN,CREB1,,30388.6,,,
P16278;P16278-3,P16278;P16278-2;P16278-3,BGAL_HUMAN,GLB1,,,14296.7,48062.5,8178.805
P16284,P16284;P16284-2;P16284-3;P16284-4,PECA1_HUMAN,PECAM1,4385.03,204328.0,167084.0,466408.0,141259.0
P16298;P16298-4,P16298;P16298-2;P16298-3;P16298-4,PP2BB_HUMAN,PPP3CB,,,9145.12,18425.6,10160.9
P16333,P16333,NCK1_HUMAN,NCK1,,,27076.2,30938.95,
P16383,P16383;P16383-2,GCFC2_HUMAN,GCFC2,3501.32,,,13992.4,6381.02
P16401,P16401,H15_HUMAN,H1-5,,47140.8,,52847.7,34827.4
P16402,P16402,H13_HUMAN,H1-3,,,1013.67,,
P16403,P16403,H12_HUMAN,H1-2,,7425.34,,2893.1745,1145.292
P16422,P16422,EPCAM_HUMAN,EPCAM,,,,5212.31,
P16435,P16435,NCPR_HUMAN,POR,,,94074.0,11801.3,5951.65
P16452-2,P16452;P16452-2;P16452-3,EPB42_HUMAN,EPB42,5014.25,8672420.0,53044.7,1362030.0,99055.7
P16455,P16455,MGMT_HUMAN,MGMT,,,,,84865.3
P16581,P16581,LYAM2_HUMAN,SELE,,12705.3,,11125.15,
P16591,P16591;P16591-2;P16591-3,FER_HUMAN,FER,,,10153.685,24897.7,11698.3
P16615,P16615;P16615-2;P16615-3;P16615-4;P16615-5,AT2A2_HUMAN,ATP2A2,2534.54,,155453.0,526871.0,182227.0
P16662,P16662,UD2B7_HUMAN,UGT2B7,,,8694.35,61349.2,5289.78
P16671,P16671;P16671-2;P16671-3;P16671-4,CD36_HUMAN,CD36,5197.35,29047.7,402438.0,1532230.0,325465.0
P16870;P16870-2,P16870;P16870-2,CBPE_HUMAN,CPE,,,,3956.12,3231.375
P16871;P16871-2,P16871;P16871-2;P16871-3;P16871-4,IL7RA_HUMAN,IL7R,,107045.0,179113.0,22873.3,9611.35
P16885,P16885,PLCG2_HUMAN,PLCG2,,,24595.7,63469.9,10780.05
P16930,P16930;P16930-2,FAAA_HUMAN,FAH,6700.41,,20489.9,41857.1,13890.9
P16949,P16949;P16949-2,STMN1_HUMAN,STMN1,,25297.2,43947.15,42369.6,
P16989,P16989;P16989-2;P16989-3,YBOX3_HUMAN,YBX3,,,1322.265,9824.884999999998,5083.54
P16989-2,P16989-2,YBOX3_HUMAN,YBX3,,,,,
P17010;P17010-2;P17010-3,P08048;P17010;P08048-2;P08048-3;P17010-2;P17010-3,ZFX_HUMAN,ZFX,,,,,
P17019,P17019;Q14593;A8MTY0;Q14593-2,ZN708_HUMAN,ZNF708,,,,,
P17026,P17026,ZNF22_HUMAN,ZNF22,,,,,
P17028,P17028,ZNF24_HUMAN,ZNF24,,,,,
P17029,P17029,ZKSC1_HUMAN,ZKSCAN1,,,,,
P17050,P17050,NAGAB_HUMAN,NAGA,,,8292.47,13022.5,3065.34
P17081,P17081,RHOQ_HUMAN,RHOQ,,,,,
P17096,P17096;P17096-2;P17096-3,HMGA1_HUMAN,HMGA1,4616.7,60224.65,,,2526.52
P17152,P17152,TMM11_HUMAN,TMEM11,,,4272.97,10689.1,3667.755
P17174,P17174;P17174-2,AATC_HUMAN,GOT1,4224.7,14630.0,9321.57,26681.0,15141.0
P17181;P17181-4,P17181;P17181-2;P17181-3;P17181-4,INAR1_HUMAN,IFNAR1,,39437.7,15537.4,,
P17213,P17213,BPI_HUMAN,BPI,39437.35000000001,67027.9,,42835.7,43524.6
P17252,P17252,KPCA_HUMAN,PRKCA,6202.8,,71775.55,44464.3,13029.6
P17275,P17275,JUNB_HUMAN,JUNB,,57942.6,,,
P17301,P17301,ITA2_HUMAN,ITGA2,4255.059999999999,16793.3,73978.8,216605.0,51989.4
P17405;P17405-4,P17405;P17405-4,ASM_HUMAN,SMPD1,1294.32,,4193.03,11076.7,4166.875
P17480,P17480;P17480-2,UBF1_HUMAN,UBTF,,,9408.17,6697.06,761688.0
P17535,P17535,JUND_HUMAN,JUND,,,,,
P17538;Q6GPI1,P17538;Q6GPI1,CTRB1_HUMAN;CTRB2_HUMAN,CTRB1;CTRB2,2272.67,57742.64999999999,12271.2,,12307.4
P17542;P17542-2,P17542;P17542-2;P17542-3,TAL1_HUMAN,TAL1,,,,,
P17544;P17544-1;P17544-2;P17544-3,P17544;P17544-4;P17544-5;P17544-1;P17544-2;P17544-3,ATF7_HUMAN,ATF7,,,,,
P17568,P17568,NDUB7_HUMAN,NDUFB7,,,10607.8,11302.5,
P17600-2,P17600;P17600-2,SYN1_HUMAN,SYN1,,,27968.3,,2722.38
P17612;P17612-2,P17612;P17612-2,KAPCA_HUMAN,PRKACA,,,19380.8,43919.5,
P17655,P17655,CAN2_HUMAN,CAPN2,,396821.0,215506.0,24511.5,4435.625
P17661,P17661,DESM_HUMAN,DES,,,103373.0,,
P17676;P17676-2,P17676;P17676-2;P17676-3,CEBPB_HUMAN,CEBPB,,,9281.54,,
P17693;P17693-5,P17693;P17693-4;P17693-5,HLAG_HUMAN,HLA-G,,,,7409.41,
P17706,P17706;P17706-2;P17706-3;P17706-4,PTN2_HUMAN,PTPN2,,,,,
P17812,P17812;Q9NRF8,PYRG1_HUMAN,CTPS1,,,23730.4,61252.6,15698.75
P17813;P17813-2,P17813;P17813-2,EGLN_HUMAN,ENG,5913.3,240106.0,20361.55,27184.7,5174.57
P17844,P17844;P17844-2,DDX5_HUMAN,DDX5,29349.2,,,134791.0,
P17858,P08237;P17858;P08237-3;P17858-2,PFKAL_HUMAN,PFKL,8746.57,16931.8,55833.9,282264.0,62450.3
P17900,P17900,SAP3_HUMAN,GM2A,5027.84,271466.0,15016.0,34840.1,10698.2
P17927,P17927,CR1_HUMAN,CR1,6093.98,12318.5,14070.7,79631.4,41215.1
P17931,P17931,LEG3_HUMAN,LGALS3,3871.695,,3201.29,14950.7,6594.02
P17936;P17936-2,P17936;P17936-2,IBP3_HUMAN,IGFBP3,197543.0,11103100.0,405216.0,750390.0,11148100.0
P17947;P17947-2,P17947;P17947-2,SPI1_HUMAN,SPI1,,,,,
P17948,P17948;P17948-5;P17948-6,VGFR1_HUMAN,FLT1,,,813315.0,11242.4,13861.215
P17980,P17980,PRS6A_HUMAN,PSMC3,,,54875.3,133172.0,30134.0
P17987,P17987,TCPA_HUMAN,TCP1,22517.175,9407.305,82263.3,215758.0,37537.9
P18031,P18031,PTN1_HUMAN,PTPN1,,,17942.6,72569.3,17503.4
P18054,P18054,LOX12_HUMAN,ALOX12,1621.99,,147354.0,622820.0,50420.64999999999
P18065,P18065,IBP2_HUMAN,IGFBP2,5875.46,6317.69,11294.25,105310.0,132633.0
P18074,P18074,ERCC2_HUMAN,ERCC2,,,,,
P18077,P18077,RL35A_HUMAN,RPL35A,,,,14224.3,7920.514999999999
P18084,P18084,ITB5_HUMAN,ITGB5,,,94216.7,152851.0,35508.8
P18085,P18085,ARF4_HUMAN,ARF4,3747.53,10730.8,426744.0,666170.0,118479.0
P18124,P18124,RL7_HUMAN,RPL7,,,12147.02,11690.45,7798.6
P18206;P18206-2,P18206;P18206-2,VINC_HUMAN,VCL,16556.5,729100.2,871473.0,3566310.0,88774.7
P18283,P18283,GPX2_HUMAN,GPX2,,,,,
P18428,P18428,LBP_HUMAN,LBP,151646.0,227143.0,1623570.0,659812.0,2393050.0
P18433;P18433-6,P18433;P18433-6,PTPRA_HUMAN,PTPRA,,,18854.1,64968.0,15744.9
P18440,P18440,ARY1_HUMAN,NAT1,,,,,11028.445
P18510-2,P18510;P18510-2;P18510-3;P18510-4,IL1RA_HUMAN,IL1RN,,,,23788.7,
P18564;P18564-2,P18564;P18564-2,ITB6_HUMAN,ITGB6,,49388.7,22272.7,231029.5,120119.5
P18577,P18577;Q02161;P18577-10;P18577-11;P18577-4;P18577-9,RHCE_HUMAN,RHCE,2610.59,,15433.1,904317.0,253872.0
P18583-5,P18583;P18583-2;P18583-5;P18583-7;P18583-9,SON_HUMAN,SON,,,,,
P18583-6,P18583-6,SON_HUMAN,SON,,,,,
P18615,P18615;P18615-3,NELFE_HUMAN,NELFE,,,10854.115,35726.9,
P18621;P18621-3,P18621;P18621-3,RL17_HUMAN,RPL17,,,4422.36,5344.98,4516.69
P18627,P18627;P18627-2,LAG3_HUMAN,LAG3,,,,,5313.91
P18669,P18669,PGAM1_HUMAN,PGAM1,431.223,,11156.4,43361.8,
P18754-2,P18754;P18754-2,RCC1_HUMAN,RCC1,,52856.9,121172.0,,
P18827,P18827,SDC1_HUMAN,SDC1,,30032.95,45515.0,36448.2,
P18850,P18850,ATF6A_HUMAN,ATF6,2799.54,276541.0,3330.0,,6682.059999999999
P18858;P18858-3,P18858;P18858-2;P18858-3,DNLI1_HUMAN,LIG1,,,,5203.04,26058.5
P18859;P18859-2,P18859;P18859-2,ATP5J_HUMAN,ATP5PF,,,4455.23,27503.4,
P18887,P18887,XRCC1_HUMAN,XRCC1,,,,,3886.79
P19012,P19012;P19012-2,K1C15_HUMAN,KRT15,,,,11176.9,
P19013,P19013;Q3SY84;Q86Y46;Q86Y46-2,K2C4_HUMAN,KRT4,3787.765,18329.0,39911.3,22557.8,7668.78
P19021;P19021-3;P19021-4;P19021-5;P19021-6,P19021;P19021-3;P19021-4;P19021-2;P19021-5;P19021-6,AMD_HUMAN,PAM,5326.2,,66928.1,25784.4,19764.7
P19022,P19022;P19022-2,CADH2_HUMAN,CDH2,14953.4,43452.4,27902.8,33803.5,15965.9
P19075,P19075,TSN8_HUMAN,TSPAN8,,,15106.8,,
P19086,P19086,GNAZ_HUMAN,GNAZ,,,80374.0,235765.0,71795.8
P19105,P19105,ML12A_HUMAN,MYL12A,5419.360000000001,,474356.0,2283450.0,276810.0
P19174-2,P19174;P19174-2,PLCG1_HUMAN,PLCG1,,,,,38434.8
P19237,P19237,TNNI1_HUMAN,TNNI1,,43849.85,4628.73,,9223.79
P19256;P19256-2;P19256-3,P19256;P19256-2;P19256-3,LFA3_HUMAN,CD58,,112572.0,3516.61,7378.43,1846.9
P19320,P19320;P19320-2;P19320-3,VCAM1_HUMAN,VCAM1,14289.4,217599.0,86656.5,42014.3,13993.5
P19338,P19338,NUCL_HUMAN,NCL,107332.0,,13367.3,25860.05,12701.2
P19367,P19367,HXK1_HUMAN,HK1,,,,,
P19367-2,P19367;P19367-2;P19367-3;P19367-4,HXK1_HUMAN,HK1,101698.0,,90376.1,357083.0,98978.0
P19387,P19387,RPB3_HUMAN,POLR2C,,,,,
P19388,P19388,RPAB1_HUMAN,POLR2E,,,11170.65,,
P19397,P19397,CD53_HUMAN,CD53,,,5116.98,73226.3,5001.99
P19404,P19404,NDUV2_HUMAN,NDUFV2,,,78535.25,59400.25,
P19438,P19438;P19438-4;P19438-5,TNR1A_HUMAN,TNFRSF1A,,13915.6,,,
P19440,A6NGU5;P19440;P19440-3;Q14390;B5MD39,GGT1_HUMAN,GGT1,,,16973.9,34207.7,8287.86
P19447,P19447,ERCC3_HUMAN,ERCC3,,67221.6,,,11547.7
P19474,P19474;P19474-2,RO52_HUMAN,TRIM21,,91164.0,4163.57,19314.0,4367.505
P19484,P19484,TFEB_HUMAN,TFEB,,,,26898.6,
P19525,P19525;P19525-2,E2AK2_HUMAN,EIF2AK2,,19143500.0,13152.7,22324.8,12118.05
P19526,P19526,FUT1_HUMAN,FUT1,,,3387.89,,
P19623,P19623,SPEE_HUMAN,SRM,,,4023.31,18728.0,
P19634,P19634,SL9A1_HUMAN,SLC9A1,,,46672.10000000001,35457.2,11949.865
P19652,P19652,A1AG2_HUMAN,ORM2,1394610.0,133352000.0,730664.0,1293660.0,573554.0
P19784,P19784,CSK22_HUMAN,CSNK2A2,,,11278.0,25476.05,5666.39
P19793;P19793-2,P19793;P19793-2,RXRA_HUMAN,RXRA,,,,,
P19801;P19801-2,P19801;P19801-2,AOC1_HUMAN,AOC1,,,,,
P19823,P19823,ITIH2_HUMAN,ITIH2,3475260.0,1068360.0,594416000.0,12325700.0,14552600.0
P19827,P19827;P19827-2,ITIH1_HUMAN,ITIH1,1005730.0,328466.0,199418000.0,2816890.0,3539700.0
P19838;P19838-2,P19838;P19838-2;P19838-3,NFKB1_HUMAN,NFKB1,,,21275.9,19198.35,4016.39
P19875,P19875,CXCL2_HUMAN,CXCL2,,17882.1,,,
P19876,P19875;P19876,CXCL3_HUMAN,CXCL3,,16180.0,7568.105,17947.8,4425.27
P19878,P19878;P19878-2;P19878-3;P19878-4,NCF2_HUMAN,NCF2,,,10012.95,7478.0,2524.69
P19883;P19883-2,P19883;P19883-2,FST_HUMAN,FST,,,72015.3,46187.8,46747.5
P19957,P19957,ELAF_HUMAN,PI3,,35415.2,,,
P19971,P19971;P19971-2,TYPH_HUMAN,TYMP,1456.69,,43246.5,125972.0,16504.8
P20020-1;P20020-4,P20020;P20020-1;P20020-2;P20020-4;P20020-5;P20020-6,AT2B1_HUMAN,ATP2B1,2275.27,,3920.97,14345.9,4382.82
P20023;P20023-2;P20023-3;P20023-4,P20023;P20023-2;P20023-3;P20023-4,CR2_HUMAN,CR2,7409.93,8045.905000000001,,16496.8,14260.05
P20036,P20036,DPA1_HUMAN,HLA-DPA1,,,7561.14,22215.4,7440.355
P20042,P20042,IF2B_HUMAN,EIF2S2,,,26419.7,56683.1,52929.0
P20061,P20061,TCO1_HUMAN,TCN1,,252930.0,3726.055,,
P20062;P20062-2,P20062;P20062-2,TCO2_HUMAN,TCN2,565.816,,4838.175,12302.15,7695.96
P20073;P20073-2,P20073;P20073-2,ANXA7_HUMAN,ANXA7,,,19212.0,62290.7,8359.22
P20138,P20138;P20138-2;P20138-3,CD33_HUMAN,CD33,,21003.8,,9139.76,
P20160,P20160,CAP7_HUMAN,AZU1,,,19461.0,95349.175,36350.2
P20226;P20226-2,P20226;Q6SJ96;P20226-2,TBP_HUMAN,TBP,,,12897.0,,
P20231;Q15661;Q15661-2,P20231;Q15661;Q15661-2,TRYB1_HUMAN;TRYB2_HUMAN,TPSAB1;TPSB2,,,,,222301.0
P20273;P20273-4,P20273;P20273-5;P20273-3;P20273-4,CD22_HUMAN,CD22,,69756.0,,17437.1,13630.1
P20290,P20290;P20290-2,BTF3_HUMAN,BTF3,,,,9123.02,
P20292,P20292,AL5AP_HUMAN,ALOX5AP,,,,,
P20333,P20333,TNR1B_HUMAN,TNFRSF1B,,30142.7,1310.27,,
P20336,P20336,RAB3A_HUMAN,RAB3A,,,,62699.4,12243.4
P20338,P20338,RAB4A_HUMAN,RAB4A,,,22661.1,33324.8,9415.69
P20339,P20339;P20339-2,RAB5A_HUMAN,RAB5A,,,7145.53,27770.5,11126.8
P20340,P20340,RAB6A_HUMAN,RAB6A,,,,30499.2,3438.16
P20340-2,P20340;P20340-2;P20340-3;P20340-4,RAB6A_HUMAN,RAB6A,4934.58,,77957.8,209304.0,100891.4
P20472,P20472,PRVA_HUMAN,PVALB,,,,,
P20585,P20585,MSH3_HUMAN,MSH3,2720.93,624100.0,,,25065.0
P20591,P20591;P20591-2,MX1_HUMAN,MX1,,,11259.6,56010.7,
P20592,P20592,MX2_HUMAN,MX2,,,,,
P20618,P20618,PSB1_HUMAN,PSMB1,1381.89,12044.3,261614.0,144239.0,8724.64
P20645,P20645,MPRD_HUMAN,M6PR,,,21973.65,27413.7,10342.3
P20674,P20674,COX5A_HUMAN,COX5A,,,,16203.2,
P20700,P20700,LMNB1_HUMAN,LMNB1,3002.6,8106.51,31502.25,82215.5,26417.9
P20701;P20701-2,P20701;P20701-2,ITAL_HUMAN,ITGAL,1129.71,386849.0,23445.95,68860.9,9291.9
P20702,P20702,ITAX_HUMAN,ITGAX,8123.07,,,28330.25,
P20718,P20718;P20718-2;P20718-3,GRAH_HUMAN,GZMH,,,,,
P20742,P20742;P20742-2,PZP_HUMAN,PZP,463004.0,117484.0,160772.75,136779.0,792706.0
P20774,P20774,MIME_HUMAN,OGN,7062.85,,32810.8,18029.1,71900.2
P20810-3,P20810-3,ICAL_HUMAN,CAST,,5648.35,,,
P20810-6,P20810-10;P20810-5;P20810-6;P20810-7;P20810-9,ICAL_HUMAN,CAST,24976.2,129009.0,97754.2,168943.0,48310.7
P20827;P20827-2,P20827;P20827-2,EFNA1_HUMAN,EFNA1,,18855.6,5988.22,,
P20839;P20839-3;P20839-5;P20839-6;P20839-7,P20839;P20839-3;P20839-2;P20839-4;P20839-5;P20839-6;P20839-7,IMDH1_HUMAN,IMPDH1,,,,5009.895,6824.71
P20851;P20851-2,P20851;P20851-2,C4BPB_HUMAN,C4BPB,505745.0,366224.0,23002100.0,3124160.0,1899460.0
P20908,P20908;P20908-2,CO5A1_HUMAN,COL5A1,,10839.5,11023.7,,
P20916;P20916-2;P20916-3,P20916;P20916-2;P20916-3,MAG_HUMAN,MAG,,,,,10841.2
P20929-3,P20929;P20929-4;P20929-2;P20929-3,NEBU_HUMAN,NEB,,,,,
P20930,P20930,FILA_HUMAN,FLG,,14912.75,9448.2,10760.275,11369.2
P20933,P20933,ASPG_HUMAN,AGA,4787.965,4920.62,8230.86,53992.9,
P20936;P20936-2;P20936-4,P20936;P20936-2;P20936-3;P20936-4,RASA1_HUMAN,RASA1,,,14311.3,46845.39999999999,16781.65
P20962,P20962,PTMS_HUMAN,PTMS,,26015.5,15263.1,4737.01,
P20963,P20963;P20963-3,CD3Z_HUMAN,CD247,,,7041.8,38889.8,
P21127;P21127-2;P21127-3;P21127-8,P21127;Q9UQ88;P21127-10;P21127-12;P21127-2;P21127-3;P21127-4;P21127-5;P21127-6;P21127-8;P21127-9;Q9UQ88-10;Q9UQ88-2;Q9UQ88-3;Q9UQ88-4;Q9UQ88-9,CD11B_HUMAN,CDK11B,,291028.5,13764.6,50078.3,
P21128;P21128-2;P21128-3,P21128;P21128-2;P21128-3,ENDOU_HUMAN,ENDOU,,,,,
P21266,P21266,GSTM3_HUMAN,GSTM3,,,18886.3,24900.6,3907.9
P21281,P21281,VATB2_HUMAN,ATP6V1B2,1880.96,,23024.6,62309.1,8724.54
P21283,P21283,VATC1_HUMAN,ATP6V1C1,,,16204.5,38372.39999999999,
P21291,P21291,CSRP1_HUMAN,CSRP1,,12928.835,112340.0,592968.0,40887.3
P21333-2,P21333;P21333-2,FLNA_HUMAN,FLNA,15526.1,27906.2,3251240.0,12572200.0,3162550.0
P21359;P21359-2;P21359-6,P21359;P21359-2;P21359-3;P21359-4;P21359-5;P21359-6,NF1_HUMAN,NF1,,138487.45,,,
P21397,P21397;P21397-2,AOFA_HUMAN,MAOA,,,,19709.0,5159.77
P21399,P21399,ACOHC_HUMAN,ACO1,1725.09,49673.1,13024.75,47982.5,20684.0
P21462,P21462,FPR1_HUMAN,FPR1,,,,3082.87,
P21506,P21506,ZNF10_HUMAN,ZNF10,,,,,
P21579,P21579,SYT1_HUMAN,SYT1,,,,,2236.88
P21580,P21580,TNAP3_HUMAN,TNFAIP3,,,,19752.2,
P21583;P21583-2;P21583-3,P21583;P21583-2;P21583-3,SCF_HUMAN,KITLG,,217164.0,20978.2,23649.6,
P21589,P21589;P21589-2,5NTD_HUMAN,NT5E,1244.35,,6561.22,39915.5,7665.505
P21675;P21675-12;P21675-2;P21675-3;P21675-4;P21675-5;P21675-6;P21675-7;P21675-8;P21675-9,P21675;P21675-12;P21675-2;P21675-3;P21675-4;P21675-5;P21675-6;P21675-7;P21675-8;P21675-9,TAF1_HUMAN,TAF1,,,27899.9,,4832.9
P21695;P21695-2,P21695;P21695-2,GPDA_HUMAN,GPD1,699.776,,13487.115,,
P21709,P21709,EPHA1_HUMAN,EPHA1,58970.25,,,9480.65,
P21730,P21730,C5AR1_HUMAN,C5AR1,,,26254.9,44081.7,9044.5
P21731,P21731,TA2R_HUMAN,TBXA2R,,,22087.1,41600.5,16974.3
P21741;P21741-2,P21741;P21741-2,MK_HUMAN,MDK,,19397.86,,7084.775,10865.0
P21796,P21796,VDAC1_HUMAN,VDAC1,,,50974.9,164883.0,54996.8
P21802;P21802-15;P21802-16;P21802-17;P21802-18;P21802-2;P21802-23;P21802-3;P21802-5;P21802-6;P21802-8,P21802;P21802-3;P21802-14;P21802-15;P21802-16;P21802-17;P21802-18;P21802-19;P21802-2;P21802-23;P21802-5;P21802-6;P21802-8,FGFR2_HUMAN,FGFR2,,75374.1,43849.9,,
P21810,P21810,PGS1_HUMAN,BGN,,63316.8,111560.0,43599.9,
P21854,P21854,CD72_HUMAN,CD72,,,,8266.655,
P21912,P21912,SDHB_HUMAN,SDHB,,452723.0,40336.3,39766.6,21071.2
P21926,P21926,CD9_HUMAN,CD9,,,52191.65,52976.3,14736.8
P21953,P21953,ODBB_HUMAN,BCKDHB,,,,23627.32,4543.14
P21964;P21964-2,P21964;P21964-2,COMT_HUMAN,COMT,,,10800.0,18004.25,6345.845
P21980,P21980,TGM2_HUMAN,TGM2,24871.36,,41303.0,164156.0,16888.7
P22001,P22001,KCNA3_HUMAN,KCNA3,,,2996.19,16606.2,4260.08
P22004,P22004,BMP6_HUMAN,BMP6,,,404865.0,3061.53,48416.95
P22033,P22033,MUTA_HUMAN,MMUT,,,7948.29,18995.8,
P22059,P22059,OSBP1_HUMAN,OSBP,,,12677.1,35046.0,9118.545
P22061;P22061-2,P22061;P22061-2,PIMT_HUMAN,PCMT1,6312.68,,40377.6,74260.2,16281.1
P22079;P22079-2,P22079;P22079-2,PERL_HUMAN,LPO,,,,,
P22083-2,P22083;P22083-2,FUT4_HUMAN,FUT4,,,,,
P22087,P22087,FBRL_HUMAN,FBL,,,,,40562.35
P22090,P22090;Q8TD47,RS4Y1_HUMAN,RPS4Y1,,,,,
P22102,P22102;P22102-2,PUR2_HUMAN,GART,,,20724.9,41250.2,7204.31
P22105;P22105-1;P22105-4,P22105;P22105-1;P22105-4,TENX_HUMAN,TNXB,23931.0,44087.7,432578.0,209381.0,50080.7
P22223-2,P22223;P22223-2,CADH3_HUMAN,CDH3,,,6077.46,9469.48,
P22234,P22234;P22234-2,PUR6_HUMAN,PAICS,,3099.72,33762.5,147063.0,14221.5
P22303;P22303-2;P22303-4,P22303;P22303-2;P22303-3;P22303-4,ACES_HUMAN,ACHE,,,24710.5,58819.4,7858.82
P22304,P22304;P22304-2;P22304-3,IDS_HUMAN,IDS,,,32818.8,21245.6,4284.860000000001
P22307;P22307-7,P22307;P22307-3;P22307-4;P22307-7;P22307-8,SCP2_HUMAN,SCP2,,,10012.52,19060.9,
P22314-2,P22314;P22314-2,UBA1_HUMAN,UBA1,1484.71,602232.25,43438.9,184661.0,14341.1
P22352,P22352,GPX3_HUMAN,GPX3,260359.0,173481.0,632411.0,308243.0,369888.0
P22392-2,P22392;O60361;P22392-2,NDKB_HUMAN,NME2,,,8047.315000000001,38056.3,10376.6
P22415;P22415-2,P22415;Q15853;P22415-2;Q15853-2;Q15853-3;Q15853-4,USF1_HUMAN,USF1,,,,,
P22455;P22455-2,P22455;P22455-2,FGFR4_HUMAN,FGFR4,23555.5,21890.1,32706.45,,6142.17
P22466,P22466,GALA_HUMAN,GAL,,,8969.94,28458.2,8638.55
P22532;P35325,P22532;P35325,SPR2B_HUMAN;SPR2D_HUMAN,SPRR2B;SPRR2D,,,,9552.39,
P22570;P22570-5;P22570-7,P22570;P22570-2;P22570-3;P22570-4;P22570-5;P22570-6;P22570-7,ADRO_HUMAN,FDXR,,,148566.0,12771.8,
P22607-2,P22607;P22607-2;P22607-3;P22607-4,FGFR3_HUMAN,FGFR3,,15393.0,15074.97,,3506.61
P22612,P22612,KAPCG_HUMAN,PRKACG,,,,,
P22626,P22626;P22626-2,ROA2_HUMAN,HNRNPA2B1,,,12719.5,16838.0,13324.5
P22670,P22670;P48378;P48380;P48378-2;P48380-2,RFX1_HUMAN,RFX1,,492344.0,,2348.99,
P22676,P22676,CALB2_HUMAN,CALB2,,,,,
P22681,P22681,CBL_HUMAN,CBL,,,,35848.3,
P22692,P22692;P22692-2,IBP4_HUMAN,IGFBP4,11860.1,56928.6,52571.3,73768.0,183593.0
P22694-2,P17612;P22694;P22694-10;P22694-2;P22694-3;P22694-4;P22694-5;P22694-6;P22694-7;P22694-9;P17612-2,KAPCB_HUMAN,PRKACB,,,31292.4,58013.8,15108.1
P22695,P22695,QCR2_HUMAN,UQCRC2,11252.9,,21353.6,86625.9,15316.2
P22732,P22732,GTR5_HUMAN,SLC2A5,,,,2976.24,
P22735,P22735;P22735-2,TGM1_HUMAN,TGM1,,22035.2,16664.6,32620.35,15958.9
P22748,P22748,CAH4_HUMAN,CA4,,,5814.41,39839.4,4826.424999999999
P22749;P22749-2,P22749;P22749-2,GNLY_HUMAN,GNLY,22644.2,,,,24123.2
P22760,P22760,AAAD_HUMAN,AADAC,,,,,
P22792,P22792,CPN2_HUMAN,CPN2,147732.0,193280.0,810564.0,142657.0,396983.0
P22830;P22830-2,P22830;P22830-2,HEMH_HUMAN,FECH,,,4520.98,14419.75,10113.8
P22891;P22891-2,P22891;P22891-2,PROZ_HUMAN,PROZ,106958.0,55170.9,17596200.0,377974.0,25166.8
P22894,P22894,MMP8_HUMAN,MMP8,,,,4713.65,
P22897,P22897,MRC1_HUMAN,MRC1,3957.98,,,,5663.44
P23025,P23025,XPA_HUMAN,XPA,,,,,
P23083,P23083;A0A0C4DH31,HV102_HUMAN,IGHV1-2,877816.0,339741.0,436450.5,425983.0,175588.0
P23141,P23141;P23141-3;P23141-2,EST1_HUMAN,CES1,13280.095,,25354.5,41532.3,17606.75
P23142,P23142,FBLN1_HUMAN,FBLN1,218485.0,57895.6,869437.0,148433.0,147189.0
P23142-4,P23142-4,FBLN1_HUMAN,FBLN1,26362.5,43293.6,47876.4,48610.0,10871.4
P23193,P23193;Q15560;P23193-2;Q15560-2,TCEA1_HUMAN,TCEA1,,,,30559.6,5275.7
P23219;P23219-2;P23219-3;P23219-5;P23219-6,P23219;P23219-2;P23219-3;P23219-4;P23219-5;P23219-6,PGH1_HUMAN,PTGS1,,,69400.0,381688.0,109414.0
P23229-2;P23229-4;P23229-6;P23229-9,P23229;P23229-2;P23229-4;P23229-6;P23229-3;P23229-5;P23229-7;P23229-9,ITA6_HUMAN,ITGA6,4128.38,73931.05,199701.0,589390.0,107307.0
P23229-7,P23229-7,ITA6_HUMAN,ITGA6,,,,2612.67,
P23229;P23229-3;P23229-5,P23229;P23229-3;P23229-5,ITA6_HUMAN,ITGA6,,,6000.89,13150.9,5809.195
P23246,P23246;P23246-2,SFPQ_HUMAN,SFPQ,,,853553.7,32871.45,10823.605
P23258,P23258;Q9NRH3,TBG1_HUMAN,TUBG1,,,200088.0,68735.1,16371.9
P23276,P23276,KELL_HUMAN,KEL,,36659400.0,65050.49,74816.1,27793.9
P23280,P23280;P23280-3,CAH6_HUMAN,CA6,7767.075,6622.365,53554.0,134673.0,30162.8
P23284,P23284,PPIB_HUMAN,PPIB,2122.835,9377.560000000001,192363.0,469478.0,90228.0
P23327,P23327,SRCH_HUMAN,HRC,,128538.0,55920.7,132576.0,
P23352,P23352,KALM_HUMAN,ANOS1,,,,,
P23368,P23368;P23368-2,MAOM_HUMAN,ME2,,,42288.0,103129.0,7385.22
P23381,P23381;P23381-2,SYWC_HUMAN,WARS1,3050.58,,76237.9,83979.7,28314.1
P23396,P23396;P23396-2,RS3_HUMAN,RPS3,,,10324.7,20702.4,8483.11
P23434,P23434,GCSH_HUMAN,GCSH,,,,17221.05,
P23435,P23435;Q8IUK8,CBLN1_HUMAN,CBLN1,6600.235,896438.0,101598.0,1156880.0,
P23443;P23443-5,P23443;P23443-4;P23443-2;P23443-3;P23443-5,KS6B1_HUMAN,RPS6KB1,,,4653.275,17750.8,760.778
P23458,P23458,JAK1_HUMAN,JAK1,,,9142.715,24141.0,6743.53
P23467-3,P23467;P23467-2;P23467-3;P23467-4,PTPRB_HUMAN,PTPRB,2948.975,235783.0,47912.3,139248.0,67582.0
P23468-2,P23468;P23468-2;P23468-3;P23468-4;P23468-5;P23468-6;P23468-7,PTPRD_HUMAN,PTPRD,,,,,7839.27
P23469;P23469-2;P23469-3,P23469;P23469-2;P23469-3,PTPRE_HUMAN,PTPRE,,,33988.1,26123.0,13607.8
P23470;P23470-2,P23470;P23470-2,PTPRG_HUMAN,PTPRG,14829.5,115928.0,410001.0,65350.1,5281.435
P23471;P23471-2,P23471;P23471-2,PTPRZ_HUMAN,PTPRZ1,2444.38,795435.0,949669.0,601382.0,2658.99
P23490,P23490,LORI_HUMAN,LORICRIN,,,5866.62,7603.53,3132.34
P23497-4,P23497;P23497-2;Q9H930;P23497-3;P23497-4;P23497-5;P23497-6;P23497-7;Q9H930-1;Q9H930-2;Q9H930-3,SP100_HUMAN,SP100,,,,,
P23508;P23508-2,P23508;P23508-2,CRCM_HUMAN,MCC,,,,,
P23511;P23511-2,P23511;P23511-2,NFYA_HUMAN,NFYA,,,,,
P23526,P23526;P23526-2,SAHH_HUMAN,AHCY,3978.3,,43903.5,138248.0,18793.8
P23527,P23527;Q5QNW6;Q93079;Q5QNW6-2,H2B1O_HUMAN,H2BC17,,,,,
P23528,P23528;Q9Y281;Q9Y281-3,COF1_HUMAN,CFL1,13585.5,35948.55,609612.0,2443800.0,302890.0
P23560;P23560-2;P23560-3;P23560-4;P23560-5,P23560;P23560-2;P23560-3;P23560-4;P23560-5,BDNF_HUMAN,BDNF,,,3840.62,18923.7,6559.41
P23588;P23588-2,P23588;P23588-2,IF4B_HUMAN,EIF4B,,10900.1,19919.7,38917.5,10884.25
P23610,P23610,HAP40_HUMAN,F8A1,,,8250.72,18080.45,11270.2
P23634-2;P23634-3;P23634-4;P23634-5,P23634-2;P23634-3;P23634-4;P23634-5,AT2B4_HUMAN,ATP2B4,,,,,
P23634;P23634-8,P20020;P23634;P23634-2;P23634-3;P23634-4;P23634-5;P23634-6;P23634-7;P23634-8;P20020-1;P20020-2;P20020-4;P20020-5;P20020-6,AT2B4_HUMAN,ATP2B4,,48397.8,16376.8,82306.1,22351.9
P23677,P23677,IP3KA_HUMAN,ITPKA,,,,,
P23743,P23743;P23743-2;P23743-3,DGKA_HUMAN,DGKA,,,30338.0,33981.0,
P23771;P23771-2,P23771;P23771-2,GATA3_HUMAN,GATA3,,,,,
P23786,P23786,CPT2_HUMAN,CPT2,,,18661.6,22160.95,
P23919,P23919;P23919-2,KTHY_HUMAN,DTYMK,,37692.9,37501.35,79120.70000000001,7437.879999999999
P23921,P23921,RIR1_HUMAN,RRM1,,,,30486.9,17562.3
P23946;P23946-2,P23946;P23946-2,CMA1_HUMAN,CMA1,,,,,
P24043,P24043,LAMA2_HUMAN,LAMA2,5746.48,45047.5,32201.9,8061.17,9806.46
P24071-6,P24071;P24071-10;P24071-11;P24071-2;P24071-3;P24071-4;P24071-5;P24071-6;P24071-8;P24071-9,FCAR_HUMAN,FCAR,,8342.23,3185.77,14100.82,
P24158,P24158,PRTN3_HUMAN,PRTN3,2892.35,26205.4,10696.3,20529.5,29501.5
P24298,P24298,ALAT1_HUMAN,GPT,739.809,163073.0,16153.6,21145.045,22267.9
P24311,P24311,COX7B_HUMAN,COX7B,,,,5237.66,
P24347,P24347,MMP11_HUMAN,MMP11,,,,,
P24386,P24386,RAE1_HUMAN,CHM,,,,,
P24387,P24387,CRHBP_HUMAN,CRHBP,3287.525,24222.6,38730.6,9195.23,48936.9
P24390;P24390-2,P24390;P24390-2,ERD21_HUMAN,KDELR1,,,,,
P24534,P24534,EF1B_HUMAN,EEF1B2,,,82440.8,243051.0,
P24539,P24539,AT5F1_HUMAN,ATP5PB,,,44942.1,134597.0,33953.2
P24557,P24557;P24557-2;P24557-3;P24557-4,THAS_HUMAN,TBXAS1,9071.31,,119027.0,443015.0,143414.0
P24592,P24592,IBP6_HUMAN,IGFBP6,20189.1,57228.0,32287.8,29511.8,305090.0
P24593,P24593,IBP5_HUMAN,IGFBP5,43610.6,258448.0,343443.0,881671.0,2932640.0
P24666,P24666;P24666-4,PPAC_HUMAN,ACP1,3574.3,,28715.15,82840.9,17807.35
P24666-2,P24666-2,PPAC_HUMAN,ACP1,,,,,
P24723,P24723;P24723-2,KPCL_HUMAN,PRKCH,,,36059.7,90494.5,14817.85
P24752,P24752;P24752-2,THIL_HUMAN,ACAT1,,,27471.1,18846.35,4564.44
P24821,P24821;P24821-2;P24821-3;P24821-4;P24821-5;P24821-6,TENA_HUMAN,TNC,12939.6,37519.8,1250830.0,3029410.0,32108.3
P24821-2,P24821-2;P24821-4,TENA_HUMAN,TNC,,,,30283.95,
P24844,P24844,MYL9_HUMAN,MYL9,6061.780000000001,,738084.0,3260450.0,272935.0
P24928,P24928,RPB1_HUMAN,POLR2A,,8768.03,,,
P24941,P24941;P24941-2,CDK2_HUMAN,CDK2,,,6805.085,12692.7,
P25024,P25024,CXCR1_HUMAN,CXCR1,,,2304.86,7955.860000000001,
P25025,P25025,CXCR2_HUMAN,CXCR2,,,,15665.9,
P25090,P25090,FPR2_HUMAN,FPR2,,,,,
P25098,P25098;P35626,ARBK1_HUMAN,GRK2,,,20523.7,47241.14999999999,7058.42
P25105,P25105,PTAFR_HUMAN,PTAFR,,,8278.19,19279.9,
P25116,P25116,PAR1_HUMAN,F2R,,12549.5,24643.0,39426.8,
P25205;P25205-2,P25205;P25205-2,MCM3_HUMAN,MCM3,,,22013.8,99231.6,86091.2
P25208,P25208,NFYB_HUMAN,NFYB,,,,,
P25311,P25311,ZA2G_HUMAN,AZGP1,1172690.0,3183650.0,109842.0,378627.0,305917.0
P25325-2,P25325;P25325-2,THTM_HUMAN,MPST,,,25004.7,63109.2,10329.3
P25398,P25398,RS12_HUMAN,RPS12,,,,72894.7,15739.9
P25440;P25440-2,P25440;P25440-2;P25440-3,BRD2_HUMAN,BRD2,,,,,32817.4
P25445;P25445-6,P25445;P25445-6,TNR6_HUMAN,FAS,,111041.0,9658.96,17129.7,4799.335
P25490,O15391;P25490,TYY1_HUMAN,YY1,,,,,
P25685,P25685;Q9UDY4;P25685-2,DNJB1_HUMAN,DNAJB1,,,14511.8,26186.9,6807.46
P25686,O75190;O75190-2;P25686;Q8NHS0;O75190-3;O75190-4;P25686-2,DNJB2_HUMAN,DNAJB2,,,9100.02,25374.7,15089.8
P25705,P25705;P25705-2,ATPA_HUMAN,ATP5F1A,1651.742,,226270.0,800116.0,180995.0
P25705-2,P25705-2,ATPA_HUMAN,ATP5F1A,,,18397.15,40649.3,13488.4
P25774,P25774;P25774-2,CATS_HUMAN,CTSS,2759.995,,20367.7,12678.45,23690.2
P25786;P25786-2,P25786;P25786-2,PSA1_HUMAN,PSMA1,6079.93,96347.7,1154060.0,406096.0,22117.2
P25787,P25787,PSA2_HUMAN,PSMA2,869.515,,255547.0,89632.1,14806.1
P25788;P25788-2,P25788;P25788-2,PSA3_HUMAN,PSMA3,1065.63,,293479.0,110087.0,7694.9
P25789,P25789;P25789-2,PSA4_HUMAN,PSMA4,5476.405000000001,,401748.0,136707.0,22137.9
P25815,P25815,S100P_HUMAN,S100P,,47381.8,31006.0,24356.3,11678.8
P25942,P25942,TNR5_HUMAN,CD40,,,,19450.0,15447.45
P25963,P25963,IKBA_HUMAN,NFKBIA,,,,,
P26006;P26006-1,P26006;P26006-1,ITA3_HUMAN,ITGA3,,,248711.0,95604.1,13232.5
P26010;P26010-2,P26010;P26010-2,ITB7_HUMAN,ITGB7,,,10739.7,30993.4,7758.585
P26022,P26022,PTX3_HUMAN,PTX3,1650.89,,120048.0,26054.5,2887.72
P26038,P15311;P26038;P35241;P35241-3;P35241-5,MOES_HUMAN,MSN,9048.25,35755.6,483043.0,1527370.0,936039.0
P26196,P26196,DDX6_HUMAN,DDX6,,,15601.0,59446.8,5527.184999999999
P26232-3,P26232;P26232-2;P26232-3;P26232-4;P26232-5;P26232-6,CTNA2_HUMAN,CTNNA2,,,,99024.4,
P26358-2,P26358;P26358-2,DNMT1_HUMAN,DNMT1,,,,,
P26368;P26368-2,P26368;P26368-2,U2AF2_HUMAN,U2AF2,,,6037.02,,
P26373,P26373;P26373-2,RL13_HUMAN,RPL13,,19250.1,2587.76,25823.4,6607.92
P26440,P26440;P26440-2,IVD_HUMAN,IVD,,,17150.6,77504.2,
P26447,P26447,S10A4_HUMAN,S100A4,4717.355,32571.55,34956.9,214234.0,30937.5
P26572,P26572,MGAT1_HUMAN,MGAT1,5721.844999999999,27984.3,23189.1,59104.8,51202.0
P26583,P26583,HMGB2_HUMAN,HMGB2,,31946.7,13592.85,32817.2,12661.435
P26599;P26599-1;P26599-2,P26599;P26599-1;P26599-2,PTBP1_HUMAN,PTBP1,,13442.2,12150.1,18552.7,4897.82
P26639;P26639-2,A2RTX5;P26639;A2RTX5-2;P26639-2,SYTC_HUMAN,TARS1,,14510.7,27586.45,63624.6,11413.3
P26640,P26640,SYVC_HUMAN,VARS1,,21024.2,22227.5,34650.8,15122.2
P26641,P26641;P26641-2,EF1G_HUMAN,EEF1G,,,92064.6,203459.0,25794.75
P26651,P26651,TTP_HUMAN,ZFP36,,,,,
P26715;P26715-2,P26715;P26717;P26715-2,NKG2A_HUMAN,KLRC1,,,,,
P26718,P26718,NKG2D_HUMAN,KLRK1,,12096.7,,,
P26842,P26842,CD27_HUMAN,CD27,,135559.2,,,
P26885,P26885,FKBP2_HUMAN,FKBP2,,,22783.0,106904.0,8910.695
P26927,P26927;Q2TV78;Q2TV78-2,HGFL_HUMAN,MST1,44644.9,23587.7,35274.6,69867.1,1141120.0
P26951,P26951;P26951-2,IL3RA_HUMAN,IL3RA,,,,,
P26992,P26992,CNTFR_HUMAN,CNTFR,4329.845,18109.1,,,
P27037;P27037-2,P27037;P27037-2,AVR2A_HUMAN,ACVR2A,,,,5951.55,
P27105,P27105;P27105-2,STOM_HUMAN,STOM,605021.5,5936.6,252943.0,1508480.0,298902.0
P27144,P27144,KAD4_HUMAN,AK4,,,,,
P27169,P27169,PON1_HUMAN,PON1,1081810.0,456595.0,19305700.0,9751320.0,2996180.0
P27216;P27216-2,P27216;P27216-2,ANX13_HUMAN,ANXA13,,,,,
P27338,P27338;P27338-2,AOFB_HUMAN,MAOB,,,48749.6,103063.0,26276.1
P27348,P27348,1433T_HUMAN,YWHAQ,,,130963.0,245716.0,13558.1
P27352;P27352-2,P27352;P27352-2,IF_HUMAN,CBLIF,,4605.59,,,
P27361,P27361;P27361-2;P27361-3,MK03_HUMAN,MAPK3,4654.215,,7757.1,35321.7,
P27448;P27448-3;P27448-4;P27448-6,P27448;P27448-2;P27448-3;P27448-4;P27448-6;P27448-7;P27448-8,MARK3_HUMAN,MARK3,1861.14,,23943.5,35060.2,14373.8
P27482,P27482,CALL3_HUMAN,CALML3,,,9376.900000000001,,7712.51
P27487,P27487,DPP4_HUMAN,DPP4,17751.6,12669.5,81069.3,198230.0,24568.1
P27635,P27635;Q96L21,RL10_HUMAN,RPL10,,,10803.5,12290.9,780.249
P27694,P27694,RFA1_HUMAN,RPA1,,274235.0,,4341.26,
P27695,P27695,APEX1_HUMAN,APEX1,,,98875.3,35738.5,13629.2
P27701;P27701-2,P27701;P27701-2,CD82_HUMAN,CD82,,9064.0,43715.1,202841.0,5826.59
P27707,P27707,DCK_HUMAN,DCK,,,7392.870000000001,11233.5,67198.9
P27708,P27708,PYR1_HUMAN,CAD,,11251.3,28873.1,66741.4,18898.1
P27797,P27797,CALR_HUMAN,CALR,4517.615,,1247840.0,773748.0,39378.8
P27816,P27816;P27816-2;P27816-4;P27816-6,MAP4_HUMAN,MAP4,,62187.6,33610.75,103526.0,62237.3
P27816-5,P27816-5,MAP4_HUMAN,MAP4,,,,,
P27824;P27824-2,P27824;P27824-2,CALX_HUMAN,CANX,1182.03,,182576.0,451858.0,147842.0
P27918,P27918,PROP_HUMAN,CFP,295190.0,2737420.0,25699.8,45276400.0,5483630.0
P27986,P27986;P27986-2;P27986-3;P27986-4;P27986-5,P85A_HUMAN,PIK3R1,,,7739.57,20820.7,
P27987,P27987;Q96DU7,IP3KB_HUMAN,ITPKB,5499.415,,30029.8,58481.5,38612.6
P28039;P28039-2,P28039;P28039-2,AOAH_HUMAN,AOAH,2440.03,,,,
P28062,P28062;P28062-2,PSB8_HUMAN,PSMB8,,,73846.1,29005.55,5600.77
P28065,P28065;P28065-2,PSB9_HUMAN,PSMB9,34543.1,853998.0,196730.0,62393.55,57726.3
P28066,P28066;P28066-2,PSA5_HUMAN,PSMA5,5618.51,,376567.0,166617.0,12569.8
P28067,P28067,DMA_HUMAN,HLA-DMA,,,,,
P28068,P28068,DMB_HUMAN,HLA-DMB,,,,,
P28070,P28070,PSB4_HUMAN,PSMB4,,,162185.0,79477.7,4667.47
P28072,P28072,PSB6_HUMAN,PSMB6,1405.726,6218.545,302621.0,81443.1,12600.2
P28074,P28074;P28074-3,PSB5_HUMAN,PSMB5,,4455.84,116537.0,30222.5,7013.68
P28074-3,P28074-3,PSB5_HUMAN,PSMB5,,,,,
P28161;P28161-2,P09488;P28161;Q03013;P09488-2;P28161-2;Q03013-2;Q03013-3,GSTM2_HUMAN,GSTM2,1453.6,,18850.95,22784.9,
P28288,P28288;P28288-2;P28288-3,ABCD3_HUMAN,ABCD3,,,,57087.5,8198.22
P28289,P28289,TMOD1_HUMAN,TMOD1,,2197250.0,3287.26,162409.0,7452.66
P28290,P28290;P28290-2;P28290-3,ITPI2_HUMAN,ITPRID2,2113.94,,6571.5,18596.8,15168.6
P28300,P28300,LYOX_HUMAN,LOX,,67056.5,,,6798.09
P28330,P28330,ACADL_HUMAN,ACADL,,,3099.41,,
P28331;P28331-2,P28331;P28331-2;P28331-3;P28331-4;P28331-5,NDUS1_HUMAN,NDUFS1,,,17751.35,39331.9,6128.365
P28340,P28340,DPOD1_HUMAN,POLD1,,101038.0,,,
P28482,P28482;P28482-2,MK01_HUMAN,MAPK1,,,17141.5,69941.2,47189.92000000001
P28676,P28676,GRAN_HUMAN,GCA,,,21046.15,59545.1,8508.86
P28702;P28702-3,P28702;P28702-3,RXRB_HUMAN,RXRB,,,12644.4,,
P28715,P28715,ERCC5_HUMAN,ERCC5,,,84106.9,,
P28799,P28799;P28799-2,GRN_HUMAN,GRN,3538.07,94678.0,20609.4,8750.060000000001,7011.62
P28827;P28827-2,P28827;P28827-2,PTPRM_HUMAN,PTPRM,5969.22,278997.0,1233.66,4729.93,
P28838;P28838-2,P28838;P28838-2,AMPL_HUMAN,LAP3,,,26045.2,52614.8,13006.7
P28845,P28845,DHI1_HUMAN,HSD11B1,1439.71,,12409.5,5389.04,
P28906,P28906,CD34_HUMAN,CD34,1454.53,149357.0,34876.1,31345.8,
P28907,P28907;P28907-2,CD38_HUMAN,CD38,,,15990.1,30459.9,40730.4
P29017,P29017,CD1C_HUMAN,CD1C,,,,6458.78,
P29074,P29074,PTN4_HUMAN,PTPN4,,,,,
P29083,P29083,T2EA_HUMAN,GTF2E1,,,,,
P29084,P29084,T2EB_HUMAN,GTF2E2,,,,,
P29122;P29122-2,P29122;P29122-2;P29122-4;P29122-5;P29122-6;P29122-7;P29122-8,PCSK6_HUMAN,PCSK6,1439.27,259572.0,37719.6,72499.9,38351.8
P29144,P29144,TPP2_HUMAN,TPP2,11421.9,,20765.7,96780.3,10827.8
P29218,P29218;P29218-3;P29218-2,IMPA1_HUMAN,IMPA1,,1300783.0,22025.1,93308.2,119644.0
P29279,P29279;P29279-2,CCN2_HUMAN,CCN2,6731.42,19863.9,15341.0,52102.6,70982.8
P29317,P29317,EPHA2_HUMAN,EPHA2,,,,,8571.41
P29350-2,P29350-2,PTN6_HUMAN,PTPN6,,,,,
P29350;P29350-3,P29350;P29350-2;P29350-3;P29350-4,PTN6_HUMAN,PTPN6,,,64991.1,193515.0,84926.7
P29353;P29353-2,P29353;Q6S5L8;P29353-2;P29353-7;P29353-3;P29353-6,SHC1_HUMAN,SHC1,,,18950.15,16011.3,
P29372;P29372-2;P29372-4;P29372-5,P29372;P29372-4;P29372-2;P29372-5,3MG_HUMAN,MPG,,,,,
P29373,P29373,RABP2_HUMAN,CRABP2,,,,,
P29374;P29374-2;P29374-3,P29374;Q4LE39;Q4LE39-3;P29374-2;P29374-3;Q4LE39-2;Q4LE39-4,ARI4A_HUMAN,ARID4A,,,9428.87,,1899.16
P29375;P29375-2,P29375;P29375-2,KDM5A_HUMAN,KDM5A,,,,,
P29376;P29376-4;P29376-5,P29376;P29376-4;P29376-5,LTK_HUMAN,LTK,,,,,
P29400,P29400;P29400-2,CO4A5_HUMAN,COL4A5,,,13486.3,,
P29401-2,P29401;P29401-2,TKT_HUMAN,TKT,4340.83,,26035.4,92703.2,17342.7
P29466;P29466-2,P29466;P29466-3;P29466-4;P29466-2,CASP1_HUMAN,CASP1,3708.57,,,60576.0,
P29508,P29508;P29508-2,SPB3_HUMAN,SERPINB3,195626.0,19159.8,271253.77,9063.77,7850.47
P29558;P29558-2,P29558;P29558-2,RBMS1_HUMAN,RBMS1,,,,9585.91,
P29590,P29590;P29590-11;P29590-12;P29590-5,PML_HUMAN,PML,,,11433.7,,
P29590-13,P29590-11;P29590-12;P29590-13,PML_HUMAN,PML,,,,,
P29597,P29597,TYK2_HUMAN,TYK2,,,9497.11,15343.1,
P29622,P29622,KAIN_HUMAN,SERPINA4,706333.0,631797.0,744797.0,681332.0,2458330.0
P29692,P29692;P29692-2;P29692-3;P29692-4,EF1D_HUMAN,EEF1D,,,147235.0,274672.0,20363.2
P29692-3,P29692-3,EF1D_HUMAN,EEF1D,,,,,
P29692-4,P29692-4,EF1D_HUMAN,EEF1D,,,,1694.07,
P29728,P29728;P29728-2,OAS2_HUMAN,OAS2,,,,13259.485,101566.0
P29803,P29803,ODPAT_HUMAN,PDHA2,,,106789.5,99905.8,
P29965,P29965,CD40L_HUMAN,CD40LG,,,14885.99,47757.3,19905.1
P29966,P29966,MARCS_HUMAN,MARCKS,2604.83,204642.0,38105.9,41524.5,135378.0
P29972,P29972,AQP1_HUMAN,AQP1,,,,141897.0,39247.7
P29992,P29992,GNA11_HUMAN,GNA11,,,2595.44,35185.0,
P30038,P30038;P30038-2;P30038-3,AL4A1_HUMAN,ALDH4A1,,56631.3,12467.5,33616.5,4117.395
P30039,P30039;P30039-2,PBLD_HUMAN,PBLD,,,3354.54,6754.37,
P30040,P30040,ERP29_HUMAN,ERP29,,,27069.9,131674.0,10541.0
P30041,P30041,PRDX6_HUMAN,PRDX6,21541.3,16906.55,506947.0,1507680.0,134410.0
P30043,P30043,BLVRB_HUMAN,BLVRB,16368.3,34989.25,42153.0,145489.0,123302.0
P30044;P30044-2,P30044;P30044-2;P30044-3,PRDX5_HUMAN,PRDX5,3121.19,,73598.4,352807.0,19236.9
P30046,P30046;A6NHG4;P30046-2,DOPD_HUMAN,DDT,,,62269.5,108972.0,
P30047,P30047;P30047-2,GFRP_HUMAN,GCHFR,,,,,
P30048;P30048-2,P30048;P30048-2,PRDX3_HUMAN,PRDX3,7578.02,,107718.0,204529.0,10188.1
P30049,P30049,ATPD_HUMAN,ATP5F1D,,,12414.95,63837.0,5121.35
P30050,P30050,RL12_HUMAN,RPL12,,,12800.6,48602.3,25169.95
P30084,P30084,ECHM_HUMAN,ECHS1,,,3745.01,23765.1,
P30085;P30085-3,P30085;P30085-3,KCY_HUMAN,CMPK1,,267861.0,27487.95,100084.45,64102.0
P30086,P30086,PEBP1_HUMAN,PEBP1,,,26259.0,71870.7,49191.9
P30101,P30101,PDIA3_HUMAN,PDIA3,7479.77,,474123.0,851436.0,95473.9
P30153,P30153,2AAA_HUMAN,PPP2R1A,114683.0,,102344.0,234061.0,26314.55
P30154,P30154;P30154-4;P30154-5,2AAB_HUMAN,PPP2R1B,,,6140.51,10046.92,
P30203;P30203-2;P30203-3;P30203-4;P30203-5,P30203;P30203-2;P30203-3;P30203-4;P30203-5;P30203-6;P30203-7,CD6_HUMAN,CD6,,19596.7,,,
P30260;P30260-2,P30260;P30260-2,CDC27_HUMAN,CDC27,,,,9581.79,
P30273,P30273,FCERG_HUMAN,FCER1G,,,62597.2,221331.0,85968.5
P30281,P30281;P30281-3,CCND3_HUMAN,CCND3,,,,,
P30405,P30405;P30405-2,PPIF_HUMAN,PPIF,,,23972.9,101682.0,
P30414,P30414,NKTR_HUMAN,NKTR,,,,,10010.4
P30419,P30419;P30419-2,NMT1_HUMAN,NMT1,10399.7,,209634.04,84315.45,46632.3
P30511,P30511;P30511-3,HLAF_HUMAN,HLA-F,,,,27252.3,6772.12
P30519,P30519,HMOX2_HUMAN,HMOX2,,,,,
P30519-2,P30519;P30519-2,HMOX2_HUMAN,HMOX2,,,8051.49,3787.255,
P30520,P30520,PURA2_HUMAN,ADSS2,55465.55,323437.0,7947.03,26431.85,19046.2
P30530;P30530-2,P30530;P30530-2,UFO_HUMAN,AXL,6516.55,153745.0,31976.45,7365.55,
P30533,P30533,AMRP_HUMAN,LRPAP1,,,,34706.4,
P30536,P30536,TSPO_HUMAN,TSPO,,,,,
P30566,P30566;P30566-2,PUR8_HUMAN,ADSL,867.132,,32200.5,128812.0,10904.445
P30613,P30613;P30613-2,KPYR_HUMAN,PKLR,4153.725,,13618.0,75394.9,18099.2
P30622-2,P30622;P30622-1;P30622-2,CLIP1_HUMAN,CLIP1,12795.24,,8169.12,29541.65,12284.1
P30626;P30626-2,P30626;P30626-2;P30626-3,SORCN_HUMAN,SRI,3297.415,,49346.2,89895.1,7160.62
P30679,P30679,GNA15_HUMAN,GNA15,,,,9281.05,3745.46
P30711,P30711;P30711-2,GSTT1_HUMAN,GSTT1,,,,27112.1,
P30740,P30740;P30740-2,ILEU_HUMAN,SERPINB1,5331.205,12628.4,87306.5,368928.0,17497.0
P30793,P30793,GCH1_HUMAN,GCH1,,,,,
P30825,P30825,CTR1_HUMAN,SLC7A1,,,11523.1,20714.65,
P30837,P30837,AL1B1_HUMAN,ALDH1B1,,,11967.5,6949.450000000001,
P30838,P30838,AL3A1_HUMAN,ALDH3A1,,,,,
P30876,P30876,RPB2_HUMAN,POLR2B,5087.09,,17580.1,11843.55,21602.3
P30990,P30990,NEUT_HUMAN,NTS,,13837.9,52360.5,89284.5,
P31025,P31025,LCN1_HUMAN,LCN1,,59515.5,17833.4,4188.78,4539.36
P31040,P31040,SDHA_HUMAN,SDHA,,,22201.65,52765.6,4862.48
P31146,P31146,COR1A_HUMAN,CORO1A,2948.69,98833.4,257316.0,666112.0,143202.0
P31150,P31150,GDIA_HUMAN,GDI1,,,54634.3,175858.0,8251.74
P31151,P31151;Q86SG5,S10A7_HUMAN,S100A7,,57514.5,18095.1,47083.5,35358.9
P31153,P31153;P31153-2,METK2_HUMAN,MAT2A,,,,17385.9,3472.26
P31153-2,P31153-2,METK2_HUMAN,MAT2A,,,,,
P31321,P31321,KAP1_HUMAN,PRKAR1B,,,,12010.45,
P31323,P31323,KAP3_HUMAN,PRKAR2B,,,28529.0,74393.2,20990.2
P31431,P31431;P31431-2,SDC4_HUMAN,SDC4,,60212.2,33081.0,12880.75,
P31483;P31483-3,P31483;P31483-3,TIA1_HUMAN,TIA1,,,,1723.7,
P31629,P31629,ZEP2_HUMAN,HIVEP2,7811.844999999999,,,,
P31641,P31641,SC6A6_HUMAN,SLC6A6,,,,20679.1,10399.76
P31645;P31645-2,P31645;P31645-2,SC6A4_HUMAN,SLC6A4,,,1795.01,7549.09,
P31689,P31689,DNJA1_HUMAN,DNAJA1,,,9671.14,23598.8,
P31749,P31749;P31749-2,AKT1_HUMAN,AKT1,,,3014.75,16766.0,
P31751,P31751;P31751-2,AKT2_HUMAN,AKT2,,,15170.1,50621.7,43290.2
P31785,P31785,IL2RG_HUMAN,IL2RG,,65950.05,,,
P31930,P31930,QCR1_HUMAN,UQCRC1,,,18493.8,53183.8,15687.05
P31937,P31937,3HIDH_HUMAN,HIBADH,,,5706.92,31123.9,1433900.0
P31939,P31939;P31939-2,PUR9_HUMAN,ATIC,,,49655.65,121607.0,12387.3
P31941,P31941;P31941-2,ABC3A_HUMAN,APOBEC3A,,,,8948.675,
P31942;P31942-2,P31942;P31942-2;P31942-3;P31942-4,HNRH3_HUMAN,HNRNPH3,,,,,
P31943,P31943,HNRH1_HUMAN,HNRNPH1,,,3044.59,5707.950000000001,
P31944,P31944,CASPE_HUMAN,CASP14,,16864.455,27675.7,22657.8,21568.2
P31946;P31946-2,P31946;P31946-2,1433B_HUMAN,YWHAB,,,126521.0,327196.0,13666.9
P31947,P31947;P31947-2,1433S_HUMAN,SFN,4146.375,,49938.9,57055.2,10239.6
P31948,P31948;P31948-2;P31948-3,STIP1_HUMAN,STIP1,2631.2,,69574.2,328266.0,51238.2
P31949,P31949,S10AB_HUMAN,S100A11,,19064.8,14199.9,23209.5,13305.6
P31994;P31994-3;P31994-4,P31994;P31994-3;P31994-4,FCG2B_HUMAN,FCGR2B,,,,15986.05,
P32004;P32004-2;P32004-3,P32004;P32004-2;P32004-3,L1CAM_HUMAN,L1CAM,4101.93,185469.0,64064.9,9816.0,3184.75
P32019;P32019-2,P32019;P32019-2;P32019-3;P32019-4,I5P2_HUMAN,INPP5B,,13278.9,8034.69,25654.75,6011.09
P32119,P32119;P32119-2,PRDX2_HUMAN,PRDX2,34010.5,16844.9,164768.0,1834900.0,108059.0
P32121;P32121-3;P32121-4,P32121;P32121-2;P32121-3;P32121-4;P32121-5,ARRB2_HUMAN,ARRB2,2637.55,,9125.23,21383.1,
P32189-1;P32189-4,P32189;Q14409;P32189-1;P32189-2;P32189-4,GLPK_HUMAN,GK,,163153.0,11209.98,38829.9,7286.74
P32241-2,P32241;P32241-2;P32241-4;P32241-5,VIPR1_HUMAN,VIPR1,,76738.2,,,
P32246,P32246,CCR1_HUMAN,CCR1,,,,,
P32248,P32248,CCR7_HUMAN,CCR7,,,,,
P32249,P32249,GP183_HUMAN,GPR183,,,,,
P32320,P32320,CDD_HUMAN,CDA,,,73949.2,249134.0,228461.0
P32321-2,P32321-2,DCTD_HUMAN,DCTD,,,,41463.2,
P32322;P32322-3,P32322;P32322-3,P5CR1_HUMAN,PYCR1,,,,,
P32418;P32418-5,P32418;P32418-2;P32418-3;P32418-4;P32418-5,NAC1_HUMAN,SLC8A1,,,,2981.95,
P32455,P32455,GBP1_HUMAN,GBP1,3364.92,,6890.65,404815.0,10278.4
P32456,P32456,GBP2_HUMAN,GBP2,,,,20665.65,
P32519;P32519-2,P32519;P32519-2,ELF1_HUMAN,ELF1,,,,,
P32780,P32780;P32780-2,TF2H1_HUMAN,GTF2H1,,,,,
P32856;P32856-2;P32856-3,P32856;P32856-2;P32856-3,STX2_HUMAN,STX2,,,2874.135,3690.42,23300.7
P32926,P32926,DSG3_HUMAN,DSG3,,27284.25,,,
P32942,P32942,ICAM3_HUMAN,ICAM3,8390.970000000001,2899830.0,167223.0,143120.0,13898.75
P32969,P32969,RL9_HUMAN,RPL9,,,267440.0,24504.0,10975.05
P32971,P32971,TNFL8_HUMAN,TNFSF8,,26615.0,,,
P33121;P33121-3,P33121;P33121-2;P33121-3,ACSL1_HUMAN,ACSL1,,,11645.9,31580.3,16061.3
P33151,P33151;P33151-2,CADH5_HUMAN,CDH5,76457.0,407588.0,264787.0,119350.0,101073.0
P33176,O60282;P33176;Q12840,KINH_HUMAN,KIF5B,,5289.85,42192.6,105268.0,31585.9
P33240;P33240-2,P33240;Q9H0L4;P33240-2,CSTF2_HUMAN,CSTF2,,,,8707.53,
P33241,P33241;P33241-2;P33241-3,LSP1_HUMAN,LSP1,,,24663.4,27136.6,
P33260,P10632;P33260;P10632-2;P33260-2,CP2CI_HUMAN,CYP2C18,8057.56,,,,
P33316,P33316;P33316-2,DUT_HUMAN,DUT,,27256.1,9882.21,19519.6,5915.68
P33527;P33527-2,P33527;P33527-2;P33527-3;P33527-4;P33527-5;P33527-6;P33527-7;P33527-8;P33527-9,MRP1_HUMAN,ABCC1,,,6149.610000000001,23417.25,8682.55
P33897,P33897,ABCD1_HUMAN,ABCD1,,,78623.4,6734.65,3505.47
P33908,P33908,MA1A1_HUMAN,MAN1A1,20214.7,79271.2,63950.5,59233.1,128729.0
P33947,P33947,ERD22_HUMAN,KDELR2,,,,,
P33981;P33981-2,P33981;P33981-2,TTK_HUMAN,TTK,,,,,
P33991,P33991,MCM4_HUMAN,MCM4,,,,,11000.1
P33992,P33992,MCM5_HUMAN,MCM5,2686.9,,,,
P33993,P33993;P33993-3,MCM7_HUMAN,MCM7,,,,,71600.9
P34059,P34059,GALNS_HUMAN,GALNS,,,,,3443.51
P34096,P34096,RNAS4_HUMAN,RNASE4,8088.23,26863.95,,34383.2,33585.9
P34820;P34820-2,Q7Z5Y6;P34820;P34820-2,BMP8B_HUMAN,BMP8B,,,,,
P34896;P34896-2,P34896;P34896-2;P34896-3,GLYC_HUMAN,SHMT1,,,14389.615,15650.7,
P34897;P34897-3,P34897;P34897-2;P34897-3,GLYM_HUMAN,SHMT2,,,13928.3,34448.5,7323.915
P34910;P34910-2,P34910;P34910-2,EVI2B_HUMAN,EVI2B,,,11782.15,33907.5,7314.13
P34913,P34913;P34913-2;P34913-3,HYES_HUMAN,EPHX2,,,12133.4,30591.8,
P34931,P34931,HS71L_HUMAN,HSPA1L,,,1626.885,3625.04,
P34932,P34932,HSP74_HUMAN,HSPA4,,,43870.0,93844.9,14706.8
P34947,P34947,GRK5_HUMAN,GRK5,,,14238.8,15767.35,3877.27
P34949,P34949,MPI_HUMAN,MPI,,37159.4,5176.84,17399.8,19711.9
P35030,P35030;P35030-2;P35030-3;P35030-4;P35030-5,TRY3_HUMAN,PRSS3,,44065.65,13080.8,56378.3,84463.5
P35052,P35052,GPC1_HUMAN,GPC1,,,34288.3,22354.4,3307.97
P35080,P35080,PROF2_HUMAN,PFN2,,,,,
P35212,P35212,CXA4_HUMAN,GJA4,,,,,2692.0
P35219,P35219,CAH8_HUMAN,CA8,,163978.0,,,
P35221,P26232;P35221;P26232-2;P26232-3;P26232-4;P26232-5;P26232-6;P35221-2;P35221-3,CTNA1_HUMAN,CTNNA1,,141726.0,4182.815,11533.85,6249.52
P35222,P35222,CTNB1_HUMAN,CTNNB1,,,36376.7,4155.635,889.932
P35226,P35226,BMI1_HUMAN,BMI1,,,,,
P35228;P35228-2,P35228;P35228-2,NOS2_HUMAN,NOS2,,59113.7,,,
P35232,P35232;P35232-2,PHB1_HUMAN,PHB1,,407169.28,82903.9,207408.0,66343.8
P35236;P35236-2;P35236-3,P35236;P35236-2;P35236-3,PTN7_HUMAN,PTPN7,,,54831.0,93187.9,38207.4
P35237,P35237,SPB6_HUMAN,SERPINB6,,14161.2,23447.95,72333.3,7559.16
P35240;P35240-2;P35240-3;P35240-8,P35240;P35240-4;P35240-2;P35240-3;P35240-5;P35240-6;P35240-7;P35240-8,MERL_HUMAN,NF2,,39624.6,921.835,13002.8,2802.875
P35241,P35241;P35241-2;P35241-3;P35241-4;P35241-5,RADI_HUMAN,RDX,2199.56,27883.8,22938.8,76998.4,26761.0
P35244,P35244,RFA3_HUMAN,RPA3,,,,101966.85,
P35247,P35247,SFTPD_HUMAN,SFTPD,887.57,3874.34,4278.2,,1291.2305
P35249,P35249;P35249-2,RFC4_HUMAN,RFC4,,,,30011.4,
P35250,P35250;P35250-2,RFC2_HUMAN,RFC2,,,,,98338.4
P35251;P35251-2,P35251;P35251-2,RFC1_HUMAN,RFC1,,,16202.8,,
P35268,P35268,RL22_HUMAN,RPL22,,,9476.08,14887.5,14505.0
P35269,P35269,T2FA_HUMAN,GTF2F1,,,,74423.6,
P35270,P35270,SPRE_HUMAN,SPR,,,,9116.185000000001,
P35318,P35318,ADML_HUMAN,ADM,,112353.0,,,
P35321,P22528;P35321,SPR1A_HUMAN,SPRR1A,,7045.91,,21995.1,14696.8
P35326,P35326,SPR2A_HUMAN,SPRR2A,,4132.13,6668.72,8429.43,7801.26
P35408,P35408,PE2R4_HUMAN,PTGER4,,,,,
P35442,P35442,TSP2_HUMAN,THBS2,1014.27,,182792.0,5188.02,7636.65
P35443,P35443,TSP4_HUMAN,THBS4,10832.4,11665.145,842983.0,156802.0,71260.4
P35475,P35475;P35475-2,IDUA_HUMAN,IDUA,,,,9458.44,4022.61
P35527,P35527,K1C9_HUMAN,KRT9,5072.97,392360.0,331920.0,1054160.0,1686920.0
P35542,P35542,SAA4_HUMAN,SAA4,2092640.0,4569580.0,3471530.0,61493900.0,2190530.0
P35555,P35555,FBN1_HUMAN,FBN1,17906.0,93215.54999999999,249209.0,83058.7,20329.4
P35558,P35558,PCKGC_HUMAN,PCK1,,,,,
P35573,P35573;P35573-2;P35573-3,GDE_HUMAN,AGL,,,5156.04,19049.3,12042.0
P35579,P35579;P35580;Q7Z406;P35580-2;P35580-3;P35580-4;P35580-5;Q7Z406-2;Q7Z406-4;Q7Z406-5;Q7Z406-6,MYH9_HUMAN,MYH9,16835.7,32228.2,2027810.0,6145470.0,916510.0
P35579-2,P35579-2,MYH9_HUMAN,MYH9,,,,,
P35580-3,P35580;Q7Z406;P35580-2;P35580-3;P35580-4;P35580-5;Q7Z406-2;Q7Z406-4;Q7Z406-5;Q7Z406-6,MYH10_HUMAN,MYH10,,1613890.0,63165.85,130478.0,52044.9
P35590,P35590;P35590-2;P35590-3,TIE1_HUMAN,TIE1,2771.05,,,30957.735,11906.1
P35606;P35606-2,P35606;P35606-2,COPB2_HUMAN,COPB2,,440672.0,33779.3,74483.6,22925.9
P35609-2,P35609;P35609-2,ACTN2_HUMAN,ACTN2,7225.4,,7785.45,6471.530000000001,
P35610,P35610;P35610-2;P35610-3,SOAT1_HUMAN,SOAT1,,,,,
P35611-3,P35611;P35611-2;P35611-3;P35611-4;P35611-5;P35611-6,ADDA_HUMAN,ADD1,91190.6,67206.9,53551.2,338975.0,97608.3
P35611-4,P35611-2;P35611-4;P35611-6,ADDA_HUMAN,ADD1,,,,,
P35612,P35612;P35612-2;P35612-3;P35612-4;P35612-8;P35612-9,ADDB_HUMAN,ADD2,,,28369.8,297235.0,102534.0
P35613-3,P35613;P35613-2;P35613-3;P35613-4,BASI_HUMAN,BSG,2278.242,48883.1,41951.5,475114.0,55330.3
P35625,P35625,TIMP3_HUMAN,TIMP3,,,15057.0,111380.0,69933.3
P35626,P35626,ARBK2_HUMAN,GRK3,,,,9593.03,
P35637;P35637-2,P35637;P35637-2,FUS_HUMAN,FUS,,,,12771.39,
P35658-3;P35658-4,P35658;P35658-2;P35658-3;P35658-4;P35658-5,NU214_HUMAN,NUP214,,,,193242.95,195568.0
P35659,P35659;P35659-2,DEK_HUMAN,DEK,,,,,
P35670;P35670-4,P35670;P35670-2;P35670-4,ATP7B_HUMAN,ATP7B,8197.43,,,16966.5,
P35712;P35712-2;P35712-3;P35712-4,P35712;P35712-2;P35712-3;P35712-4,SOX6_HUMAN,SOX6,,14606.5,,,
P35749,P35749;P35749-2;P35749-3;P35749-4,MYH11_HUMAN,MYH11,,,,2885.67,33802.2
P35754,P35754,GLRX1_HUMAN,GLRX,,68866.9,1145.44,38718.6,4380.21
P35813;P35813-3,O75688;P35813;O75688-2;O75688-4;O75688-5;P35813-2;P35813-3,PPM1A_HUMAN,PPM1A,,,27133.4,49826.5,6862.895
P35858;P35858-2,P35858;P35858-2,ALS_HUMAN,IGFALS,612422.0,143713.0,2678790.0,994933.0,922969.0
P35869,P35869,AHR_HUMAN,AHR,,,,,
P35900,P35900,K1C20_HUMAN,KRT20,3531.0,,,,25619.5
P35908,P35908,K22E_HUMAN,KRT2,18738.5,219812.0,182462.0,1303700.0,1035370.0
P35914,P35914;P35914-2;P35914-3,HMGCL_HUMAN,HMGCL,,135253.5,12361.1,53517.0,145008.5
P35916;P35916-1,P35916;P35916-1;P35916-3,VGFR3_HUMAN,FLT4,5036.674999999999,177219.0,290662.0,13557.11,4751.065
P35968;P35968-2;P35968-3,P35968;P35968-2;P35968-3,VGFR2_HUMAN,KDR,,227148.0,,,
P35998,P35998;P35998-2,PRS7_HUMAN,PSMC2,26337.1,,109106.0,171878.0,45956.1
P36222,P36222,CH3L1_HUMAN,CHI3L1,4132.674999999999,,,3027.33,15056.6
P36269;P36269-2;P36269-3,P36269;P36269-2;P36269-3,GGT5_HUMAN,GGT5,976.657,,,26959.45,3477.6
P36402-5,P36402-5;P36402-6,TCF7_HUMAN,TCF7,,,,,
P36402-9,P36402;P36402-11;P36402-13;P36402-15;P36402-3;P36402-5;P36402-7;P36402-9,TCF7_HUMAN,TCF7,,,6151.59,9046.71,
P36404,P36404,ARL2_HUMAN,ARL2,,,,33858.3,
P36405,P36405,ARL3_HUMAN,ARL3,,,,80507.9,3039.31
P36507,P36507,MP2K2_HUMAN,MAP2K2,,,9497.84,22312.2,9683.86
P36542,P36542;P36542-2,ATPG_HUMAN,ATP5F1C,,,27141.35,93562.8,27965.4
P36543,P36543;P36543-2,VATE1_HUMAN,ATP6V1E1,,,19343.75,49574.5,3830.475
P36551,P36551,HEM6_HUMAN,CPOX,,,9277.84,18379.75,
P36575;P36575-2,P36575;P36575-2,ARRC_HUMAN,ARR3,,,,26041.1,
P36578,P36578,RL4_HUMAN,RPL4,,171625.0,13827.1,32432.1,18379.0
P36639;P36639-1;P36639-2;P36639-3,P36639;P36639-1;P36639-2;P36639-3,8ODP_HUMAN,NUDT1,,,,4228.24,
P36776;P36776-2,P36776;P36776-2;P36776-3,LONM_HUMAN,LONP1,,51081.8,15016.95,23125.6,8754.14
P36871,P36871;P36871-2;P36871-3,PGM1_HUMAN,PGM1,1280.4,312961.5,32550.1,89016.5,24092.2
P36873-2,P36873;P36873-2,PP1G_HUMAN,PPP1CC,,,25580.0,78188.0,17429.4
P36888;P36888-2,P36888;P36888-2,FLT3_HUMAN,FLT3,,61056.5,,,
P36896;P36896-4;P36896-5,P36896;P36896-4;P36896-5,ACV1B_HUMAN,ACVR1B,,,,,
P36897;P36897-2;P36897-3,P36897;P36897-2;P36897-3,TGFR1_HUMAN,TGFBR1,,,,9509.78,
P36915,P36915;P36915-2,GNL1_HUMAN,GNL1,,,20155.5,38875.8,26649.3
P36952,P36952;P36952-2,SPB5_HUMAN,SERPINB5,,,,,
P36954,P36954,RPB9_HUMAN,POLR2I,,,,,
P36955,P36955,PEDF_HUMAN,SERPINF1,445398.0,115989.0,130723.0,265623.0,12044400.0
P36956-2;P36956-3,P36956-3;P36956-2,SRBP1_HUMAN,SREBF1,,,,,
P36957,P36957;P36957-2,ODO2_HUMAN,DLST,18657.05,29431.2,50105.4,88791.9,42411.9
P36959,P36959,GMPR1_HUMAN,GMPR,,,21174.9,59871.7,7493.78
P36969;P36969-2,P36969;P36969-2,GPX4_HUMAN,GPX4,316324.0,,19540.4,88609.1,10797.865
P36980;P36980-2,P36980;P36980-2,FHR2_HUMAN,CFHR2,244006.0,240610.0,50803.7,123588.0,1958200.0
P37108,P37108,SRP14_HUMAN,SRP14,,,,,
P37173;P37173-2,P37173;P37173-2,TGFR2_HUMAN,TGFBR2,,,,24042.1,7493.17
P37198,P37198,NUP62_HUMAN,NUP62,,,,4786.11,3377.13
P37235,P37235,HPCL1_HUMAN,HPCAL1,,,41822.6,99189.9,7879.075
P37268,P37268;P37268-2;P37268-3;P37268-4,FDFT_HUMAN,FDFT1,,,,,
P37275;P37275-2;P37275-3;P37275-4;P37275-5,P37275;P37275-2;P37275-3;P37275-4;P37275-5,ZEB1_HUMAN,ZEB1,,,,,
P37287,P37287;P37287-3,PIGA_HUMAN,PIGA,6290.2,,,,
P37288,P37288,V1AR_HUMAN,AVPR1A,,,,14052.25,
P37802;P37802-2,P37802;P37802-2,TAGL2_HUMAN,TAGLN2,11133.54,276429.0,702133.0,2095370.0,86414.1
P37837;P37837-2,P37837;P37837-2,TALDO_HUMAN,TALDO1,3400.51,653962.5,63292.4,228021.0,42729.6
P37840;P37840-2,P37840;P37840-2;P37840-3,SYUA_HUMAN,SNCA,3592.86,799452.0,101700.0,196039.0,28287.1
P38117;P38117-2,P38117;P38117-2,ETFB_HUMAN,ETFB,,7569.42,56127.3,92314.2,18407.55
P38159,P38159;Q96E39;P38159-2,RBMX_HUMAN,RBMX,,,5801.57,24490.3,7224.690000000001
P38432,P38432,COIL_HUMAN,COIL,,,,,
P38435;P38435-2,P38435;P38435-2,VKGC_HUMAN,GGCX,,,,,
P38571;P38571-2,P38571;P38571-2,LICH_HUMAN,LIPA,,,28612.55,25120.65,10742.48
P38606-2,P38606;P38606-2,VATA_HUMAN,ATP6V1A,,,23549.9,80528.1,17240.7
P38646,P38646,GRP75_HUMAN,HSPA9,316435.5,21434200.0,49924.3,134818.0,13294.9
P38919,P38919,IF4A3_HUMAN,EIF4A3,,,10141.3,5321.08,
P38935,P38935,SMBP2_HUMAN,IGHMBP2,,,,,
P38936,P38936,CDN1A_HUMAN,CDKN1A,,,,2032.76,
P39019,P39019,RS19_HUMAN,RPS19,,145113.0,90011.7,15807.95,9053.529999999999
P39023,P39023;Q92901,RL3_HUMAN,RPL3,,575419.905,12394.8,,1647.83
P39059,P39059,COFA1_HUMAN,COL15A1,1879.62,1665.29,33209.7,7331.55,3146.34
P39060;P39060-1;P39060-2,P39060;P39060-1;P39060-2,COIA1_HUMAN,COL18A1,13050.4,124905.0,86944.2,344952.0,204291.0
P39210,P39210,MPV17_HUMAN,MPV17,,,,,
P39656,P39656;P39656-2;P39656-3,OST48_HUMAN,DDOST,,,51970.1,195008.0,59178.5
P39687,P39687;O43423,AN32A_HUMAN,ANP32A,,,29821.2,23029.6,
P39748,P39748;P39748-2,FEN1_HUMAN,FEN1,1728.41,,525070.0,13185.8,9521.285
P39880;P39880-2;P39880-3;P39880-4,O14529;P39880;P39880-2;P39880-3;P39880-4;P39880-5;P39880-6,CUX1_HUMAN,CUX1,,,23926.3,55268.60000000001,69129.3
P40121,P40121;P40121-2,CAPG_HUMAN,CAPG,79900.555,,8761.33,21506.9,36891.185
P40123,P40123;P40123-2;P40123-3,CAP2_HUMAN,CAP2,,13141.2,,,
P40189,P40189,IL6RB_HUMAN,IL6ST,11190.3,584901.0,28027.7,20721.7,4019.58
P40197,P40197,GPV_HUMAN,GP5,6846.36,10942.35,212490.0,685421.0,237114.0
P40199,P40199,CEAM6_HUMAN,CEACAM6,,108949.0,,,
P40200;P40200-2,P40200;P40200-2,TACT_HUMAN,CD96,890.441,34618.7,9547.75,7999.42,
P40222,P40222,TXLNA_HUMAN,TXLNA,,,,,
P40227,P40227;P40227-2,TCPZ_HUMAN,CCT6A,173388.0,,54690.9,209349.0,41260.3
P40238,P40238;P40238-2,TPOR_HUMAN,MPL,,,7746.84,33347.15,13465.85
P40259;P40259-3,P40259;P40259-3,CD79B_HUMAN,CD79B,,,,8845.470000000001,
P40261,P40261,NNMT_HUMAN,NNMT,,,,,
P40306,P40306,PSB10_HUMAN,PSMB10,,,65669.1,33596.1,
P40394,P40394;P40394-2,ADH7_HUMAN,ADH7,,,,,21082.25
P40425,P40425,PBX2_HUMAN,PBX2,,,,21489.1,43812.95
P40429,P40429;Q6NVV1,RL13A_HUMAN,RPL13A,,,10296.3,22064.2,8057.945
P40616;P40616-2,P40616;P40616-2,ARL1_HUMAN,ARL1,,,14042.5,43838.6,12606.0
P40692,P40692;P40692-3,MLH1_HUMAN,MLH1,,,22262.3,,
P40763-3,P40763;P40763-2;P40763-3,STAT3_HUMAN,STAT3,489899.0,,24418.35,60158.4,13582.7
P40818,P40818;P40818-2,UBP8_HUMAN,USP8,,,,17039.7,
P40855,P40855,PEX19_HUMAN,PEX19,,,,,
P40879,P40879,S26A3_HUMAN,SLC26A3,,,,25794.4,
P40925;P40925-3,P40925;P40925-2;P40925-3,MDHC_HUMAN,MDH1,5433.42,8485.665,56847.3,262209.0,21490.8
P40926,P40926;P40926-2,MDHM_HUMAN,MDH2,,1260920.0,148689.0,415241.0,21119.7
P40937;P40937-2,P40937;P40937-2,RFC5_HUMAN,RFC5,,,251673.0,66012.0,
P40938,P40938;P40938-2,RFC3_HUMAN,RFC3,,,,,
P40939,P40939,ECHA_HUMAN,HADHA,,,31850.2,106023.0,17677.0
P40967;P40967-2;P40967-4;P40967-5,P40967;P40967-2;P40967-4;P40967-5,PMEL_HUMAN,PMEL,,83891.8,285725.0,11039.6,
P41091,P41091;Q2VIR3;Q2VIR3-2,IF2G_HUMAN,EIF2S3,,,40820.2,99229.8,30420.2
P41208,P41208,CETN2_HUMAN,CETN2,,,,,
P41212,P41212,ETV6_HUMAN,ETV6,,,,,
P41214,P41214,EIF2D_HUMAN,EIF2D,,,5072.62,10826.94,3518.12
P41218,P41218,MNDA_HUMAN,MNDA,,320645.6,,145057.0,36419.2
P41222,P41222,PTGDS_HUMAN,PTGDS,10723.8,2469040.0,30349.4,40165.7,45081.9
P41223,P41223;P41223-2,BUD31_HUMAN,BUD31,,,,,
P41226,P41226,UBA7_HUMAN,UBA7,,,49277.75,133656.0,13397.8
P41227;P41227-2,P41227;Q9BSU3;P41227-2,NAA10_HUMAN,NAA10,,,,14448.8,
P41229;P41229-2;P41229-5,P41229;P41229-2;P41229-3;P41229-4;P41229-5,KDM5C_HUMAN,KDM5C,,,5706.7,,
P41236,P41236,IPP2_HUMAN,PPP1R2,,7306.62,9067.525,14424.2,
P41240,P41240,CSK_HUMAN,CSK,,,54673.3,164810.0,23061.5
P41247,P41247;P41247-2,PLPL4_HUMAN,PNPLA4,,,18399.4,,
P41250,P41250;P41250-2,GARS_HUMAN,GARS1,,218419.0,23199.7,51865.95,
P41252,P41252,SYIC_HUMAN,IARS1,,,10542.4,33843.4,4781.44
P41271;P41271-2,P41271;P41271-2,NBL1_HUMAN,NBL1,2570.08,420348.0,48138.2,201445.13,
P41279,P41279;P41279-2,M3K8_HUMAN,MAP3K8,,,,,
P41439,P41439;P41439-4,FOLR3_HUMAN,FOLR3,1382.54,146013.5,,,
P41440,P41440;P41440-2;P41440-3,S19A1_HUMAN,SLC19A1,,,,5629.29,3184.65
P41567,P41567;O60739,EIF1_HUMAN,EIF1,,,10866.34,16267.3,4515.74
P41597-2,P41597-2,CCR2_HUMAN,CCR2,,,,2835.768,
P41743,P41743,KPCI_HUMAN,PRKCI,,,,,
P42025,P42025,ACTY_HUMAN,ACTR1B,,,14887.55,56992.8,2706.13
P42081-4,P42081;P42081-3;P42081-4;P42081-6,CD86_HUMAN,CD86,,99006.0,,,
P42126,P42126,ECI1_HUMAN,ECI1,,,14018.9,35797.3,3786.495
P42166,P42166;P42167;P42167-2;P42167-3,LAP2A_HUMAN,TMPO,,13295.7,7008.16,14711.65,7646.77
P42167,P42167;P42167-2,LAP2B_HUMAN,TMPO,,,,,
P42224,P42224;P42224-2,STAT1_HUMAN,STAT1,,,17874.3,37815.6,8549.615
P42226,P42226;P42226-3,STAT6_HUMAN,STAT6,69192.3,,13666.485,27422.1,
P42229,P42229;P42229-2,STA5A_HUMAN,STAT5A,,,7803.57,14087.6,4189.39
P42261;P42261-5,P42261;P42261-2;P42261-3;P42261-4;P42261-5;P42261-6,GRIA1_HUMAN,GRIA1,,,15319.4,,
P42262,P42262;P42262-2;P42262-3;P42262-4,GRIA2_HUMAN,GRIA2,44043.3,,,,29385.9
P42263-2,P42263-2,GRIA3_HUMAN,GRIA3,,,,,
P42285,P42285,MTREX_HUMAN,MTREX,,,17035.465,,
P42330,P42330;P42330-2,AK1C3_HUMAN,AKR1C3,,,,,
P42331-4;P42331-6,P42331-2;P42331-4;P42331-6,RHG25_HUMAN,ARHGAP25,,,6884.725,22603.85,4962.45
P42336,P42336,PK3CA_HUMAN,PIK3CA,,,2187.1,12801.925,
P42338,P42338,PK3CB_HUMAN,PIK3CB,,,7514.74,24657.95,7952.52
P42345,P42345,MTOR_HUMAN,MTOR,,244067.0,8796.07,58976.0,13923.6
P42356,P42356,PI4KA_HUMAN,PI4KA,,80395.7,14062.3,30869.5,6233.62
P42357,P42357;P42357-2;P42357-3,HUTH_HUMAN,HAL,,362304.0,,22059.0,6380.22
P42566,P42566,EPS15_HUMAN,EPS15,,160778.0,38283.5,77515.4,13151.2
P42568;P42568-2,P42568;P42568-2,AF9_HUMAN,MLLT3,,,,,
P42574,P42574,CASP3_HUMAN,CASP3,,,9806.95,44068.6,11379.3
P42575,P42575;P42575-2;P42575-3,CASP2_HUMAN,CASP2,,,,,
P42658,P42658;P42658-2,DPP6_HUMAN,DPP6,,,,,
P42677,P42677,RS27_HUMAN,RPS27,,,4489.13,4030.045,
P42679;P42679-2,P42679;P42679-2;P42679-3,MATK_HUMAN,MATK,,,1430.18,,
P42680,P42680,TEC_HUMAN,TEC,,,7656.49,18194.1,5730.78
P42681,P42681,TXK_HUMAN,TXK,,,,17311.8,
P42684;P42684-5;P42684-6;P42684-7,P42684;P42684-10;P42684-2;P42684-3;P42684-4;P42684-5;P42684-6;P42684-7;P42684-8,ABL2_HUMAN,ABL2,,,16193.4,,
P42694,P42694;P42694-2,HELZ_HUMAN,HELZ,11491.5,,29822.49,16335.8,
P42695,P42695,CNDD3_HUMAN,NCAPD3,,,,,
P42696,P42696,RBM34_HUMAN,RBM34,11519.3,,,,51683.0
P42702,P42702,LIFR_HUMAN,LIFR,,29450.4,,131431.0,40232.3
P42704,P42704,LPPRC_HUMAN,LRPPRC,,,13621.2,38227.3,13734.2
P42765,P42765,THIM_HUMAN,ACAA2,,,6142.81,17180.9,3341.1
P42766,P42766,RL35_HUMAN,RPL35,,,1583.54,6751.97,5378.91
P42768,P42768,WASP_HUMAN,WAS,2071.635,2819663.25,102519.0,356393.0,81508.2
P42771,P42771;P42772;P42771-2;P42771-4,CDN2A_HUMAN,CDKN2A,,,,,
P42773,P42773,CDN2C_HUMAN,CDKN2C,,,,,
P42785,P42785;P42785-2,PCP_HUMAN,PRCP,7491.645,,,15903.15,41136.6
P42830,P42830,CXCL5_HUMAN,CXCL5,,,78089.4,28990.7,
P42858,P42858,HD_HUMAN,HTT,140845.0,47182.3,8899.365000000002,36137.8,9876.47
P42892;P42892-3;P42892-4,P42892;P42892-2;P42892-3;P42892-4,ECE1_HUMAN,ECE1,,14424.1,27727.05,62718.4,26361.85
P42898;P42898-2,P42898;P42898-2,MTHR_HUMAN,MTHFR,5068.58,2762000.0,10396.37,18288.1,
P43004,P43004;P43004-2;P43004-3,EAA2_HUMAN,SLC1A2,,,,,
P43007,P43007;P43007-2,SATT_HUMAN,SLC1A4,,,,,
P43034,P43034;P43034-2,LIS1_HUMAN,PAFAH1B1,3382.53,,29142.55,117351.0,10709.8
P43115-10;P43115-6;P43115-7,P43115;P43115-12;P43115-10;P43115-11;P43115-2;P43115-3;P43115-4;P43115-5;P43115-6;P43115-7;P43115-8;P43115-9,PE2R3_HUMAN,PTGER3,,,11492.5,5655.07,
P43121,P43121;P43121-2,MUC18_HUMAN,MCAM,18303.7,114271.0,41894.3,20336.15,15065.6
P43155;P43155-2,P43155;P43155-2;P43155-3,CACP_HUMAN,CRAT,,,12808.65,28723.0,23734.925
P43234,P43234,CATO_HUMAN,CTSO,,,,,
P43243,P43243;P43243-2,MATR3_HUMAN,MATR3,,,,,
P43246,P43246;P43246-2,MSH2_HUMAN,MSH2,,509710.0,,,6298.3
P43250-2,P43250;P43250-2;P43250-3,GRK6_HUMAN,GRK6,,,24168.65,73461.4,38662.39999999999
P43251;P43251-2;P43251-3;P43251-4,P43251;P43251-2;P43251-3;P43251-4,BTD_HUMAN,BTD,289772.0,122516.0,374358.0,91110.8,634162.0
P43268,P43268,ETV4_HUMAN,ETV4,9503.12,10801.05,17071.3,,7254.51
P43304,P43304;P43304-2,GPDM_HUMAN,GPD2,,,72257.2,291773.0,73286.4
P43307,P43307;P43307-2,SSRA_HUMAN,SSR1,15516.4,,27854.3,109048.0,48114.65
P43353,P43353;P43353-2,AL3B1_HUMAN,ALDH3B1,,,9121.63,19333.7,
P43378,P43378,PTN9_HUMAN,PTPN9,,,,,
P43403,P43403;P43403-2;P43403-3,ZAP70_HUMAN,ZAP70,,,215919.0,11660.2,
P43405-2,P43405;P43405-2,KSYK_HUMAN,SYK,,745563.0,56065.5,139468.0,23367.0
P43487;P43487-2,P43487;P43487-2,RANG_HUMAN,RANBP1,,,60491.8,60784.1,22576.45
P43490,P43490,NAMPT_HUMAN,NAMPT,,,17603.25,31891.0,12368.545
P43628,P43628;Q8N743;P43628-2,KI2L3_HUMAN,KIR2DL3,,,4802.62,,
P43629;P43629-2,P43629;Q14943;P43629-2,KI3L1_HUMAN,KIR3DL1,,32565.6,,,
P43652,P43652,AFAM_HUMAN,AFM,1160080.0,1713140.0,356543.0,631374.0,438854.0
P43686,P43686;P43686-2,PRS6B_HUMAN,PSMC4,,,34807.9,117478.0,27080.85
P43897,P43897;P43897-2,EFTS_HUMAN,TSFM,,,,55866.45,
P45378-4;P45378-7,P45378;P45378-2;P45378-3;P45378-4;P45378-5;P45378-6;P45378-7,TNNT3_HUMAN,TNNT3,,61449.7,52069.8,,3726.21
P45379;P45379-10;P45379-11;P45379-2;P45379-3;P45379-4;P45379-5;P45379-6;P45379-7;P45379-8,P13805;P45379;P45379-11;P13805-3;P45379-10;P45379-2;P45379-3;P45379-4;P45379-5;P45379-6;P45379-7;P45379-8;P13805-2,TNNT2_HUMAN,TNNT2,,8137.47,7488.21,6626.059999999999,
P45877,P45877,PPIC_HUMAN,PPIC,1154.3135,,,15856.6,12497.9
P45880,P45880;P45880-1;P45880-2,VDAC2_HUMAN,VDAC2,,,65211.4,200763.0,55449.3
P45954,P45954;P45954-2,ACDSB_HUMAN,ACADSB,199799.0,100032.0,18356.1,59736.6,16334.4
P45973,P45973,CBX5_HUMAN,CBX5,,,,48865.5,
P45974-2,P45974;P45974-2,UBP5_HUMAN,USP5,,,41595.5,94698.2,
P45983-2;P45983-3,P45983;P53779;P45983-2;P45983-3;P45983-4;P53779-2;P53779-3,MK08_HUMAN,MAPK8,,,,,
P45984-3;P45984-4,P45984;P45984-2;P45984-3;P45984-4,MK09_HUMAN,MAPK9,,,,20772.7,
P45985;P45985-2,P45985;P45985-2,MP2K4_HUMAN,MAP2K4,,,14471.4,34711.9,
P46013-2,P46013;P46013-2,KI67_HUMAN,MKI67,,108189.35,,68696.0,
P46019,P46019,KPB2_HUMAN,PHKA2,,,26422.5,13589.7,19103.935
P46060,P46060,RAGP1_HUMAN,RANGAP1,6447.37,,29001.9,25300.9,3050970.0
P46063,P46063,RECQ1_HUMAN,RECQL,,,,,31274.3
P46087;P46087-4,P46087;P46087-2;P46087-3;P46087-4,NOP2_HUMAN,NOP2,,37308.8,,124273.0,
P46100,P46100;P46100-3;P46100-4;P46100-5;P46100-6,ATRX_HUMAN,ATRX,,,,22598.4,
P46100-6,P46100-6,ATRX_HUMAN,ATRX,,,,,
P46108,P46108,CRK_HUMAN,CRK,,,,14400.77,
P46109,P46109,CRKL_HUMAN,CRKL,22245.705,9149.61,59282.4,282396.0,19192.6
P46199,P46199,IF2M_HUMAN,MTIF2,,,,8410.01,
P46379;P46379-2;P46379-3,P46379;P46379-2;P46379-3;P46379-4;P46379-5,BAG6_HUMAN,BAG6,,,19964.1,77777.0,18467.5
P46439,P09488;P46439;P09488-2,GSTM5_HUMAN,GSTM5,,,,8306.060000000001,
P46459,P46459;P46459-2,NSF_HUMAN,NSF,,,32712.7,123889.0,25032.6
P46527,P46527,CDN1B_HUMAN,CDKN1B,,,,92933.5,
P46531,P46531;Q9UM47,NOTC1_HUMAN,NOTCH1,1526.53,32566.9,7948.045,63601.9,
P46721,P46721;P46721-2,SO1A2_HUMAN,SLCO1A2,,,,,
P46734,P46734;P46734-2;P46734-3,MP2K3_HUMAN,MAP2K3,,,17503.6,33760.5,9640.52
P46734-2,P46734-2,MP2K3_HUMAN,MAP2K3,,,,,
P46736,P46736;P46736-2;P46736-3;P46736-4;P46736-5,BRCC3_HUMAN,BRCC3,,,11556.3,31495.0,
P46776,P46776,RL27A_HUMAN,RPL27A,,,,19834.8,
P46777,P46777,RL5_HUMAN,RPL5,,5605.2,10330.5,10777.3,8362.85
P46778,P46778,RL21_HUMAN,RPL21,,,,,2670.67
P46779;P46779-2;P46779-3;P46779-4;P46779-5,P46779;P46779-2;P46779-3;P46779-4;P46779-5,RL28_HUMAN,RPL28,,,30329.4,2758.71,
P46781,P46781,RS9_HUMAN,RPS9,,,14086.55,22657.5,18298.2
P46782,P46782,RS5_HUMAN,RPS5,,,128886.075,18067.7,156330.0
P46783,P46783;Q9NQ39,RS10_HUMAN,RPS10,,,5155.215,22991.9,8467.13
P46821,P46821,MAP1B_HUMAN,MAP1B,,10659.215,7087.385,18238.05,6323.86
P46926,P46926;Q8TDQ7;Q8TDQ7-2;P46926-2;Q8TDQ7-3;Q8TDQ7-4;Q8TDQ7-5,GNPI1_HUMAN,GNPDA1,,,16252.7,40544.9,992393.5
P46934-4,P46934;P46934-3;P46934-4;P46934-2,NEDD4_HUMAN,NEDD4,2818.6,,86655.4,20248.4,
P46937;P46937-2;P46937-3;P46937-5;P46937-6;P46937-7;P46937-8;P46937-9,P46937;P46937-3;P46937-2;P46937-5;P46937-6;P46937-7;P46937-8;P46937-9,YAP1_HUMAN,YAP1,,,,,
P46939-2,P46939;P46939-2,UTRN_HUMAN,UTRN,14271.5,,17265.6,43919.8,10783.265
P46940,P46940,IQGA1_HUMAN,IQGAP1,4127.07,,19287.35,37821.6,25686.9
P46976;P46976-2,P46976;P46976-2,GLYG_HUMAN,GYG1,,22916.75,17476.6,45479.7,9990.244999999999
P46977,P46977;P46977-2,STT3A_HUMAN,STT3A,,60572.6,13032.15,38549.7,20107.55
P47224,P47224,MSS4_HUMAN,RABIF,,,20538.8,,
P47712,P47712,PA24A_HUMAN,PLA2G4A,,,27392.5,38150.6,26746.43
P47755,P47755;P47755-2,CAZA2_HUMAN,CAPZA2,,,45729.0,226353.0,15392.8
P47756,P47756;P47756-1,CAPZB_HUMAN,CAPZB,1542.905,35925.4,129245.0,488319.0,36914.9
P47756-1,P47756-1,CAPZB_HUMAN,CAPZB,,,,14456.4,
P47813,P47813;O14602,IF1AX_HUMAN,EIF1AX,,,,6192.12,7814.0
P47895,P47895,AL1A3_HUMAN,ALDH1A3,,,,,
P47897,P47897;P47897-2,SYQ_HUMAN,QARS1,,,29692.6,55650.5,8743.24
P47900,P47900,P2RY1_HUMAN,P2RY1,,,,6154.18,4287.27
P47914,P47914,RL29_HUMAN,RPL29,593.008,28679.1,5763.395,12427.5,13704.5
P47929,P47929,LEG7_HUMAN,LGALS7,,50956.0,48881.8,20698.55,20728.35
P47972,P47972,NPTX2_HUMAN,NPTX2,1249.98,,31077.4,,
P47974,P47974;Q07352,TISD_HUMAN,ZFP36L2,,,,,819.573
P47985,P47985;P0C7P4,UCRI_HUMAN,UQCRFS1,,,8874.95,25236.2,
P48029,P48029,SC6A8_HUMAN,SLC6A8,,,,,
P48047,P48047,ATPO_HUMAN,ATP5PO,,,36447.6,167838.0,25473.4
P48059,P48059;P48059-3;P48059-2;P48059-4;P48059-5,LIMS1_HUMAN,LIMS1,9621.61,,1272730.0,4468250.0,423607.0
P48060,P48060,GLIP1_HUMAN,GLIPR1,,,,,
P48061-4,P48061;P48061-2;P48061-3;P48061-4;P48061-5;P48061-6,SDF1_HUMAN,CXCL12,6357.69,92762.1,9385.015,206026.0,316968.0
P48067;P48067-2;P48067-3,P48067;P48067-3;P48067-2,SC6A9_HUMAN,SLC6A9,,,,,
P48147,P48147,PPCE_HUMAN,PREP,,,6292.36,25962.8,4807.94
P48163,P48163,MAOX_HUMAN,ME1,,,10856.55,22281.9,9923.83
P48200,P48200;P48200-2,IREB2_HUMAN,IREB2,,,,31374.6,20813.6
P48304,P48304,REG1B_HUMAN,REG1B,,57235.4,,,
P48357-4,P48357;P48357-2;P48357-3;P48357-4;P48357-5,LEPR_HUMAN,LEPR,,107644.0,6406.66,393242.0,
P48380;P48380-2,P48378;P48380;P48378-2;P48380-2;P48380-3,RFX3_HUMAN,RFX3,,,,,
P48382,P48382;P48382-2,RFX5_HUMAN,RFX5,,23959.25,141409.0,5023153.21,1496150.0
P48426,P48426;P48426-2,PI42A_HUMAN,PIP4K2A,2297.125,797419.5,169258.0,364930.0,50800.5
P48444,P48444,COPD_HUMAN,ARCN1,,,56830.9,112683.0,15879.9
P48449,P48449;P48449-2;P48449-3,LSS_HUMAN,LSS,,,6020.690000000001,26265.9,
P48454;P48454-3,P48454;P48454-2;P48454-3,PP2BC_HUMAN,PPP3CC,,,,8289.64,
P48506,P48506,GSH1_HUMAN,GCLC,1564.38,25813.7,19015.2,47975.6,13843.495
P48507,P48507;P48507-2,GSH0_HUMAN,GCLM,2189.775,,46593.64999999999,146514.0,18366.0
P48509,P48509,CD151_HUMAN,CD151,,,40192.2,58602.1,16830.9
P48539,P48539,PCP4_HUMAN,PCP4,,,,,
P48551;P48551-2;P48551-3,P48551;P48551-2;P48551-3,INAR2_HUMAN,IFNAR2,,38547.6,,8145.465,
P48553,P48553,TPC10_HUMAN,TRAPPC10,,,20972.3,24101.6,
P48556,P48556,PSMD8_HUMAN,PSMD8,,,33764.0,106126.0,2688865.0
P48594,P48594,SPB4_HUMAN,SERPINB4,,,,,
P48595,P48595,SPB10_HUMAN,SERPINB10,,,,,
P48634,P48634;P48634-2;P48634-3;P48634-4,PRC2A_HUMAN,PRRC2A,,,7646.1,15119.45,8032.68
P48637,P48637;P48637-2,GSHB_HUMAN,GSS,2132.07,,8529.045,36291.5,14875.25
P48643,P48643;P48643-2,TCPE_HUMAN,CCT5,,,87310.8,217633.0,24227.85
P48651,P48651;P48651-2;P48651-3,PTSS1_HUMAN,PTDSS1,,,,,
P48668,P48668,K2C6C_HUMAN,KRT6C,,,,,
P48681,P48681,NEST_HUMAN,NES,,87668.8,19749.99,34097.9,36183.3
P48723,P48723,HSP13_HUMAN,HSPA13,6673.59,,8667.84,14649.7,16143.4
P48728,P48728;P48728-2;P48728-3,GCST_HUMAN,AMT,,,4023.39,2966.265,
P48729,P48729;Q8N752;P48729-2;P48729-3,KC1A_HUMAN,CSNK1A1,,,12074.7,19894.4,7776.81
P48730;P48730-2,P48730;P48730-2;P49674,KC1D_HUMAN,CSNK1D,,,2380.52,,
P48735,P48735;P48735-2,IDHP_HUMAN,IDH2,5372.46,26187.8,315920.0,947365.0,175577.0
P48736,P48736,PK3CG_HUMAN,PIK3CG,,,9304.85,46696.9,4503.955
P48739;P48739-2;P48739-3,P48739;P48739-2;P48739-3,PIPNB_HUMAN,PITPNB,,,10379.01,38490.0,
P48740,P48740,MASP1_HUMAN,MASP1,44491.1,60855.6,395913.0,129181.0,80492.3
P48740-2,P48740;P48740-2;P48740-4,MASP1_HUMAN,MASP1,97999.5,35815.4,2497990.0,474552.0,111695.0
P48740-3,P48740-3,MASP1_HUMAN,MASP1,,,222317.0,42702.5,
P48741,P17066;P48741,HSP77_HUMAN,HSPA7,,,,,
P48745,P48745,CCN3_HUMAN,CCN3,,22121.85,,,15425.2
P48960;P48960-2;P48960-3,P48960;P48960-2;P48960-3,AGRE5_HUMAN,ADGRE5,4576.47,78349.75,20582.5,16469.9,7367.030000000001
P49005,P49005,DPOD2_HUMAN,POLD2,,,,,
P49006,P49006,MRP_HUMAN,MARCKSL1,,23895.8,13805.4,15713.0,15311.3
P49019,P49019;Q8TDS4,HCAR3_HUMAN,HCAR3,,,1885.49,2550.225,
P49023,P49023;P49023-2;P49023-3,PAXI_HUMAN,PXN,7304.78,,201471.0,5020.32,
P49069,P49069,CAMLG_HUMAN,CAMLG,1738.47,,4565.84,17739.0,
P49116,P49116;P49116-2,NR2C2_HUMAN,NR2C2,,3996.08,,19867.0,
P49137,P49137;P49137-2,MAPK2_HUMAN,MAPKAPK2,,,10119.5,39746.6,14352.8
P49184,P49184,DNSL1_HUMAN,DNASE1L1,,,,,
P49189,P49189;P49189-2;P49189-3,AL9A1_HUMAN,ALDH9A1,,8901.33,17908.8,36219.35000000001,6811.46
P49207,P49207,RL34_HUMAN,RPL34,,,,33442.35,16564.0
P49238-2;P49238-4,P49238;P49238-2;P49238-3;P49238-4,CX3C1_HUMAN,CX3CR1,,,,7744.96,
P49247,P49247,RPIA_HUMAN,RPIA,1585.95,,10389.3,27004.0,4526.4
P49257,P49257,LMAN1_HUMAN,LMAN1,5276.82,,51659.0,98097.5,33534.3
P49281-3,P49281;P49281-3;P49281-2;P49281-4;P49281-5,NRAM2_HUMAN,SLC11A2,,,,4131.31,
P49321,P49321;P49321-2;P49321-3,NASP_HUMAN,NASP,,,18965.3,11593.425,
P49326,P49326;P49326-2;P49326-3,FMO5_HUMAN,FMO5,,,12749.8,18336.7,8890.17
P49327,P49327,FAS_HUMAN,FASN,2540.845,,45579.5,141047.0,16660.4
P49336;P49336-2,P49336;P49336-2,CDK8_HUMAN,CDK8,,,,,
P49354,P49354;P49354-2,FNTA_HUMAN,FNTA,,,96474.4,23731.7,16015.9
P49356;P49356-2,P49356;P49356-2,FNTB_HUMAN,FNTB,,,,32109.0,
P49366,P49366;P49366-2;P49366-3,DHYS_HUMAN,DHPS,,,,6214.8,
P49368,P49368;P49368-2,TCPG_HUMAN,CCT3,12952.833,,122812.0,272186.0,50693.1
P49406,P49406,RM19_HUMAN,MRPL19,,,,6418.66,
P49407,P49407,ARRB1_HUMAN,ARRB1,,,,,
P49407-2,P10523;P49407;P49407-2,ARRB1_HUMAN,ARRB1,,,31859.1,125845.0,18918.7
P49411,P49411,EFTU_HUMAN,TUFM,1050.85,,44181.5,98390.8,34321.8
P49419-2,P49419;P49419-2;P49419-4,AL7A1_HUMAN,ALDH7A1,,,,16952.2,25723.9
P49427,P49427,UB2R1_HUMAN,CDC34,,,,240695.0,
P49441,P49441,INPP_HUMAN,INPP1,,,6590.165,8169.17,3708.28
P49458,P49458,SRP09_HUMAN,SRP9,,,,,
P49585,P49585,PCY1A_HUMAN,PCYT1A,,,7116.87,14999.4,
P49588,P49588;P49588-2,SYAC_HUMAN,AARS1,,,31759.6,75095.2,12570.2
P49589-3,P49589;P49589-2;P49589-3,SYCC_HUMAN,CARS1,,,21108.45,40365.0,28860.0
P49590;P49590-2,P49590;P49590-2,SYHM_HUMAN,HARS2,,,70564.8,7752.085,
P49591,P49591,SYSC_HUMAN,SARS1,4719.95,,24691.0,79884.5,14961.4
P49593,P49593;P49593-2,PPM1F_HUMAN,PPM1F,,,33162.1,38691.5,5441.24
P49619;P49619-2;P49619-3,P49619;P49619-2;P49619-3,DGKG_HUMAN,DGKG,,,6807.26,14760.1,11699.6
P49641,P49641;P49641-1;P49641-2,MA2A2_HUMAN,MAN2A2,5335.365,,97815.1,49057.5,34471.5
P49642,P49642,PRI1_HUMAN,PRIM1,,,,,
P49643,P49643,PRI2_HUMAN,PRIM2,,,,941.041,
P49662,P49662;P49662-2,CASP4_HUMAN,CASP4,,,10540.6,,
P49674,P49674,KC1E_HUMAN,CSNK1E,,,,,
P49711,P49711;P49711-2,CTCF_HUMAN,CTCF,,,,,
P49715;P49715-2;P49715-3;P49715-4,P49715;P49715-4;P49715-2;P49715-3,CEBPA_HUMAN,CEBPA,,,,,
P49720,P49720,PSB3_HUMAN,PSMB3,2688.55,,330695.0,156919.0,15578.95
P49721,P49721,PSB2_HUMAN,PSMB2,2050.48,95325.6,274756.0,94748.0,20845.79
P49736,P49736,MCM2_HUMAN,MCM2,,,147458.0,,
P49746,P49746,TSP3_HUMAN,THBS3,9974.62,,189355.0,32633.0,11682.8
P49747,P49747;P49747-2,COMP_HUMAN,COMP,48859.9,49967.15,11137000.0,598418.0,148637.0
P49748;P49748-3,P49748;P49748-2;P49748-3,ACADV_HUMAN,ACADVL,,19256.4,24097.65,80857.5,9877.195
P49750,P49750;P49750-1,YLPM1_HUMAN,YLPM1,,,,25800.9,
P49754,P49754;P49754-2;P49754-3,VPS41_HUMAN,VPS41,5090.5,,8307.36,19600.5,3666.98
P49755,P49755,TMEDA_HUMAN,TMED10,,,35602.8,148787.0,52019.6
P49756,P49756,RBM25_HUMAN,RBM25,,,,,18795.95
P49757;P49757-3,P49757;P49757-3;P49757-8;P49757-2;P49757-4;P49757-5;P49757-6;P49757-7,NUMB_HUMAN,NUMB,,,41228.3,55460.9,19908.0
P49758;P49758-3;P49758-7;P49758-9,P49758;P49802;P49758-10;P49758-11;P49758-12;P49758-13;P49758-14;P49758-15;P49758-16;P49758-2;P49758-3;P49758-5;P49758-6;P49758-7;P49758-8;P49758-9;P49802-2;P49802-3;P49802-4;P49802-5,RGS6_HUMAN,RGS6,,,23928.1,37234.25,87335.415
P49759;P49759-3,P49759;Q9HAZ1;P49759-3,CLK1_HUMAN,CLK1,,,,,
P49760;P49760-3,P49760;P49760-3,CLK2_HUMAN,CLK2,,,,,
P49761,P49761;P49761-1,CLK3_HUMAN,CLK3,,,,,
P49767,P49767,VEGFC_HUMAN,VEGFC,,,21527.1,26769.3,14361.9
P49768;P49768-2,P49768;P49768-2;P49768-7,PSN1_HUMAN,PSEN1,,,,,
P49770,P49770,EI2BB_HUMAN,EIF2B2,,,3598.0,15387.57,
P49773,P49773,HINT1_HUMAN,HINT1,,,9072.425,35446.7,8281.77
P49788;P49788-2,P49788;P49788-2,TIG1_HUMAN,RARRES1,,,7222.785,897.791,
P49789,P49789,FHIT_HUMAN,FHIT,,,,11376.35,
P49790,P49790;P49790-2;P49790-3,NU153_HUMAN,NUP153,,,,74384.1,150074.0
P49792,P49792;Q99666;O14715;Q99666-2,RBP2_HUMAN,RANBP2,,151814.0,45751.95,87268.9,60036.5
P49795,P49795,RGS19_HUMAN,RGS19,,,21605.0,63681.2,14067.1
P49796,P49796;P49796-1;P49796-4;P49796-6,RGS3_HUMAN,RGS3,,11770.3,,8584.72,
P49810;P49810-3,P49810;P49810-2;P49810-3,PSN2_HUMAN,PSEN2,,,,,
P49815;P49815-2;P49815-3;P49815-4;P49815-5,P49815;P49815-2;P49815-3;P49815-4;P49815-5;P49815-6;P49815-7,TSC2_HUMAN,TSC2,14436.7,,14170.8,30021.8,
P49821;P49821-2,P49821;P49821-2,NDUV1_HUMAN,NDUFV1,,,18277.05,28393.4,20875.895
P49840,P49840,GSK3A_HUMAN,GSK3A,,2203605.0,19852.1,16129.75,1200582.095
P49841;P49841-2,P49840;P49841;P49841-2,GSK3B_HUMAN,GSK3B,,,8756.89,24093.05,39652.25
P49842;P49842-2;P49842-3;P49842-4,P49842;P49842-2;P49842-3;P49842-4,STK19_HUMAN,STK19,,,,,
P49848;P49848-3;P49848-4,P49848;P49848-4;P49848-2;P49848-3,TAF6_HUMAN,TAF6,,,,,
P49862,P49862;P49862-2,KLK7_HUMAN,KLK7,,,,5231.04,18535.7
P49863,P49863,GRAK_HUMAN,GZMK,,,,,
P49902,P49902;P49902-2,5NTC_HUMAN,NT5C2,,,8097.54,22476.3,3327.7
P49903;P49903-2,P49903;P49903-2;P49903-3,SPS1_HUMAN,SEPHS1,,,,7832.965,
P49908,P49908,SEPP1_HUMAN,SELENOP,234628.0,21850000.0,1053050.0,917419.0,2671250.0
P49913,P49913,CAMP_HUMAN,CAMP,33458.2,245572.0,458233.0,2593540.0,127131.0
P49914,P49914;P49914-2,MTHFS_HUMAN,MTHFS,,135924.0,,9376.575,9998.2
P49915,P49915;P49915-2,GUAA_HUMAN,GMPS,,,14768.0,28991.2,12485.6
P49916-3,P49916;P49916-3,DNLI3_HUMAN,LIG3,,,107583.0,51932.10000000001,40007.425
P49917,P49917,DNLI4_HUMAN,LIG4,,,,,12338.4
P49918,P49918,CDN1C_HUMAN,CDKN1C,,,,,
P49959;P49959-3,P49959;P49959-2;P49959-3,MRE11_HUMAN,MRE11,10001.985,,8044.97,12256.7,16848.65
P49961;P49961-2;P49961-6,P49961;P49961-2;P49961-3;P49961-6,ENTP1_HUMAN,ENTPD1,,,,26020.9,
P50053-2,P50053-2,KHK_HUMAN,KHK,,,,,
P50135,P50135,HNMT_HUMAN,HNMT,,,,,
P50148,P50148,GNAQ_HUMAN,GNAQ,,,121570.0,506148.0,106439.2
P50213,P50213,IDH3A_HUMAN,IDH3A,,,32778.2,29981.0,6720.98
P50225,P50225;P50226,ST1A1_HUMAN,SULT1A1,,,31775.7,47404.2,5233.425
P50238,P50238,CRIP1_HUMAN,CRIP1,,9846.24,,5518.35,
P50281,P50281,MMP14_HUMAN,MMP14,1428.28,201808.0,3858.35,,33924.0
P50336,P50336,PPOX_HUMAN,PPOX,,,7131.65,11505.5,9041.43
P50395,P50395;P50395-2,GDIB_HUMAN,GDI2,3539.97,,72623.6,247610.0,24282.3
P50402,P50402,EMD_HUMAN,EMD,,65771.1,89478.0,106796.0,48250.7
P50416,P50416;P50416-2,CPT1A_HUMAN,CPT1A,767702.0,,27872.1,82797.6,24564.8
P50440;P50440-2;P50440-3,P50440;P50440-2;P50440-3,GATM_HUMAN,GATM,,,6010.65,23959.35,6027.47
P50443,P50443,S26A2_HUMAN,SLC26A2,,,1910.94,,
P50452,P50452;P50452-3,SPB8_HUMAN,SERPINB8,,,,56694.0,21528.4
P50453,P50453,SPB9_HUMAN,SERPINB9,,,31374.0,120394.0,11262.6
P50454,P50454,SERPH_HUMAN,SERPINH1,,157393.5,15480.7,38077.6,12239.0
P50479,P50479;P50479-2,PDLI4_HUMAN,PDLIM4,,,,,
P50502,P50502;Q8NFI4,F10A1_HUMAN,ST13,10266.3,,337955.0,428881.0,130162.0
P50542;P50542-4,P50542;P50542-3;P50542-2;P50542-4,PEX5_HUMAN,PEX5,,,,9068.529999999999,
P50552,P50552,VASP_HUMAN,VASP,1800.54,55088.05,210781.0,640923.0,133128.0
P50570-4,P50570;P50570-2;Q9UQ16;P50570-3;P50570-4;P50570-5;Q9UQ16-2;Q9UQ16-3;Q9UQ16-4,DYN2_HUMAN,DNM2,,,37813.7,288601.0,16587.6
P50570-5,P50570;P50570-2;P50570-5,DYN2_HUMAN,DNM2,,,17878.65,53445.3,
P50579,P50579;P50579-2,MAP2_HUMAN,METAP2,,,,14391.9,19331.55
P50583,P50583,AP4A_HUMAN,NUDT2,,,,22888.55,
P50591,P50591,TNF10_HUMAN,TNFSF10,,,7879.43,,2127.9
P50613,P50613,CDK7_HUMAN,CDK7,2533.5,,,,
P50748,P50748,KNTC1_HUMAN,KNTC1,,24818.8,23768.8,20807.9,
P50749,P50749,RASF2_HUMAN,RASSF2,,,,,
P50750;P50750-2,P50750;P50750-2,CDK9_HUMAN,CDK9,,,,,
P50851,P50851;P50851-2,LRBA_HUMAN,LRBA,19837.0,,71937.9,190933.0,42653.2
P50851-2,P50851-2,LRBA_HUMAN,LRBA,,,2477.435,5783.58,
P50895,P50895,BCAM_HUMAN,BCAM,5912.58,,17037.85,92886.5,24288.5
P50897,P50897;P50897-2,PPT1_HUMAN,PPT1,,7351.89,,10876.45,
P50914,P50914,RL14_HUMAN,RPL14,,,,27462.2,12553.5
P50990,P50990;P50990-2;P50990-3,TCPQ_HUMAN,CCT8,,,48371.0,151196.0,12502.2
P50990-3,P50990-3,TCPQ_HUMAN,CCT8,,,,,
P50991,P50991;P50991-2,TCPD_HUMAN,CCT4,,181845.0,74397.4,299367.0,38712.6
P50993,P50993,AT1A2_HUMAN,ATP1A2,11364.0,,,,23568.0
P50995;P50995-2,P50995;P50995-2,ANX11_HUMAN,ANXA11,,,30399.65,72118.5,27891.65
P51003,P51003,PAPOA_HUMAN,PAPOLA,,,,,
P51114,P51114;P51114-2;P51114-3,FXR1_HUMAN,FXR1,,,6212.21,41120.0,26785.3
P51116,P51116,FXR2_HUMAN,FXR2,,,,,
P51124,P51124,GRAM_HUMAN,GZMM,,,,,19035.2
P51148;P51148-2,P20339;P51148;P61020;P51148-2;P20339-2;P61020-2,RAB5C_HUMAN,RAB5C,,,95046.5,423276.0,75847.2
P51149,P51149,RAB7A_HUMAN,RAB7A,1420.21,,161323.0,533657.0,117482.0
P51151,P51151;Q9NP90,RAB9A_HUMAN,RAB9A,,,16417.8,23554.45,27232.9
P51153,P51153,RAB13_HUMAN,RAB13,,,41935.1,66941.1,30254.2
P51157,P51157;P51157-2;P51157-3,RAB28_HUMAN,RAB28,17613.2,,176620.0,180467.5,64305.3
P51159;P51159-2,P51159;P51159-2,RB27A_HUMAN,RAB27A,,,,19140.05,7896.39
P51161;P51161-2,P51161;P51161-2,FABP6_HUMAN,FABP6,3323.49,,,,21194.1
P51178,P51178,PLCD1_HUMAN,PLCD1,,,,,
P51178-2,P51178;P51178-2,PLCD1_HUMAN,PLCD1,,,15279.1,33186.0,
P51397,P51397,DAP1_HUMAN,DAP,,59442.3,,21596.3,
P51398;P51398-2;P51398-3,P51398;P51398-2;P51398-3,RT29_HUMAN,DAP3,,,17808.755,11687.7,
P51451,P51451,BLK_HUMAN,BLK,,,,,
P51452,P51452;P51452-2,DUS3_HUMAN,DUSP3,,,25165.1,111848.0,34419.4
P51460,P51460,INSL3_HUMAN,INSL3,,106967.0,,43854.8,16237.4
P51531,P51531;P51532;P51531-2;P51532-2;P51532-3;P51532-4;P51532-5,SMCA2_HUMAN,SMARCA2,,,137519.0,23960.6,
P51532;P51532-2;P51532-3;P51532-4;P51532-5,P51532;P51532-2;P51532-3;P51532-4;P51532-5,SMCA4_HUMAN,SMARCA4,,,,,
P51553;P51553-2,P51553;P51553-2,IDH3G_HUMAN,IDH3G,,,,6110.745,2877.235
P51570,P51570,GALK1_HUMAN,GALK1,,,21659.5,36953.3,12822.35
P51571,P51571,SSRD_HUMAN,SSR4,,,15263.0,70931.0,26015.8
P51572;P51572-2,P51572;P51572-2,BAP31_HUMAN,BCAP31,22536.8,,62641.1,158599.0,69748.4
P51575,P51575,P2RX1_HUMAN,P2RX1,,,15367.35,25432.75,9994.275000000001
P51580,P51580,TPMT_HUMAN,TPMT,,,19769.75,36340.4,
P51606,P51606;P51606-2,RENBP_HUMAN,RENBP,93109.95000000001,,26427.05,53755.1,8302.5
P51608-2,P51608;P51608-2,MECP2_HUMAN,MECP2,,,,72814.6,
P51610,P51610;P51610-2;P51610-3;P51610-4,HCFC1_HUMAN,HCFC1,,,,24225.6,
P51610-4,P51610-4,HCFC1_HUMAN,HCFC1,,,,,
P51617;P51617-2;P51617-3,P51617;P51617-2;P51617-3;P51617-4,IRAK1_HUMAN,IRAK1,,,,6606.51,9890.95
P51648;P51648-2,P51648;P51648-2,AL3A2_HUMAN,ALDH3A2,,,,24002.3,19092.8
P51649;P51649-2,P51649;P51649-2,SSDH_HUMAN,ALDH5A1,,,43750.6,39174.4,25085.0
P51659,P51659,DHB4_HUMAN,HSD17B4,74007.3,,54613.3,196859.0,22965.8
P51665,P51665,PSMD7_HUMAN,PSMD7,,,39562.9,81562.7,17109.5
P51668;Q9Y2X8,P51668;Q9Y2X8,UB2D1_HUMAN;UB2D4_HUMAN,UBE2D1;UBE2D4,,,,,
P51674;P51674-2;P51674-3,P51674;P51674-2;P51674-3,GPM6A_HUMAN,GPM6A,,,,14639.2,
P51679,P51679,CCR4_HUMAN,CCR4,,,,20817.9,
P51681,P51681,CCR5_HUMAN,CCR5,,,,,
P51684,P51684,CCR6_HUMAN,CCR6,,,,,
P51688,P51688,SPHM_HUMAN,SGSH,,,,32201.3,13252.8
P51689,P51689;P51689-3,ARSD_HUMAN,ARSD,,,,6115.61,
P51692,P51692,STA5B_HUMAN,STAT5B,,,39393.0,127083.0,14270.9
P51693,P51693;P51693-2,APLP1_HUMAN,APLP1,3714.349999999999,79432.79999999999,347263.0,35457.45,10155.1
P51693-2,P51693-2,APLP1_HUMAN,APLP1,,,23379.1,,
P51784,P51784,UBP11_HUMAN,USP11,,,19708.0,23350.4,31700.5
P51790-2,P51790;P51790-2;P51790-4;P51790-5,CLCN3_HUMAN,CLCN3,,719694.0,,12535.2,3678.64
P51793,P51793;P51793-2,CLCN4_HUMAN,CLCN4,,,6052.64,21268.25,
P51797;P51797-5;P51797-6,P51797;P51797-5;P51797-6,CLCN6_HUMAN,CLCN6,,,,,
P51798,P51798;P51798-2,CLCN7_HUMAN,CLCN7,,,7957.115,8546.475,
P51801,P51801,CLCKB_HUMAN,CLCNKB,,,,,
P51805,P51805,PLXA3_HUMAN,PLXNA3,,,,,
P51808,P51808,DYLT3_HUMAN,DYNLT3,,,,3742.71,
P51809,P51809;P51809-2;P51809-3,VAMP7_HUMAN,VAMP7,,,26334.8,74774.7,30022.5
P51811,P51811,XK_HUMAN,XK,,,,18622.7,14813.6
P51812,P51812,KS6A3_HUMAN,RPS6KA3,,,19132.4,53757.5,13718.0
P51816;P51816-6,P51816;P51816-2;P51816-3;P51816-5;P51816-6;P51816-7,AFF2_HUMAN,AFF2,,,,,
P51817,P51817;O43930,PRKX_HUMAN,PRKX,,,,8394.37,
P51825;P51825-2;P51825-3,P51825;P51825-2;P51825-3,AFF1_HUMAN,AFF1,,,81518.75,18614.6,
P51828,P51828,ADCY7_HUMAN,ADCY7,,,,,
P51858,P51858;P51858-2;P51858-3,HDGF_HUMAN,HDGF,,134627.0,36751.8,26318.4,38753.2
P51884,P51884,LUM_HUMAN,LUM,1018910.0,1528830.0,75156000.0,1088420.0,1253300.0
P51888,P51888,PRELP_HUMAN,PRELP,,,8679.029999999999,7499.36,17641.1
P51911,P51911;P51911-2,CNN1_HUMAN,CNN1,,,,63902.0,
P51946,P51946,CCNH_HUMAN,CCNH,,,,,
P51948,P51948,MAT1_HUMAN,MNAT1,,,,,
P51956,P51956,NEK3_HUMAN,NEK3,,,,,
P51957;P51957-2;P51957-3,P51957;P51957-2;P51957-3,NEK4_HUMAN,NEK4,,,,4522.77,
P51970,P51970,NDUA8_HUMAN,NDUFA8,,,16673.9,32659.65,31091.9
P51991-2,P51991;P51991-2,ROA3_HUMAN,HNRNPA3,,,117889.63,110787.15,17719.45
P51993-2,P51993;P51993-2,FUT6_HUMAN,FUT6,,,,,
P52209;P52209-2,P52209;P52209-2,6PGD_HUMAN,PGD,8336.065,637399.0,36722.9,181980.0,46894.6
P52272;P52272-2,P52272;P52272-2,HNRPM_HUMAN,HNRNPM,,,6670.3,13844.2,7693.4
P52292,P52292,IMA1_HUMAN,KPNA2,,,6780.17,,
P52294,P52294,IMA5_HUMAN,KPNA1,,,10373.7,33383.2,7357.76
P52298,P52298;P52298-2,NCBP2_HUMAN,NCBP2,,,,,
P52306-2,P52306;P52306-5;P52306-2;P52306-3;P52306-6,GDS1_HUMAN,RAP1GDS1,,,,10362.6,
P52306-4,P52306;P52306-5;P52306-2;P52306-3;P52306-4;P52306-6,GDS1_HUMAN,RAP1GDS1,,,17139.5,27958.1,2534.58
P52333,P52333;P52333-2,JAK3_HUMAN,JAK3,8042.85,,12781.5,40826.7,7935.809999999999
P52429,P52429;P52429-2,DGKE_HUMAN,DGKE,,,,15519.4,
P52434;P52434-3,P52434;P52434-2;P52434-3;P52434-5,RPAB3_HUMAN,POLR2H,,,,,
P52564,P52564;P52564-2,MP2K6_HUMAN,MAP2K6,,,26642.3,19787.95,
P52565,P52565;P52565-2,GDIR1_HUMAN,ARHGDIA,,37048.7,51904.4,187435.0,6386.549999999999
P52566,P52566,GDIR2_HUMAN,ARHGDIB,1913.02,211430.5,136799.0,414837.0,9121.6
P52594;P52594-2;P52594-3;P52594-4,P52594;P52594-2;P52594-3;P52594-4,AGFG1_HUMAN,AGFG1,11856.0,6184.01,20188.55,56869.2,6898.68
P52597,P52597,HNRPF_HUMAN,HNRNPF,,,1752.04,13913.5,
P52630;P52630-4,P52630;P52630-4,STAT2_HUMAN,STAT2,,,16393.7,18720.9,8299.16
P52655,P52655,TF2AA_HUMAN,GTF2A1,,,,,
P52657,P52657,T2AG_HUMAN,GTF2A2,,,,,
P52701,P52701;P52701-2;P52701-3;P52701-4,MSH6_HUMAN,MSH6,,73072.8,13473.5,238067.0,493262.0
P52735-3,P52735;P52735-2;P52735-3,VAV2_HUMAN,VAV2,,64156.8,,,15670.9
P52739;P52739-2,P52739;P52739-2,ZN131_HUMAN,ZNF131,,,,,
P52747;P52747-2;P52747-3,P52747;P52747-2;P52747-3,ZN143_HUMAN,ZNF143,,84865.2,10711.24,,
P52756,P52756,RBM5_HUMAN,RBM5,,,,,
P52757-9,P52757;P52757-3;P52757-4;P52757-5;P52757-6;P52757-7;P52757-8;P52757-9,CHIO_HUMAN,CHN2,,,,,
P52758,P52758,RIDA_HUMAN,RIDA,,81580.9,,22758.1,236400.0
P52788;P52788-2,P52788;P52788-2,SPSY_HUMAN,SMS,,,9086.14,38702.05,5110.06
P52789,P52789,HXK2_HUMAN,HK2,,,61502.1,63052.75,
P52790,P52790,HXK3_HUMAN,HK3,,102063.0,10534.5,10522.8,23267.5
P52799,P52799,EFNB2_HUMAN,EFNB2,,26999.9,,,
P52815,P52815,RM12_HUMAN,MRPL12,,,19206.6,35043.5,
P52823;P52823-2,P52823;P52823-2,STC1_HUMAN,STC1,,8988.7,,,9131.61
P52824,P52824,DGKQ_HUMAN,DGKQ,,,5934.57,65962.1,7849.17
P52848,P52848;P52848-3;P52848-2,NDST1_HUMAN,NDST1,9514.529999999999,,11979.415,34274.0,8177.889999999999
P52849,P52849,NDST2_HUMAN,NDST2,,,,,
P52888,P52888,THOP1_HUMAN,THOP1,,30061.5,16889.4,29072.8,5601.42
P52895,P52895;Q04828,AK1C2_HUMAN,AKR1C2,,,,,
P52907,P52907,CAZA1_HUMAN,CAPZA1,55668.55,,138787.0,608614.0,22395.2
P52943,P52943;P52943-2,CRIP2_HUMAN,CRIP2,,,23930.0,78826.3,20165.6
P52948;P52948-5,P52948;P52948-2;P52948-5;P52948-6,NUP98_HUMAN,NUP98,,50720.3,,,
P53004,P53004,BIEA_HUMAN,BLVRA,3121.45,,28508.7,91346.8,18178.0
P53007,P53007,TXTP_HUMAN,SLC25A1,,,11752.3,28568.9,9393.63
P53041,P53041,PPP5_HUMAN,PPP5C,,,3755.73,27356.2,4156.68
P53355;P53355-3,P53355;P53355-3;P53355-4,DAPK1_HUMAN,DAPK1,,,,,
P53365;P53365-3,P53365;P53365-2;P53365-3,ARFP2_HUMAN,ARFIP2,,,,2882.93,
P53367,P53367;P53367-2;P53367-3,ARFP1_HUMAN,ARFIP1,,,6478.96,5740.51,
P53367-2,P53367-2,ARFP1_HUMAN,ARFIP1,,,,6763.61,7204.21
P53384;P53384-2,P53384;P53384-2,NUBP1_HUMAN,NUBP1,,,,2594.76,
P53396,P53396;P53396-2;P53396-3,ACLY_HUMAN,ACLY,,,69903.8,437409.0,39441.5
P53539;P53539-10;P53539-11;P53539-3;P53539-4;P53539-7,P53539;P53539-11;P53539-10;P53539-3;P53539-4;P53539-7,FOSB_HUMAN,FOSB,,,,,
P53582,P53582,MAP11_HUMAN,METAP1,,,,12247.85,
P53597,P53597,SUCA_HUMAN,SUCLG1,,,13014.8,36546.8,7246.2
P53602,P53602,MVD1_HUMAN,MVD,,,23570.6,22424.6,
P53609,P53609;P53609-2,PGTB1_HUMAN,PGGT1B,,,,,
P53611,P53611,PGTB2_HUMAN,RABGGTB,,,,16809.1,
P53618,P53618,COPB_HUMAN,COPB1,,,37577.9,127508.0,22938.45
P53621;P53621-2,P53621;P53621-2,COPA_HUMAN,COPA,,47698.55,77633.6,257932.0,36630.8
P53634,P53634,CATC_HUMAN,CTSC,8856.42,,30731.2,56401.2,13838.7
P53667-4,P53667;P53667-2;P53667-3;P53667-4,LIMK1_HUMAN,LIMK1,,,9094.025000000001,8702.71,5024.2
P53671-3,P53671;P53671-2;P53671-3,LIMK2_HUMAN,LIMK2,,,,,
P53675;P53675-2,P53675;P53675-2,CLH2_HUMAN,CLTCL1,,,,44943.1,
P53677,P53677;P53677-2,AP3M2_HUMAN,AP3M2,,,,,
P53680,P53680;P53680-2,AP2S1_HUMAN,AP2S1,,,22023.9,96812.1,18650.1
P53701,P53701,CCHL_HUMAN,HCCS,,,,,
P53778;P53778-2,P53778;P53778-2,MK12_HUMAN,MAPK12,,,,,
P53779-2,P53779;P53779-2;P53779-3,MK10_HUMAN,MAPK10,,,,,
P53801,P53801,PTTG_HUMAN,PTTG1IP,,,2516.865,43545.15,8383.74
P53804,P53804,TTC3_HUMAN,TTC3,,,,,
P53814-5,P53814;P53814-5;P53814-6,SMTN_HUMAN,SMTN,,37008.4,17631.0,39469.2,14657.3
P53985,P53985;P53985-2,MOT1_HUMAN,SLC16A1,,,6118.25,16401.8,
P53990;P53990-2;P53990-4;P53990-5,P53990;P53990-3;P53990-2;P53990-4;P53990-5;P53990-6,IST1_HUMAN,IST1,,,15146.3,56919.1,5403.36
P53992,P53992,SC24C_HUMAN,SEC24C,,,9897.35,38081.0,7159.665000000001
P53999,P53999,TCP4_HUMAN,SUB1,,,11116.15,20078.6,16575.2
P54098,P54098,DPOG1_HUMAN,POLG,,,,,
P54105,P54105,ICLN_HUMAN,CLNS1A,,,,,
P54108;P54108-2;P54108-3,P54108;P54108-2;P54108-3,CRIS3_HUMAN,CRISP3,78626.7,12460.3,,9533.5,13173.4
P54136,P54136;P54136-2,SYRC_HUMAN,RARS1,,,20486.5,50419.3,9282.145
P54198;P54198-2,P54198;P54198-2,HIRA_HUMAN,HIRA,,988621.0,,48959.9,
P54252;P54252-1;P54252-4,P54252;P54252-1;P54252-3;P54252-4;P54252-5,ATX3_HUMAN,ATXN3,,,11601.5,16240.8,
P54253,P54253,ATX1_HUMAN,ATXN1,,,,,
P54274,P54274;P54274-2,TERF1_HUMAN,TERF1,,,,,
P54277;P54277-3,P54277;P54277-2;P54277-3;P54277-4,PMS1_HUMAN,PMS1,231465.0,52329.3,179513.0,,32856.5
P54278,P54278;P54278-2;P54278-3,PMS2_HUMAN,PMS2,,,,,
P54289,P54289;P54289-2;P54289-3;P54289-4;P54289-5,CA2D1_HUMAN,CACNA2D1,7855.34,146647.0,9116.68,12801.4,24102.4
P54577,P54577,SYYC_HUMAN,YARS1,127455.0,,22284.3,75810.0,10020.5
P54578,P54578;P54578-2;P54578-3,UBP14_HUMAN,USP14,,576390.0,33576.7,101805.0,33413.4
P54619;P54619-2,P54619;Q9UGJ0;Q9UGJ0-3;P54619-2;P54619-3;Q9UGJ0-2,AAKG1_HUMAN,PRKAG1,,,19267.4,35321.8,8599.445
P54652,P54652,HSP72_HUMAN,HSPA2,,,,11132.9,20885.82
P54687;P54687-4;P54687-5,P54687;P54687-4;P54687-2;P54687-3;P54687-5,BCAT1_HUMAN,BCAT1,,,,,
P54709,P54709;P54709-2,AT1B3_HUMAN,ATP1B3,,,50060.9,61870.7,18533.25
P54710,P54710,ATNG_HUMAN,FXYD2,,24253.05,,,
P54725;P54725-3,P54725;P54727;P54725-2;P54725-3,RD23A_HUMAN,RAD23A,,21245.7,227426.0,115518.0,
P54727,P54727;P54727-2,RD23B_HUMAN,RAD23B,,21035.0,24211.3,29057.95,
P54750;P54750-2;P54750-3;P54750-4;P54750-5;P54750-6;P54750-7;P54750-8;P54750-9,P54750;P54750-2;P54750-3;P54750-4;P54750-5;P54750-6;P54750-7;P54750-8;P54750-9,PDE1A_HUMAN,PDE1A,,,,,
P54753,P54753,EPHB3_HUMAN,EPHB3,3052.24,,,,
P54760,P54760;P54760-2;P54760-3;P54760-4,EPHB4_HUMAN,EPHB4,689.246,,43804.3,10145.2,1906.17
P54764,P54764,EPHA4_HUMAN,EPHA4,332.312,,,,
P54802,P54802,ANAG_HUMAN,NAGLU,5031.3,,13185.92,12095.2,11728.2
P54803,P54803;P54803-3;P54803-4;P54803-5,GALC_HUMAN,GALC,,58481.7,,11929.8,11599.7
P54819-2,P54819;P54819-2;P54819-3;P54819-4;P54819-5;P54819-6,KAD2_HUMAN,AK2,6088.68,,64961.3,98316.4,13758.9
P54826,P54826,GAS1_HUMAN,GAS1,,,2648.42,,
P54840,P54840,GYS2_HUMAN,GYS2,,,,,
P54852,P54852,EMP3_HUMAN,EMP3,,,38575.2,44835.0,21834.0
P54868;P54868-2,P54868;P54868-2;P54868-3,HMCS2_HUMAN,HMGCS2,,,,,
P54886;P54886-2,P54886;P54886-2,P5CS_HUMAN,ALDH18A1,,,2298.915,12664.9,
P54920,P54920,SNAA_HUMAN,NAPA,,,93031.1,255946.0,20279.2
P54922,P54922,ADPRH_HUMAN,ADPRH,,,13291.4,21959.4,
P55001;P55001-2;P55001-3,P55001;P55001-2;P55001-3,MFAP2_HUMAN,MFAP2,,,46539.1,78176.4,
P55008,P55008,AIF1_HUMAN,AIF1,,,,8295.66,
P55010,P55010,IF5_HUMAN,EIF5,64376.4,,80990.3,96405.3,69644.8
P55011;P55011-3,P55011;P55011-3,S12A2_HUMAN,SLC12A2,,8028.49,17181.1,30540.3,19908.0
P55036,P55036;P55036-2,PSMD4_HUMAN,PSMD4,,,23807.0,55309.0,10717.12
P55036-2,P55036-2,PSMD4_HUMAN,PSMD4,,,,,
P55039,P55039,DRG2_HUMAN,DRG2,,23339000.0,,26522.4,
P55042,P55042,RAD_HUMAN,RRAD,32538.6,79172.85,24702.6,37921.31,21785.5
P55055,P55055;P55055-2,NR1H2_HUMAN,NR1H2,,,,,
P55056,P55056,APOC4_HUMAN,APOC4,109426.0,661625.0,747448.0,5629610.0,601257.0
P55058,P55058;P55058-2;P55058-3;P55058-4,PLTP_HUMAN,PLTP,250582.0,1246170.0,1845740.0,3898300.0,1129610.0
P55060;P55060-3,P55060;P55060-3,XPO2_HUMAN,CSE1L,,,18132.3,73269.3,11644.7
P55061;P55061-2,P55061;P55061-2,BI1_HUMAN,TMBIM6,,,,,
P55072,P55072,TERA_HUMAN,VCP,26406.72,28819.0,283750.0,467023.0,45754.7
P55081,P55081,MFAP1_HUMAN,MFAP1,,,,,
P55083;P55083-2,P55083;P55083-2,MFAP4_HUMAN,MFAP4,2336.51,,89036.7,12287.005,4833.69
P55084;P55084-2,P55084;P55084-2,ECHB_HUMAN,HADHB,,,20636.5,92673.9,24523.5
P55103,P55103,INHBC_HUMAN,INHBC,5662.33,90985.2,48817.5,41886.0,26635.4
P55145,P55145,MANF_HUMAN,MANF,,76589.15,21394.8,66766.7,15493.7
P55157,P55157,MTP_HUMAN,MTTP,3490.665,,87236.7,74927.1,22704.25
P55160,P55160;P55160-2,NCKPL_HUMAN,NCKAP1L,,27013.7,49558.9,132558.0,27370.5
P55196-2,P55196-1;P55196-2;P55196-3,AFAD_HUMAN,AFDN,,,,,
P55196;P55196-5,P55196;P55196-1;P55196-2;P55196-3;P55196-5;P55196-6,AFAD_HUMAN,AFDN,,,,10809.95,
P55198,P55198,AF17_HUMAN,MLLT6,,,,,
P55199,P55199,ELL_HUMAN,ELL,,,,,
P55201;P55201-3;P55201-4,P55201;Q9ULD4;Q9ULD4-2;P55201-2;P55201-3;P55201-4;Q9ULD4-3,BRPF1_HUMAN,BRPF1,,,,132778.0,
P55209-3,P55209-3,NP1L1_HUMAN,NAP1L1,,,,28856.35,
P55209;P55209-2,P55209;P55209-2;P55209-3,NP1L1_HUMAN,NAP1L1,,,127263.0,167552.0,33795.9
P55210;P55210-3,P55210;P55210-2;P55210-3;P55210-4,CASP7_HUMAN,CASP7,,,,,
P55211,P55211;P55211-2;P55211-3,CASP9_HUMAN,CASP9,2550.94,17610.5,,18984.4,
P55212,P55212;P55212-2,CASP6_HUMAN,CASP6,,,13972.0,22875.8,
P55259;P55259-2;P55259-3;P55259-4,P55259;P55259-2;P55259-3;P55259-4,GP2_HUMAN,GP2,1517.48,319206.0,,,
P55263,P55263;P55263-2;P55263-4,ADK_HUMAN,ADK,,,,16033.55,7650.25
P55265-2;P55265-3,P55265-2;P55265-3,DSRAD_HUMAN,ADAR,,,,,
P55265;P55265-4,P55265;P55265-2;P55265-3;P55265-4;P55265-5,DSRAD_HUMAN,ADAR,,,,25813.4,
P55268,P55268,LAMB2_HUMAN,LAMB2,2600.275,30876.3,10564.5,15782.7,6195.15
P55273,P55273,CDN2D_HUMAN,CDKN2D,4623.87,,,18187.0,
P55285,P55285;P55285-2,CADH6_HUMAN,CDH6,5217.33,,73636.4,15495.55,15581.8
P55287,P55287;P55287-2,CAD11_HUMAN,CDH11,972.165,,20922.2,34697.1,31640.15
P55290;P55290-4,P55290;P55290-2;P55290-3;P55290-4;P55290-5,CAD13_HUMAN,CDH13,30014.5,129702.0,100810.0,85672.0,63764.9
P55291,P55291,CAD15_HUMAN,CDH15,,,6099.915,,
P55327-3,P55327;P55327-2;P55327-3;P55327-4;P55327-5;P55327-6;P55327-7;P55327-8,TPD52_HUMAN,TPD52,,,,50518.1,45445.6
P55345,P55345;P55345-4;P55345-5;P55345-6;P55345-7;P55345-2;P55345-3,ANM2_HUMAN,PRMT2,,,,,
P55347;P55347-2,P55347;P55347-2,PKNX1_HUMAN,PKNOX1,,,,,
P55735,P55735,SEC13_HUMAN,SEC13,,,19644.6,27458.2,
P55769,P55769,NH2L1_HUMAN,SNU13,,,,,
P55774,P55774,CCL18_HUMAN,CCL18,15142.3,135859.0,,,59107.4
P55786,P55786;A6NEC2;P55786-2,PSA_HUMAN,NPEPPS,2275.77,,59379.7,139094.0,23523.8
P55795,P55795,HNRH2_HUMAN,HNRNPH2,,,,,
P55808-3,P55808;P55808-2;P55808-3,XG_HUMAN,XG,,,,,
P55809,P55809;Q9BYC2;P55809-2,SCOT1_HUMAN,OXCT1,10053.8,,28609.4,55838.4,22123.05
P55851,P55851,UCP2_HUMAN,UCP2,,,,,
P55884;P55884-2,P55884;P55884-2,EIF3B_HUMAN,EIF3B,42443.9,,16746.1,41000.7,10740.45
P55899,P55899,FCGRN_HUMAN,FCGRT,,,,11978.0,17599.9
P55957,P55957;P55957-2;P55957-4,BID_HUMAN,BID,,,16661.1,50910.39999999999,
P56134;P56134-3,P56134;P56134-2;P56134-3;P56134-4,ATPK_HUMAN,ATP5MF,,,75464.0,128954.0,43815.8
P56159,P56159;P56159-2,GFRA1_HUMAN,GFRA1,431.857,14712.0,,,
P56181,P56181,NDUV3_HUMAN,NDUFV3,,,,5296.13,
P56181-2,P56181-2,NDUV3_HUMAN,NDUFV3,,11311.2,13499.2,26605.85,257846.72
P56182,P56182,RRP1_HUMAN,RRP1,,,,,8496.12
P56192,P56192;P56192-2,SYMC_HUMAN,MARS1,,,13620.7,26987.9,6977.14
P56199,P56199,ITA1_HUMAN,ITGA1,2464.45,76543.3,17776.6,30409.2,6561.469999999999
P56202,P56202,CATW_HUMAN,CTSW,3984.3,,30026.2,44648.7,13071.4
P56211,P56211;P56211-2,ARP19_HUMAN,ARPP19,65730.5,60982.2,,,
P56270-2,P56270;P56270-2;P56270-3;P56270-4,MAZ_HUMAN,MAZ,,,,36525.05,
P56277,P56277,CMC4_HUMAN,CMC4,,,,,
P56279,P56279,TCL1A_HUMAN,TCL1A,,,,3515.84,
P56377,P56377;P56377-2,AP1S2_HUMAN,AP1S2,,,10720.8,24064.15,
P56378;P56378-2,P56378;P56378-2,ATP68_HUMAN,ATP5MJ,,,,90147.3,26234.7
P56381;Q5VTU8,P56381;Q5VTU8,AT5EL_HUMAN;ATP5E_HUMAN,ATP5F1E;ATP5F1EP2,,,,6858.235,2681.56
P56385,P56385,ATP5I_HUMAN,ATP5ME,,,18134.15,80223.35,95256.9
P56470,P56470,LEG4_HUMAN,LGALS4,,,,,1299.18
P56524,P56524;P56524-2,HDAC4_HUMAN,HDAC4,,,,,
P56537,P56537;P56537-2,IF6_HUMAN,EIF6,,,,24787.2,9489.43
P56545-2,P56545;P56545-3;P56545-2,CTBP2_HUMAN,CTBP2,,,10061.0,,6838.75
P56556,P56556,NDUA6_HUMAN,NDUFA6,,,4021.56,24875.75,
P56557,P56557,TM50B_HUMAN,TMEM50B,,,,16088.45,12571.6
P56589,P56589,PEX3_HUMAN,PEX3,,,1950.05,,7857.61
P56937;P56937-3,P56937;P56937-3;P56937-2,DHB7_HUMAN,HSD17B7,,,,3003.91,7534.56
P56945-8,P56945;P56945-2;P56945-3;P56945-4;P56945-5;P56945-6;P56945-7;P56945-8,BCAR1_HUMAN,BCAR1,,,,,
P56962,P56962,STX17_HUMAN,STX17,,,,4273.05,5827.5
P57057,P57057,G6PT2_HUMAN,SLC37A1,,,8685.09,20012.1,14099.2
P57071,P57071;P57071-2;P57071-3;P57071-5;P57071-6,PRD15_HUMAN,PRDM15,,,,,
P57075;P57075-2;P57075-3,P57075;P57075-2;P57075-3,UBS3A_HUMAN,UBASH3A,,,23445.4,141879.0,
P57076,P57076,CF298_HUMAN,CFAP298,,,,,
P57087-3,P57087;P57087-2;P57087-3,JAM2_HUMAN,JAM2,,,9108.960000000001,13311.7,
P57088,P57088,TMM33_HUMAN,TMEM33,,,15842.9,38688.10000000001,41086.7
P57103-2,P57103;P57103-2;P57103-6,NAC3_HUMAN,SLC8A3,,,2404.32,2551.23,2544.53
P57105,P57105,SYJ2B_HUMAN,SYNJ2BP,,,,19420.9,
P57678,P57678,GEMI4_HUMAN,GEMIN4,,,,57089.545,
P57682,P57682;Q9Y4X4,KLF3_HUMAN,KLF3,,,,,
P57729,P57729,RAB38_HUMAN,RAB38,63568.5,,157169.5,39198.1,20361.35
P57735,P57735,RAB25_HUMAN,RAB25,,,,,
P57737-3,Q9Y3D7;P57737-3,CORO7_HUMAN,CORO7,,,31401.5,35756.05,2955.94
P57740,P57740;P57740-2;P57740-3,NU107_HUMAN,NUP107,2995820.0,,,,1849180.0
P57740-3,P57740-3,NU107_HUMAN,NUP107,,,,,
P57764,P57764,GSDMD_HUMAN,GSDMD,,,13516.6,40336.4,
P57768;P57768-2,P57768;P57768-2,SNX16_HUMAN,SNX16,,,,,
P57772,P57772;P57772-2,SELB_HUMAN,EEFSEC,,,11332.0,13014.15,13205.4
P58004,P58004;P58005;P58005-4,SESN2_HUMAN,SESN2,,,,,59195.1
P58005,P58005;P58005-4,SESN3_HUMAN,SESN3,,,,,
P58062,P58062,ISK7_HUMAN,SPINK7,,59784.3,,,
P58107,P58107,EPIPL_HUMAN,EPPK1,59083.9,102549.0,57734.25,274533.0,22848.55
P58166,P58166,INHBE_HUMAN,INHBE,2810.135,14183.2,46436.0,38489.5,88324.6
P58215,P58215;P58215-3,LOXL3_HUMAN,LOXL3,,,6306.295,17076.35,972.112
P58335-4,P58335;Q9H6X2;P58335-2;P58335-4;Q9H6X2-5,ANTR2_HUMAN,ANTXR2,22361.0,22572.75,104271.0,1034650.0,217467.0
P58499,P58499;P58499-2;P58499-3,FAM3B_HUMAN,FAM3B,,20437.4,,,
P58511,P58511,SIM11_HUMAN,SMIM11,,,,,
P58546,P58546,MTPN_HUMAN,MTPN,1398.77,,66530.5,423340.0,9721.55
P58557,P58557,YBEY_HUMAN,YBEY,,,,,
P58658,P58658;P58658-3,EVA1C_HUMAN,EVA1C,,,,,
P59190,P59190,RAB15_HUMAN,RAB15,5646.24,,375643.5,2177420.0,379698.0
P59665;P59666,P59665;P59666,DEF1_HUMAN;DEF3_HUMAN,DEFA1;DEFA3,,,,,
P59768,P59768,GBG2_HUMAN,GNG2,,,12513.7,22337.4,943.304
P59780,P59780;P59780-2,AP3S2_HUMAN,AP3S2,,,,,
P59923,P59923,ZN445_HUMAN,ZNF445,,,,,
P59998;P59998-3,P59998;P59998-2;P59998-3,ARPC4_HUMAN,ARPC4,1260.28,,206816.0,867565.0,44685.5
P60002,P60002,ELOF1_HUMAN,ELOF1,,,,,
P60022,P60022,DEFB1_HUMAN,DEFB1,,19011.6,,10501.41,
P60033,P60033,CD81_HUMAN,CD81,,9337.13,103763.0,311417.0,11188.5
P60059,P60059,SC61G_HUMAN,SEC61G,,,,,
P60174;P60174-3,P60174;P60174-3;P60174-4,TPIS_HUMAN,TPI1,7676.49,,148126.0,592943.0,34879.6
P60228,P60228,EIF3E_HUMAN,EIF3E,,,13713.6,21026.2,4238.16
P60468,P60468,SC61B_HUMAN,SEC61B,,,,34877.7,
P60484-2,P60484;P60484-2,PTEN_HUMAN,PTEN,,,6229.51,,
P60510,P60510,PP4C_HUMAN,PPP4C,,,,,
P60520,P60520,GBRL2_HUMAN,GABARAPL2,,,31016.8,75191.6,8740.32
P60602;P60602-2,P60602;P60602-2,ROMO1_HUMAN,ROMO1,,,,,
P60604;P60604-2,P60604;P60604-2,UB2G2_HUMAN,UBE2G2,,,,,
P60660-2,P60660;P60660-2,MYL6_HUMAN,MYL6,7183.059999999999,14742.855,1223650.0,4467590.0,15528.8
P60673,P60673,PROF3_HUMAN,PFN3,,,,,
P60709,P60709;P62736;P63261;P63267;P68032;Q562R1;P63267-2,ACTB_HUMAN,ACTB,143852.0,288335.0,15007300.0,45756800.0,1236420.0
P60842,P60842;P60842-2,IF4A1_HUMAN,EIF4A1,,,62648.7,170661.0,16615.9
P60866;P60866-2,P60866;P60866-2,RS20_HUMAN,RPS20,,,,10988.85,7995.719999999999
P60880,P60880;P60880-2,SNP25_HUMAN,SNAP25,,,,,5424.56
P60891,P11908;P21108;P60891;P11908-2;P60891-2,PRPS1_HUMAN,PRPS1,5274.105,,29940.9,92872.1,13856.3
P60891-2,P60891-2,PRPS1_HUMAN,PRPS1,,,,17641.7,5737.11
P60900,P60900;P60900-2;P60900-3,PSA6_HUMAN,PSMA6,1986.96,,306896.0,122471.0,7549.53
P60903,P60903,S10AA_HUMAN,S100A10,,,,87605.8,63299.4
P60953,P60953,CDC42_HUMAN,CDC42,,,46185.8,164315.0,45967.05
P60953-1,P60953-1,CDC42_HUMAN,CDC42,,,,,
P60981,P60981;P60981-2,DEST_HUMAN,DSTN,,,71008.1,223550.0,45016.5
P60983,P60983,GMFB_HUMAN,GMFB,,,17559.2,35960.25,
P60985;P60985-2,P60985;P60985-2,KTDAP_HUMAN,KRTDAP,9173.25,122754.0,103909.0,92026.0,32924.5
P61006,P61006;Q92930;P61006-2,RAB8A_HUMAN,RAB8A,19805.1,,703161.0,1919360.0,296472.0
P61009,P61009,SPCS3_HUMAN,SPCS3,,,28581.45,76602.5,25081.5
P61011;P61011-2,P61011;P61011-2,SRP54_HUMAN,SRP54,,,47485.5,,
P61018,P61018;P61018-2,RAB4B_HUMAN,RAB4B,,,21473.6,46268.0,6856.809999999999
P61019,P61019;Q8WUD1,RAB2A_HUMAN,RAB2A,,,21015.55,90232.3,27947.65
P61020,P61020;P61020-2,RAB5B_HUMAN,RAB5B,,,52325.9,132459.0,35144.8
P61026,P61026,RAB10_HUMAN,RAB10,1827.295,12701.4,70575.8,359765.0,99664.7
P61073;P61073-2,P61073;P61073-2,CXCR4_HUMAN,CXCR4,,,,1128.1845,
P61077;P61077-2;P61077-3;P62837;P62837-2,P61077;P62837;P62837-2;P61077-2;P61077-3,UB2D2_HUMAN;UB2D3_HUMAN,UBE2D2;UBE2D3,,,7347.505,50865.4,
P61081,P61081,UBC12_HUMAN,UBE2M,10517.6,,20327.4,34407.4,13212.8
P61086,P61086;P61086-3,UBE2K_HUMAN,UBE2K,,292017.0,14669.1,46717.39999999999,
P61088,P61088;Q5JXB2,UBE2N_HUMAN,UBE2N,930.894,,19380.45,57647.7,1701.195
P61106,P61106,RAB14_HUMAN,RAB14,1568.49,,80536.8,287418.0,77644.4
P61129,P61129,ZC3H6_HUMAN,ZC3H6,,,8897.47,5820.07,2082.41
P61158,P61158,ARP3_HUMAN,ACTR3,6550.275,,136135.0,598607.0,49365.3
P61160,P61160;P61160-2,ARP2_HUMAN,ACTR2,2414.98,,155794.0,652360.0,40629.55
P61163,P61163,ACTZ_HUMAN,ACTR1A,,,44296.1,124608.0,8652.44
P61165,P61165,TM258_HUMAN,TMEM258,,,,,
P61201,P61201;P61201-2,CSN2_HUMAN,COPS2,,,37540.9,66756.2,8183.55
P61201-2,P61201-2,CSN2_HUMAN,COPS2,,,,,
P61221,P61221,ABCE1_HUMAN,ABCE1,,,26439.45,21299.0,46126.89999999999
P61224,P61224;A6NIZ1;P61224-2;P61224-3;P61224-4,RAP1B_HUMAN,RAP1B,7631.615,7313.825,1365320.0,4471710.0,502740.0
P61225,P10114;P61225;Q9Y3L5,RAP2B_HUMAN,RAP2B,,,75953.8,292469.0,60743.1
P61244-2,P61244;P61244-2,MAX_HUMAN,MAX,,,5721.58,,
P61247,P61247,RS3A_HUMAN,RPS3A,,,14987.1,35031.6,4098.83
P61254,P61254;Q9UNX3,RL26_HUMAN,RPL26,,,,,16933.7
P61266-2,P61266;P61266-2,STX1B_HUMAN,STX1B,,,,,
P61289;P61289-2;P61289-3,P61289;P61289-2;P61289-3,PSME3_HUMAN,PSME3,,,,7455.47,
P61313,P61313;P61313-2,RL15_HUMAN,RPL15,,,,14652.3,7445.36
P61326,P61326;P61326-2,MGN_HUMAN,MAGOH,,,,,
P61353,P61353,RL27_HUMAN,RPL27,,,,5958.04,
P61421,P61421,VA0D1_HUMAN,ATP6V0D1,,129393.2,32932.5,136978.0,29801.9
P61457,P61457,PHS_HUMAN,PCBD1,,,,,
P61513,P61513;A6NKH3,RL37A_HUMAN,RPL37A,,19528.1,,3465.255,16667.4
P61586,P08134;P61586,RHOA_HUMAN,RHOA,1394.575,100067.325,191818.0,497557.0,76360.9
P61587,P61587,RND3_HUMAN,RND3,,,,,
P61599,P61599,NAA20_HUMAN,NAA20,,,,,
P61601,P61601,NCALD_HUMAN,NCALD,,,,,
P61604,P61604,CH10_HUMAN,HSPE1,151856.0,74703.3,241430.0,499322.0,25624.85
P61619,P61619;Q9H9S3;Q9H9S3-2;Q9H9S3-3,S61A1_HUMAN,SEC61A1,,,8259.865,14120.55,
P61626,P61626,LYSC_HUMAN,LYZ,104285.0,74932.1,14804.15,458085.0,462404.0
P61758,P61758;P61758-2,PFD3_HUMAN,VBP1,,,14863.2,42466.85000000001,10060.68
P61764,P61764;P61764-2,STXB1_HUMAN,STXBP1,,,11060.2,47104.39999999999,6331.96
P61769,P61769,B2MG_HUMAN,B2M,27238.5,72941.7,151868.0,372706.0,42238.7
P61803,P61803,DAD1_HUMAN,DAD1,,,,62429.85000000001,22533.3
P61812;P61812-2,P61812;P61812-2,TGFB2_HUMAN,TGFB2,,,,5802.69,
P61916,P61916;P61916-2,NPC2_HUMAN,NPC2,4256.095,495200.0,6964.32,29210.7,13744.85
P61923,P61923;P61923-4;P61923-5,COPZ1_HUMAN,COPZ1,,,25880.4,45089.55,
P61952,P61952;P63211,GBG11_HUMAN,GNG11,,,,16051.0,
P61956,P55854;P61956;Q6EEV6;P55854-2;P61956-2,SUMO2_HUMAN,SUMO2,1128.06,70735.2,30882.4,43837.8,6999.27
P61960,P61960;P61960-2,UFM1_HUMAN,UFM1,4043.025,16195.4,39892.7,90554.65,13711.0
P61962,P61962,DCAF7_HUMAN,DCAF7,,,,20718.75,
P61964,P61964,WDR5_HUMAN,WDR5,,,,,
P61966,P56377;P61966;P61966-2;P56377-2,AP1S1_HUMAN,AP1S1,,,4632.37,13350.7,
P61970,P61970,NTF2_HUMAN,NUTF2,1570.71,,25743.4,52973.3,2431.73
P61978-3,P61978;P61978-2;P61978-3,HNRPK_HUMAN,HNRNPK,,25642.4,38439.0,195312.0,33864.4
P61981,P61981,1433G_HUMAN,YWHAG,2401.24,,154560.0,269077.0,9598.79
P62070;P62070-4,P62070;P62070-2;P62070-3;P62070-4,RRAS2_HUMAN,RRAS2,,,3070.86,4487.86,5469.62
P62072,P62072,TIM10_HUMAN,TIMM10,,,22557.3,24874.6,
P62081,P62081,RS7_HUMAN,RPS7,,,,49387.0,12405.1
P62136,P36873;P62136;P62140;P36873-2;P62136-2;P62136-3,PP1A_HUMAN,PPP1CA,,,58820.1,239193.0,15845.9
P62140,P62140,PP1B_HUMAN,PPP1CB,,,14446.7,39839.9,
P62166,P62166;P62166-2,NCS1_HUMAN,NCS1,,,,,
P62191,P62191,PRS4_HUMAN,PSMC1,,,80766.2,163316.0,67319.9
P62195,P62195;P62195-2,PRS8_HUMAN,PSMC5,,,54593.7,139344.0,35045.0
P62241,P62241,RS8_HUMAN,RPS8,,,79957.4,31833.3,20273.8
P62244,P62244,RS15A_HUMAN,RPS15A,,,3247.09,,
P62249,P62249,RS16_HUMAN,RPS16,,,10972.6,17623.7,17813.0
P62253,P62253,UB2G1_HUMAN,UBE2G1,,,,,
P62256,P62256,UBE2H_HUMAN,UBE2H,,,13046.9,18668.15,
P62258,P62258;P62258-2,1433E_HUMAN,YWHAE,7068.66,9937.03,398089.0,489152.0,14043.1
P62263,P62263,RS14_HUMAN,RPS14,,22829.9,12731.4,18771.25,16323.5
P62266,P62266,RS23_HUMAN,RPS23,,,,10570.3,3033.31
P62269,P62269,RS18_HUMAN,RPS18,,,10097.0,39435.35,7567.465
P62273,P62273;P62273-2,RS29_HUMAN,RPS29,,,,,
P62277,P62277,RS13_HUMAN,RPS13,,6162.33,4865.56,19276.3,10513.6
P62280,P62280,RS11_HUMAN,RPS11,22616.7,,25300.75,,
P62304,P62304,RUXE_HUMAN,SNRPE,,,,8918.03,
P62306,P62306,RUXF_HUMAN,SNRPF,,,,,
P62310,P62310,LSM3_HUMAN,LSM3,,,7046.705,23901.4,2125.47
P62312,P62312,LSM6_HUMAN,LSM6,,,3418.485,9812.099999999999,3572.565
P62314,P62314,SMD1_HUMAN,SNRPD1,,,,14592.8,
P62316,P62316,SMD2_HUMAN,SNRPD2,,,,7807.53,9290.29
P62316-2,P62316-2,SMD2_HUMAN,SNRPD2,,,,47603.85,11799.0
P62318;P62318-2,P62318;P62318-2,SMD3_HUMAN,SNRPD3,,,,26919.45,7768.400000000001
P62328,P62328,TYB4_HUMAN,TMSB4X,51999.4,20486000.0,708934.0,735880.0,
P62330,P62330,ARF6_HUMAN,ARF6,3910.8,,45934.10000000001,107112.0,24719.4
P62333,P62333,PRS10_HUMAN,PSMC6,,,48365.7,80599.9,17681.65
P62341,P62341,SELT_HUMAN,SELENOT,,,9847.89,26269.4,8078.74
P62380,P62380,TBPL1_HUMAN,TBPL1,,,,,
P62424,P62424,RL7A_HUMAN,RPL7A,,28605.9,7766.8,26222.3,19573.9
P62487,P62487,RPB7_HUMAN,POLR2G,,,,,
P62491,P62491,RB11A_HUMAN,RAB11A,,,4355.35,9121.31,
P62495,P62495;P62495-2,ERF1_HUMAN,ETF1,,,34236.4,44836.0,19923.0
P62633;P62633-2,P62633;P62633-2;P62633-4;P62633-5;P62633-6;P62633-8;P62633-3;P62633-7,CNBP_HUMAN,CNBP,,,,5685.09,8899.255000000001
P62699,P62699,YPEL5_HUMAN,YPEL5,,,,,
P62701,P62701;Q8TD47,RS4X_HUMAN,RPS4X,,,9260.965,24323.65,11000.65
P62714,P62714;P67775;P67775-2,PP2AB_HUMAN,PPP2CB,33796.7,,70364.8,130955.0,42248.7
P62745,P62745,RHOB_HUMAN,RHOB,,,,8690.135,
P62750,P62750,RL23A_HUMAN,RPL23A,,13244.315,5697.46,30197.5,12519.7
P62753,P62753,RS6_HUMAN,RPS6,,,2241.875,27167.7,15814.75
P62760,P62760,VISL1_HUMAN,VSNL1,,,,,
P62805,P62805,H4_HUMAN,H4C1,1984.53,36672.0,93095.7,190364.0,299827.0
P62820,P62820;P62820-2;P62820-3,RAB1A_HUMAN,RAB1A,,,18724.95,30171.1,17531.6
P62826,P62826,RAN_HUMAN,RAN,14195.755,25397.05,206402.0,312493.0,74679.5
P62829,P62829,RL23_HUMAN,RPL23,,7422.99,2653.36,7380.57,4088.855
P62834,P61224;P62834;P61224-2;P61224-3,RAP1A_HUMAN,RAP1A,10402.82,,1754830.0,4796880.0,706973.0
P62841,P62841,RS15_HUMAN,RPS15,,,1362.29,,3705.68
P62847;P62847-2;P62847-3;P62847-4,P62847;P62847-2;P62847-3;P62847-4,RS24_HUMAN,RPS24,,,5074.69,,
P62851,P62851,RS25_HUMAN,RPS25,,28279.6,6585.045,41532.6,25558.4
P62854,P62854;Q5JNZ5,RS26_HUMAN,RPS26,,,,,
P62857,P62857,RS28_HUMAN,RPS28,,,,15265.3,
P62861,P62861,RS30_HUMAN,FAU,,,,,
P62873,P62873;P62879;P62879-2,GBB1_HUMAN,GNB1,3137.15,4969.33,352852.0,771037.0,48271.2
P62875,P62875,RPAB5_HUMAN,POLR2L,,,,,
P62877,P62877,RBX1_HUMAN,RBX1,,,,9231.154999999999,
P62879,P62879;P62879-2,GBB2_HUMAN,GNB2,,65596.1,17921.3,28626.4,4620.39
P62888,P62888,RL30_HUMAN,RPL30,,258584.0,44427.0,9672.91,5851.03
P62891;Q59GN2,P62891;Q59GN2,R39L5_HUMAN;RL39_HUMAN,RPL39;RPL39P5,,,,,
P62899,P62899;P62899-2;P62899-3,RL31_HUMAN,RPL31,,,,,
P62906,P62906,RL10A_HUMAN,RPL10A,,,,35259.7,65398.2
P62910,P62910,RL32_HUMAN,RPL32,,,8679.23,35250.6,13691.7
P62913;P62913-2,P62913;P62913-2,RL11_HUMAN,RPL11,,,2849.25,17346.9,13397.55
P62917,P62917,RL8_HUMAN,RPL8,,,,13299.2,36789.0
P62937,P62937,PPIA_HUMAN,PPIA,18223.5,17127.75,948322.0,2611560.0,123891.0
P62937-2,P62937-2,PPIA_HUMAN,PPIA,,,8257.515,5727.96,
P62942,P62942,FKB1A_HUMAN,FKBP1A,2793.285,,49437.6,75255.8,9675.495
P62979,P0CG47;P0CG48;P62979;P62987,RS27A_HUMAN,RPS27A,22731.5,2834600.0,190100.0,745184.0,70100.3
P62993,P62993;P62993-2,GRB2_HUMAN,GRB2,,189983.0,26042.3,76342.9,
P62995,P62995;P62995-3,TRA2B_HUMAN,TRA2B,,,20548.9,,
P63000;P63000-2,P63000;P63000-2,RAC1_HUMAN,RAC1,2153.63,,234818.0,224340.0,136019.0
P63010;P63010-2,P63010;P63010-2;P63010-3,AP2B1_HUMAN,AP2B1,,,38443.0,146317.0,17411.1
P63027,P63027,VAMP2_HUMAN,VAMP2,,,,,6585.03
P63092-3,P63092;Q5JWF2;P63092-2;P63092-3;P63092-4;Q5JWF2-2,GNAS2_HUMAN,GNAS,,,14782.1,73731.4,14802.85
P63096,P63096;P63096-2,GNAI1_HUMAN,GNAI1,,,,4756.514999999999,3139.55
P63098,P63098,CANB1_HUMAN,PPP3R1,,,13507.6,45493.3,9260.18
P63104,P63104;P63104-2,1433Z_HUMAN,YWHAZ,8965.36,13864.55,2730510.0,4778120.0,86352.2
P63151,P63151;P63151-2,2ABA_HUMAN,PPP2R2A,,,11075.2,23465.45,
P63165,G2XKQ0;P63165,SUMO1_HUMAN,SUMO1,,,,,
P63167,P63167,DYL1_HUMAN,DYNLL1,,,2137.14,44182.4,
P63172,P63172,DYLT1_HUMAN,DYNLT1,,,,,
P63173,P63173,RL38_HUMAN,RPL38,,,,9693.92,11581.125
P63208,P63208;P63208-2,SKP1_HUMAN,SKP1,3550.995,,57861.0,196978.0,8627.58
P63218,P63218;A0A804HLA8,GBG5_HUMAN,GNG5,,,8524.9,33831.5,
P63220,P63220,RS21_HUMAN,RPS21,,,3611.22,12310.7,6567.84
P63241,P63241;Q9GZV4;Q6IS14;P63241-2,IF5A1_HUMAN,EIF5A,1805.49,5439.805,97810.2,100416.0,16821.0
P63244,P63244,RACK1_HUMAN,RACK1,,,11441.65,31589.25,
P63261,P63261,ACTG_HUMAN,ACTG1,,,,,
P63267,P63267;P63267-2,ACTH_HUMAN,ACTG2,,,8862.92,29885.0,
P63272,P63272,SPT4H_HUMAN,SUPT4H1,,,,,
P63279,P63279,UBC9_HUMAN,UBE2I,,,6891.13,15991.45,55845.5
P63313,P63313,TYB10_HUMAN,TMSB10,,629705.0,14392.605,24762.55,
P63316,P63316,TNNC1_HUMAN,TNNC1,,,17441.2,,
P67775,P67775;P67775-2,PP2AA_HUMAN,PPP2CA,,,7742.97,15160.25,
P67809,P16989;P67809;Q9Y2T7;P16989-2;P16989-3,YBOX1_HUMAN,YBX1,,38338.2,4171.35,17168.5,9643.47
P67812;P67812-3;P67812-4,P67812;P67812-2;P67812-3;P67812-4,SC11A_HUMAN,SEC11A,,,7666.23,79144.6,30134.0
P67870,P67870,CSK2B_HUMAN,CSNK2B,,,13277.1,28461.05,
P67936,P67936;P67936-2,TPM4_HUMAN,TPM4,22894.0,58625.4,3060690.0,11579100.0,162450.0
P67936-2,P67936-2,TPM4_HUMAN,TPM4,3758.72,,40997.8,144566.0,
P68036,P68036;A0A1B0GUS4;P68036-2;P68036-3,UB2L3_HUMAN,UBE2L3,2583.58,,27334.1,107972.0,16740.45
P68104,P68104;Q5VTE0,EF1A1_HUMAN,EEF1A1,,,50862.7,195186.0,59818.1
P68106,P68106;P68106-2,FKB1B_HUMAN,FKBP1B,,,,14940.9,30702.5
P68133,P68032;P68133,ACTS_HUMAN,ACTA1,11317.7,,35396.8,95127.1,15655.4
P68366-2,A6NHL2;P68363;P68366;Q71U36;Q9BQE3;P68363-2;P68366-2;Q71U36-2;A6NHL2-2,TBA4A_HUMAN,TUBA4A,9896.7,76622.5,1016050.0,3635710.0,606326.0
P68371,P68371;Q13885;Q9BVA1,TBB4B_HUMAN,TUBB4B,5968.37,110252.0,205866.0,1032110.0,235474.0
P68400,P68400;Q8NEV1,CSK21_HUMAN,CSNK2A1,1047670.0,,30745.7,68059.3,2788.01
P68402,P68402,PA1B2_HUMAN,PAFAH1B2,,,43878.5,136540.0,5193.53
P68431;P84243;Q71DI3,P68431;P84243;Q16695;Q6NXT2;Q71DI3,H31_HUMAN;H32_HUMAN;H33_HUMAN,H3-3A;H3C1;H3C15,,,,,
P68543;P68543-2,P68543;P68543-2,UBX2A_HUMAN,UBXN2A,,,,6315.96,
P68871,P02042;P68871,HBB_HUMAN,HBB,12001000.0,7920440.0,6591360.0,97229400.0,5131230.0
P69891,P69891,HBG1_HUMAN,HBG1,7157.815,10616.89,,30610.35,
P69892,P69891;P69892,HBG2_HUMAN,HBG2,27215.3,19013.8,29486.6,260083.0,20174.1
P69905,P69905,HBA_HUMAN,HBA1,2742790.0,11451600.0,2367200.0,36075400.0,2706730.0
P78310,P78310;P78310-2;P78310-4;P78310-5;P78310-6;P78310-7,CXAR_HUMAN,CXADR,,,,26806.2,
P78312;P78312-2;P78312-5;P78312-6,P78312;P78312-2;P78312-3;P78312-4;P78312-5;P78312-6,F193A_HUMAN,FAM193A,,,26394.35,,
P78314,P78314;P78314-3;P78314-4,3BP2_HUMAN,SH3BP2,7966.07,,5217.82,9138.785,
P78316;P78316-2,P78316;P78316-2,NOP14_HUMAN,NOP14,,,,,
P78318,P78318,IGBP1_HUMAN,IGBP1,,,15499.7,16420.8,14133.1
P78324,P78324;Q9P1W8;Q5TFQ8;P78324-2;P78324-4;Q9P1W8-2;Q9P1W8-3;Q9P1W8-4,SHPS1_HUMAN,SIRPA,2600.125,357314.0,,13726.8,
P78325,P78325;P78325-2;P78325-3,ADAM8_HUMAN,ADAM8,,,36060.9,1731.27,
P78330,P78330,SERB_HUMAN,PSPH,,,,13174.64,9130.42
P78332,P78332;P78332-2,RBM6_HUMAN,RBM6,,,,,
P78333,P78333,GPC5_HUMAN,GPC5,,,3934.23,,
P78344,P78344;P78344-2,IF4G2_HUMAN,EIF4G2,,514570.0,26245.1,64449.3,12802.3
P78345,P78345,RPP38_HUMAN,RPP38,,,,,
P78346;P78346-2,P78346;P78346-2,RPP30_HUMAN,RPP30,,,,,
P78347;P78347-2;P78347-3;P78347-4,P78347;P78347-2;P78347-3;P78347-4;P78347-5,GTF2I_HUMAN,GTF2I,3343.5,,97432.0,,
P78352;P78352-2;P78352-3,P78352;P78352-2;P78352-3,DLG4_HUMAN,DLG4,,,,10413.41,
P78356,P78356;P78356-2,PI42B_HUMAN,PIP4K2B,,6374.08,8032.86,10623.5,
P78357,P78357,CNTP1_HUMAN,CNTNAP1,,,38800.9,,
P78362-2,P78362-2,SRPK2_HUMAN,SRPK2,,,25980.4,36689.8,72292.5
P78364,P78364,PHC1_HUMAN,PHC1,,,,,
P78368,P78368;Q9HCP0;Q9Y6M4;Q9Y6M4-2;Q9Y6M4-3;Q9Y6M4-4;Q9Y6M4-5;Q9HCP0-2,KC1G2_HUMAN,CSNK1G2,,,10048.82,34396.8,11615.2
P78371,P78371;P78371-2,TCPB_HUMAN,CCT2,,,61645.9,188672.0,22410.15
P78382,P78382,S35A1_HUMAN,SLC35A1,,,,,
P78383,P78383;P78383-2,S35B1_HUMAN,SLC35B1,,,,,
P78385,P78385,KRT83_HUMAN,KRT83,,,,,3372.69
P78386,P78386,KRT85_HUMAN,KRT85,33870.1,,,71581.55,12369.0
P78406,P78406,RAE1L_HUMAN,RAE1,,,,20523.8,
P78410;P78410-2;P78410-3,P78410;P78410-2;P78410-3,BT3A2_HUMAN,BTN3A2,,,,,134833.0
P78417,P78417;P78417-3,GSTO1_HUMAN,GSTO1,13888.0,20944.6,197967.0,572539.0,75393.3
P78508,P78508,KCJ10_HUMAN,KCNJ10,,,11290.4,,
P78509;P78509-2;P78509-3,P78509;P78509-2;P78509-3,RELN_HUMAN,RELN,4614.89,,301672.0,71952.8,11699.4
P78524;P78524-2;P78524-3,P78524;P78524-2;P78524-3,DEN2B_HUMAN,DENND2B,,,,,
P78527,P78527;P78527-2,PRKDC_HUMAN,PRKDC,1376929.5,,1181535.0,434425.0,63632.5
P78536,P78536;P78536-2,ADA17_HUMAN,ADAM17,18083.6,153808.75,31240.2,11590.15,47867.915
P78537,P78537;P78537-2,BL1S1_HUMAN,BLOC1S1,,,64110.2,58353.8,136691.0
P78539,P78539;P78539-2;P78539-3;P78539-5,SRPX_HUMAN,SRPX,,11882.99,52153.1,18474.6,4930.975
P78540,P78540,ARGI2_HUMAN,ARG2,,,,3172.62,
P78549;P78549-2;P78549-3,P78549;P78549-2;P78549-3,NTH_HUMAN,NTHL1,,,,,
P78552,P78552;P78552-2,I13R1_HUMAN,IL13RA1,7237.51,124250.0,,7143.57,
P78559,P78559;P78559-2,MAP1A_HUMAN,MAP1A,18613.1,28080.7,24550.4,31186.7,13834.8
P78560,P78560;P78560-2,CRADD_HUMAN,CRADD,,,,,
P78563;P78563-5,P78563;P78563-4;P78563-2;P78563-3;P78563-5;P78563-6,RED1_HUMAN,ADARB1,,,,123488.0,
P79483,P79483,DRB3_HUMAN,HLA-DRB3,,,5417.595,22680.2,
P80108,P80108,PHLD_HUMAN,GPLD1,337147.0,142464.0,3049400.0,1376910.0,883489.0
P80162,P80162,CXCL6_HUMAN,CXCL6,,,,9356.3,
P80188,P80188;P80188-2,NGAL_HUMAN,LCN2,8390.73,1499570.0,9255.67,16355.95,16391.3
P80217;P80217-2,P80217;P80217-2,IN35_HUMAN,IFI35,,,3641.92,12444.8,
P80303;P80303-2,P80303;P80303-2,NUCB2_HUMAN,NUCB2,,,35942.5,39405.5,48563.5
P80365,P80365,DHI2_HUMAN,HSD11B2,,,,,
P80370,P80370,DLK1_HUMAN,DLK1,,42993.2,,,
P80404,P80404,GABT_HUMAN,ABAT,,,14224.7,13293.1,7926.9
P80511,P80511,S10AC_HUMAN,S100A12,,1300.9,7797.71,5558.6,
P80723,P80723;P80723-2,BASP1_HUMAN,BASP1,9496.76,1019160.0,65117.3,80791.1,34440.7
P80748,P80748,LV321_HUMAN,IGLV3-21,130049.5,160744.0,95883.1,215265.0,170175.0
P81605,P81605,DCD_HUMAN,DCD,6301.01,502051.0,21142.25,221819.0,172060.0
P81877;P81877-2;P81877-3;P81877-4;P81877-5,P81877;P81877-2;P81877-3;P81877-4;P81877-5,SSBP2_HUMAN,SSBP2,,,,,
P82094;P82094-2,P82094;P82094-2,TMF1_HUMAN,TMF1,,,,,
P82650,P82650;P82650-2,RT22_HUMAN,MRPS22,,,,1870.3,105833.5
P82663,P82663;P82663-2;P82663-3,RT25_HUMAN,MRPS25,,,,,
P82664,P82664,RT10_HUMAN,MRPS10,,,,10230.83,
P82673,P82673,RT35_HUMAN,MRPS35,,,,,
P82675,P82675,RT05_HUMAN,MRPS5,,6655.54,,10110.6,
P82909,P82909,KGD4_HUMAN,MRPS36,,,26549.0,10262.76,
P82912;P82912-2,P82912;P82912-2,RT11_HUMAN,MRPS11,,,,26103.1,
P82914,P82914,RT15_HUMAN,MRPS15,570797.0,,,,
P82921,P82921,RT21_HUMAN,MRPS21,,,,,
P82930,P82930,RT34_HUMAN,MRPS34,,,,7120.9,
P82932,P82932,RT06_HUMAN,MRPS6,,,2232.38,3424.8,
P82933,P82933,RT09_HUMAN,MRPS9,,3658.2,,9957.91,
P82970,P82970,HMGN5_HUMAN,HMGN5,,,,,
P82979,P82979,SARNP_HUMAN,SARNP,,,,,
P83111,P83111;P83111-2,LACTB_HUMAN,LACTB,,,5076.68,12705.8,61201.2
P83436,P83436,COG7_HUMAN,COG7,715.533,,23282.65,17945.1,
P83731,P83731,RL24_HUMAN,RPL24,,13601.1,,,13006.4
P83876,P83876,TXN4A_HUMAN,TXNL4A,,,,19634.8,
P83881,P83881;Q969Q0,RL36A_HUMAN,RPL36A,,,,,
P83916,P83916,CBX1_HUMAN,CBX1,,,,,
P84022,P84022;P84022-2;P84022-3;P84022-4,SMAD3_HUMAN,SMAD3,,,,,1809.3
P84077,P61204;P84077;P61204-2,ARF1_HUMAN,ARF1,14028.29,,161047.0,733502.0,103169.0
P84085,P84085,ARF5_HUMAN,ARF5,,,24067.9,34177.0,
P84090,P84090,ERH_HUMAN,ERH,,,,20732.8,2830.69
P84095,P84095,RHOG_HUMAN,RHOG,,,8680.6,9131.625,1862.21
P84098,P84098,RL19_HUMAN,RPL19,,,,24664.5,
P84101;P84101-4,P84101;P84101-4,SERF2_HUMAN,SERF2,,,,,6334.72
P84103;P84103-2,P84103;P84103-2,SRSF3_HUMAN,SRSF3,,,9479.85,19071.5,3145.57
P84157-2,P84157;P84157-2;P84157-3,MXRA7_HUMAN,MXRA7,815.859,19549.5,15232.2,21447.0,2218.91
P85037,P85037;P85037-2,FOXK1_HUMAN,FOXK1,,,,188421.0,115264.2
P85299;P85299-3;P85299-5,P85299;P85299-2;P85299-3;P85299-4;P85299-5,PRR5_HUMAN,PRR5,,,,,
P86790;P86791,P86791;P86790,CCZ1B_HUMAN;CCZ1_HUMAN,CCZ1;CCZ1B,,,8595.08,17967.9,26271.2
P98082,P98082;P98082-2;P98082-3,DAB2_HUMAN,DAB2,,,11523.1,50496.45,8826.11
P98095;P98095-2,P98095;P98095-2,FBLN2_HUMAN,FBLN2,2028.84,38691.22,76042.5,7105.9,2519.05
P98153;P98153-2;P98153-3,P98153;P98153-2;P98153-3,IDD_HUMAN,DGCR2,,,,,
P98155-2,P98155;P98155-2,VLDLR_HUMAN,VLDLR,,,11551.7,,
P98160,P98160,PGBM_HUMAN,HSPG2,25307.3,74000.2,121971.0,175036.0,30130.8
P98170,P98170,XIAP_HUMAN,XIAP,,,,,
P98171;P98171-2,P98171;P98171-2,RHG04_HUMAN,ARHGAP4,,,17025.4,27839.8,18195.1
P98172,P98172,EFNB1_HUMAN,EFNB1,,25470.8,7473.105,54184.5,22557.9
P98173;P98173-2;P98173-3,P98173;P98173-2;P98173-3,FAM3A_HUMAN,FAM3A,,,,,
P98175-5,P98175;P98175-2;P98175-3;P98175-4;P98175-5,RBM10_HUMAN,RBM10,,,4255.56,27899.1,7864.45
P98179,P98179,RBM3_HUMAN,RBM3,,,,,
P98194-4,P98194;P98194-4,AT2C1_HUMAN,ATP2C1,,,,,
P98194-7,P98194-7;P98194-8,AT2C1_HUMAN,ATP2C1,,,10746.3,24708.4,11059.7
P98196,P98196,AT11A_HUMAN,ATP11A,,,13297.5,11485.0,
P98198;P98198-3,P98198;P98198-2;P98198-3;P98198-4,AT8B2_HUMAN,ATP8B2,,,,,
P99999,P99999,CYC_HUMAN,CYCS,4987.045,10755.3,21619.5,121690.0,5046.62
Q00013,Q00013;Q00013-2;Q00013-3,EM55_HUMAN,MPP1,1787.865,,71623.4,663165.0,111340.0
Q00059,Q00059;Q00059-2,TFAM_HUMAN,TFAM,,,6644.07,,
Q00169,Q00169,PIPNA_HUMAN,PITPNA,,,24170.7,14578.15,
Q00325-2,Q00325-2,MPCP_HUMAN,SLC25A3,,,72999.8,272788.0,70645.7
Q00341,Q00341;Q00341-2,VIGLN_HUMAN,HDLBP,3477.88,91010.0,10297.2,20616.1,6758.875
Q00403,Q00403,TF2B_HUMAN,GTF2B,,,,,17561.1
Q00534,Q00534,CDK6_HUMAN,CDK6,,,33394.8,14886.5,
Q00535,Q00535;Q00535-2,CDK5_HUMAN,CDK5,,,6037.33,21762.05,
Q00536;Q00536-2;Q00536-3,Q00536;Q07002;Q00536-2;Q00536-3;Q07002-3,CDK16_HUMAN,CDK16,,,,,
Q00537-2,Q00536;Q00537;Q00536-2;Q00536-3;Q00537-2,CDK17_HUMAN,CDK17,,,,11752.25,
Q00577,Q00577,PURA_HUMAN,PURA,,,58630.35,84705.7,20451.2
Q00610;Q00610-2,P53675;Q00610;P53675-2;Q00610-2,CLH1_HUMAN,CLTC,9795.74,1652920.0,153175.0,642700.0,32049.8
Q00613;Q00613-2,Q00613;Q00613-2,HSF1_HUMAN,HSF1,,,1332460.0,,
Q00653;Q00653-4,Q00653;Q00653-3;Q00653-4,NFKB2_HUMAN,NFKB2,,196720.0,20873.28,28523.25,
Q00688,Q00688,FKBP3_HUMAN,FKBP3,,,14380.25,54619.4,39819.0
Q00722;Q00722-2;Q00722-3,Q00722;Q00722-2;Q00722-3,PLCB2_HUMAN,PLCB2,,,18587.2,34523.45,17979.9
Q00765,Q00765;Q00765-2,REEP5_HUMAN,REEP5,,,33535.3,136344.0,41864.14999999999
Q00796,Q00796,DHSO_HUMAN,SORD,,,5344.37,41410.6,4970.85
Q00839,Q00839;Q00839-2,HNRPU_HUMAN,HNRNPU,,,19961.65,210940.0,144324.55
Q00975;Q00975-2,Q00975;Q00975-2,CAC1B_HUMAN,CACNA1B,,48543.8,,,
Q00978,Q00978,IRF9_HUMAN,IRF9,,,,18201.0,
Q01081,Q01081;Q01081-2;Q01081-4,U2AF1_HUMAN,U2AF1,,68600.9,,,
Q01081-2,Q01081-2;Q01081-3,U2AF1_HUMAN,U2AF1,,,,,
Q01082,Q01082;Q01082-2;Q01082-3,SPTB2_HUMAN,SPTBN1,18267.9,408231.5,41488.5,138736.0,14758.8
Q01082-3,Q01082-3,SPTB2_HUMAN,SPTBN1,,,,,
Q01085,P31483;Q01085;Q01085-2;P31483-2;P31483-3,TIAR_HUMAN,TIAL1,,,,15044.55,
Q01105-2,P0DME0;Q01105;Q01105-2;Q01105-3;Q01105-4,SET_HUMAN,SET,,,,,13684.6
Q01130;Q01130-2,Q01130;Q9BRL6;Q01130-2;Q9BRL6-2,SRSF2_HUMAN,SRSF2,,,2888.83,1213773.63,
Q01167;Q01167-2,Q01167;Q01167-2;Q01167-3,FOXK2_HUMAN,FOXK2,,,,,
Q01196;Q01196-10;Q01196-8;Q01196-9,Q01196;Q01196-8;Q01196-10;Q01196-2;Q01196-3;Q01196-4;Q01196-5;Q01196-6;Q01196-7;Q01196-9,RUNX1_HUMAN,RUNX1,,,,,
Q01201,Q01201,RELB_HUMAN,RELB,,,22323.7,,
Q01415;Q01415-2,Q01415;Q01415-2,GALK2_HUMAN,GALK2,,,7112.6,14281.0,
Q01432-5,Q01432;Q01432-3;Q01432-4;Q01432-5;Q01432-6,AMPD3_HUMAN,AMPD3,,,33159.5,41695.2,28344.7
Q01433,Q01433;Q01433-2;Q01433-3;Q01433-4;Q01433-5,AMPD2_HUMAN,AMPD2,6795.14,38457.0,65747.5,163216.0,17592.99
Q01459,Q01459,DIAC_HUMAN,CTBS,14831.5,20182.75,3238.14,10077.625,23527.7
Q01469,Q01469,FABP5_HUMAN,FABP5,2618.61,50215.9,22301.5,45446.4,16695.3
Q01484,Q01484;Q01484-2;Q01484-5,ANK2_HUMAN,ANK2,,,,,
Q01518,Q01518;Q01518-2,CAP1_HUMAN,CAP1,7433.805,53221.1,590256.0,2148190.0,164136.0
Q01518-2,Q01518-2,CAP1_HUMAN,CAP1,,,,,
Q01523,Q01523,DEF5_HUMAN,DEFA5,,15742.75,7320.46,8877.1,21054.75
Q01524,Q01524,DEF6_HUMAN,DEFA6,,4807.43,,,
Q01543,Q01543;Q01543-2;Q01543-3,FLI1_HUMAN,FLI1,,,,5508.775,
Q01543-3,Q01543-3,FLI1_HUMAN,FLI1,,,,,
Q01546,Q01546,K22O_HUMAN,KRT76,5989.05,92718.25,,6970.973,18334.7
Q01581,Q01581,HMCS1_HUMAN,HMGCS1,,,,75440.6,
Q01628,P13164;Q01628;Q01629,IFM3_HUMAN,IFITM3,,,22384.2,40009.9,5406.24
Q01629,Q01629,IFM2_HUMAN,IFITM2,,6473.42,22957.95,25258.2,
Q01638;Q01638-2;Q01638-3,Q01638;Q01638-2;Q01638-3,ILRL1_HUMAN,IL1RL1,1499.63,125349.0,11718.7,,
Q01650,Q01650,LAT1_HUMAN,SLC7A5,,7444.48,7564.135,8942.27,3023.4
Q01658,Q01658,NC2B_HUMAN,DR1,,,,,
Q01664,Q01664,TFAP4_HUMAN,TFAP4,,,,,
Q01780,Q01780;Q01780-2,EXOSX_HUMAN,EXOSC10,,,12486.3,,
Q01804,Q01804;Q01804-3;Q01804-5,OTUD4_HUMAN,OTUD4,,,,6153.2,2598.26
Q01813,Q01813;Q01813-2,PFKAP_HUMAN,PFKP,,,87890.1,185982.0,46447.15
Q01814-2;Q01814-3;Q01814-4;Q01814-7,Q01814;Q01814-2;Q01814-3;Q01814-4;Q01814-5;Q01814-6;Q01814-7;Q01814-8,AT2B2_HUMAN,ATP2B2,,,23225.75,80717.0,84472.1
Q01826;Q01826-2,Q01826;Q9UPW6;Q01826-2;Q9UPW6-2,SATB1_HUMAN,SATB1,,,9858.58,,
Q01831,Q01831;Q01831-2,XPC_HUMAN,XPC,,,,,
Q01844;Q01844-2;Q01844-3;Q01844-5;Q01844-6,Q01844;Q01844-2;Q01844-3;Q01844-5;Q01844-6,EWS_HUMAN,EWSR1,,16729.1,4859.625,24122.2,4925.43
Q01968,Q01968;Q01968-2,OCRL_HUMAN,OCRL,,,,25759.7,36235.55
Q01970,Q01970;Q01970-2,PLCB3_HUMAN,PLCB3,6816.16,,13911.7,40968.6,29035.45
Q01995,Q01995,TAGL_HUMAN,TAGLN,2674.665,,9235.51,22943.8,
Q02040,Q02040,AK17A_HUMAN,AKAP17A,,,,,
Q02078-3;Q02078-5,Q02078;Q02078-5;Q02078-2;Q02078-3;Q02078-4;Q02078-6;Q02078-7;Q02078-8,MEF2A_HUMAN,MEF2A,,,,,
Q02083-2,Q02083;Q02083-2,NAAA_HUMAN,NAAA,,,,,510684.0
Q02086;Q02086-2,Q02086;Q02086-2,SP2_HUMAN,SP2,7949.02,,,,
Q02094,Q02094;Q02094-2,RHAG_HUMAN,RHAG,,,,,
Q02108,Q02108;Q02108-2,GCYA1_HUMAN,GUCY1A1,,,31887.7,108686.0,18982.15
Q02127,Q02127,PYRD_HUMAN,DHODH,,,,20567.4,23022.5
Q02153,Q02153;Q02153-2;Q02153-3,GCYB1_HUMAN,GUCY1B1,,,16856.2,67017.5,19795.1
Q02156,Q02156,KPCE_HUMAN,PRKCE,,,,,
Q02161,Q02161;Q02161-4;Q02161-5,RHD_HUMAN,RHD,,,,9048.29,16122.1
Q02218,Q02218;Q02218-2;Q02218-3,ODO1_HUMAN,OGDH,240952.0,170085.0,29172.2,74445.5,11068.9
Q02252;Q02252-2,Q02252;Q02252-2,MMSA_HUMAN,ALDH6A1,,,12391.7,32670.8,9718.86
Q02297;Q02297-11;Q02297-2;Q02297-6;Q02297-7,Q02297;Q02297-11;Q02297-2;Q02297-6;Q02297-7,NRG1_HUMAN,NRG1,,,,,
Q02318,Q02318,CP27A_HUMAN,CYP27A1,,519030.0,52687.3,6556.69,
Q02338,Q02338,BDH_HUMAN,BDH1,372624.0,,6435.43,30927.75,
Q02383,Q02383,SEMG2_HUMAN,SEMG2,,,21068.3,,55431.9
Q02388-2,Q02388;Q02388-2,CO7A1_HUMAN,COL7A1,,,,4423.32,2906.05
Q02413,Q02413,DSG1_HUMAN,DSG1,34464.7,67413.6,6301.19,22685.4,18394.5
Q02446,Q02446,SP4_HUMAN,SP4,,,,,
Q02447;Q02447-2;Q02447-5;Q02447-6,Q02447;Q02447-2;Q02447-5;Q02447-6,SP3_HUMAN,SP3,,,,,1753.26
Q02487,Q02487;Q02487-2,DSC2_HUMAN,DSC2,749.508,,12320.8,14110.55,10274.765
Q02509,Q02509;Q02509-3,OC90_HUMAN,OC90,,,12628.7,64406.9,
Q02539,Q02539,H11_HUMAN,H1-1,,,,52810.4,
Q02543,Q02543,RL18A_HUMAN,RPL18A,,,,13576.2,5250.86
Q02548;Q02548-2;Q02548-6;Q02548-7;Q02548-8;Q02548-9,Q02548;Q02548-11;Q02548-2;Q02548-3;Q02548-4;Q02548-5;Q02548-6;Q02548-7;Q02548-8;Q02548-9,PAX5_HUMAN,PAX5,,,,,
Q02556,Q02556,IRF8_HUMAN,IRF8,,,,,4991.04
Q02742,Q02742,GCNT1_HUMAN,GCNT1,,,,,
Q02747,Q02747,GUC2A_HUMAN,GUCA2A,,206424.0,,,
Q02750;Q02750-2,Q02750;Q02750-2,MP2K1_HUMAN,MAP2K1,,,16023.7,20443.0,
Q02790,Q02790,FKBP4_HUMAN,FKBP4,,,14812.97,11631.4,
Q02809,Q02809;Q02809-2,PLOD1_HUMAN,PLOD1,,,,13953.3,9765.79
Q02817,Q02817,MUC2_HUMAN,MUC2,,,17914.7,33779.2,
Q02818,Q02818,NUCB1_HUMAN,NUCB1,3298.88,155783.0,85257.8,56583.9,14437.6
Q02833,Q02833,RASF7_HUMAN,RASSF7,,,,,
Q02878,Q02878,RL6_HUMAN,RPL6,,,13927.55,33956.6,18948.65
Q02880-2,Q02880;Q02880-2,TOP2B_HUMAN,TOP2B,,,97311.6,40525.5,
Q02952;Q02952-2;Q02952-3,Q02952;Q02952-2;Q02952-3,AKA12_HUMAN,AKAP12,2458.715,21867.7,130221.0,18429.3,12837.0
Q02978,Q02978;Q02978-2,M2OM_HUMAN,SLC25A11,,,25770.45,58373.7,16507.1
Q02985-2,Q02985;Q02985-2,FHR3_HUMAN,CFHR3,27465.1,396699.0,22850.9,88159.2,360412.0
Q03001,Q03001;Q03001-14;Q03001-8,DYST_HUMAN,DST,,,,2097.9,
Q03013;Q03013-2,P09488;P46439;Q03013;P09488-2;Q03013-2,GSTM4_HUMAN,GSTM4,,,,20701.4,
Q03014,Q03014,HHEX_HUMAN,HHEX,,,,,
Q03060-21;Q03060-26;Q03060-31;Q03060-32;Q03060-6,Q03060;Q03060-1;Q03060-12;Q03060-13;Q03060-14;Q03060-15;Q03060-16;Q03060-2;Q03060-20;Q03060-21;Q03060-22;Q03060-25;Q03060-26;Q03060-30;Q03060-31;Q03060-32;Q03060-6;Q03060-7,CREM_HUMAN,CREM,,,,,
Q03111,Q03111,ENL_HUMAN,MLLT1,50891.1,239922.0,,,
Q03113,Q03113;Q03113-2,GNA12_HUMAN,GNA12,,,,14375.2,
Q03135,Q03135,CAV1_HUMAN,CAV1,,,,7489.86,
Q03154,Q03154;Q03154-2;Q03154-4,ACY1_HUMAN,ACY1,,,9830.61,8087.34,9427.71
Q03164;Q03164-2;Q03164-3,Q03164;Q03164-2;Q03164-3,KMT2A_HUMAN,KMT2A,,,161064.0,,
Q03167;Q03167-2,Q03167;Q03167-2,TGBR3_HUMAN,TGFBR3,1453.575,,3087.905,11970.1,1569.2
Q03169,Q03169,TNAP2_HUMAN,TNFAIP2,55265.2,,18839.7,371290.0,232355.0
Q03188,Q03188;Q03188-2,CENPC_HUMAN,CENPC,,,,21550.1,
Q03252,Q03252,LMNB2_HUMAN,LMNB2,,,22143.3,372919.5,13680.8
Q03403,Q03403,TFF2_HUMAN,TFF2,,12071.8,,,
Q03405,Q03405;Q03405-3,UPAR_HUMAN,PLAUR,,26588.2,,10413.3,
Q03426,Q03426,KIME_HUMAN,MVK,,,,7432.14,109762.0
Q03468,Q03468,ERCC6_HUMAN,ERCC6,27315.1,37155.4,9963.66,9282.88,13254.5
Q03518;Q03518-2,Q03518;Q03518-2,TAP1_HUMAN,TAP1,,,13418.5,54848.7,23406.05
Q03519,Q03519;Q03519-2,TAP2_HUMAN,TAP2,,,23851.35,39133.4,21679.7
Q03591,Q03591,FHR1_HUMAN,CFHR1,101299.0,276466.0,30238.2,136846.0,5033970.0
Q03701,Q03701,CEBPZ_HUMAN,CEBPZ,5332.19,,,13279.08,
Q03989;Q03989-5,Q03989;Q03989-5,ARI5A_HUMAN,ARID5A,,,,,
Q04118,Q04118,PRB3_HUMAN,PRB3,,30192.0,,4855.075,6157.379999999999
Q04206;Q04206-2,Q04206;Q04206-2;Q04206-3;Q04206-4,TF65_HUMAN,RELA,,,14043.15,24565.2,
Q04323,Q04323;Q04323-2,UBXN1_HUMAN,UBXN1,,,7569.01,15437.0,4726.37
Q04446,Q04446,GLGB_HUMAN,GBE1,3286.995,,29724.2,62017.9,15350.0
Q04609;Q04609-3;Q04609-6;Q04609-7;Q04609-8;Q04609-9,Q04609;Q04609-6;Q04609-8;Q9HBA9;Q04609-10;Q04609-3;Q04609-7;Q04609-9,FOLH1_HUMAN,FOLH1,,,,19007.3,
Q04637-5,Q04637;Q04637-9;Q04637-3;Q04637-4;Q04637-5;Q04637-6;Q04637-7;Q04637-8,IF4G1_HUMAN,EIF4G1,,76296.70000000001,43939.7,82663.4,29878.2
Q04637-8,Q04637-7;Q04637-8,IF4G1_HUMAN,EIF4G1,,,,,
Q04656;Q04656-2;Q04656-3;Q04656-5,Q04656;Q04656-5;Q04656-2;Q04656-3,ATP7A_HUMAN,ATP7A,,,4969.335,12394.4,6058.48
Q04695,Q04695,K1C17_HUMAN,KRT17,2212.58,36830.39999999999,20360.26,17726.5,25996.5
Q04721,Q04721,NOTC2_HUMAN,NOTCH2,12171.5,86494.9,21070.9,18347.2,9652.27
Q04726;Q04726-2;Q04726-3;Q04726-5;Q04726-6,Q04726;Q04726-4;Q04726-2;Q04726-3;Q04726-5;Q04726-6;Q04726-7,TLE3_HUMAN,TLE3,,,,,
Q04727;Q04727-2;Q04727-3;Q04727-4,Q04727;Q04727-2;Q04727-3;Q04727-4,TLE4_HUMAN,TLE4,,,,,
Q04756,Q04756,HGFA_HUMAN,HGFAC,77063.7,27260.25,74116.1,144453.0,58801.1
Q04759,Q04759;Q04759-2,KPCT_HUMAN,PRKCQ,,,24886.8,89068.0,20757.1
Q04760;Q04760-2,Q04760;Q04760-2,LGUL_HUMAN,GLO1,,,29783.7,61038.0,37042.3
Q04771,Q04771,ACVR1_HUMAN,ACVR1,,123863.0,16831.7,23448.8,10948.5
Q04837,Q04837,SSBP_HUMAN,SSBP1,,,34238.6,70126.4,5240.815000000001
Q04864;Q04864-2,Q04864;Q04864-2,REL_HUMAN,REL,,,,57238.0,
Q04917,Q04917,1433F_HUMAN,YWHAH,174258.0,868.907,182497.0,466630.0,11523.38
Q04941,Q04941;Q04941-2,PLP2_HUMAN,PLP2,,,82264.5,238180.0,71971.4
Q05048,Q05048,CSTF1_HUMAN,CSTF1,,,,,
Q05084;Q05084-2,Q05084;Q8NDH6;Q05084-2;Q05084-3,ICA69_HUMAN,ICA1,,,,30492.9,
Q05086;Q05086-2;Q05086-3,Q05086;Q05086-2;Q05086-3,UBE3A_HUMAN,UBE3A,,,,,
Q05193-2;Q05193-5,Q05193-2;Q05193-5,DYN1_HUMAN,DNM1,,,,,
Q05193;Q05193-3,Q05193;Q05193-2;Q05193-3;Q05193-5,DYN1_HUMAN,DNM1,,,22098.3,79354.6,11808.055
Q05209,Q05209;Q05209-2;Q05209-3,PTN12_HUMAN,PTPN12,,35233.1,71031.0,125154.0,26552.0
Q05315,Q05315,LEG10_HUMAN,CLC,,,,,
Q05397;Q05397-7,Q05397;Q05397-2;Q05397-3;Q05397-4;Q05397-5;Q05397-7,FAK1_HUMAN,PTK2,4062.76,,27573.2,66881.9,15447.3
Q05469,Q05469;Q05469-2,LIPS_HUMAN,LIPE,,,,,
Q05513,Q05513;Q05513-2;Q05513-3,KPCZ_HUMAN,PRKCZ,,,,,
Q05516,Q05516;Q05516-2,ZBT16_HUMAN,ZBTB16,,,,,
Q05519;Q05519-2,Q05519;Q05519-2,SRS11_HUMAN,SRSF11,,,,301738.3,
Q05586;Q05586-4;Q05586-5;Q05586-6,Q05586;Q05586-2;Q05586-3;Q05586-4;Q05586-5;Q05586-6;Q05586-7,NMDZ1_HUMAN,GRIN1,,,,,
Q05639,Q05639,EF1A2_HUMAN,EEF1A2,,,,,
Q05655,Q05655;Q05655-2,KPCD_HUMAN,PRKCD,10528.65,,137806.0,274407.0,67552.8
Q05682,Q05682,CALD1_HUMAN,CALD1,,,,,
Q05682-2;Q05682-3;Q05682-6,Q05682-2;Q05682-3;Q05682-6,CALD1_HUMAN,CALD1,,,,,
Q05682-4;Q05682-5,Q05682;Q05682-2;Q05682-3;Q05682-4;Q05682-5;Q05682-6,CALD1_HUMAN,CALD1,3414.525,83571.8,346871.0,1252810.0,463415.0
Q05707;Q05707-2,Q05707;Q05707-2;Q05707-3,COEA1_HUMAN,COL14A1,,43868.5,44530.2,36053.5,60275.5
Q05823,Q05823,RN5A_HUMAN,RNASEL,,,383894.0,21710.2,13577.6
Q05932;Q05932-2;Q05932-3,Q05932;Q05932-2;Q05932-3;Q05932-4,FOLC_HUMAN,FPGS,,,,,
Q05940,Q05940,VMAT2_HUMAN,SLC18A2,,,,23298.25,
Q05BQ5;Q05BQ5-3,Q05BQ5;Q05BQ5-3,MBTD1_HUMAN,MBTD1,,6957.16,2903.73,,
Q05D32,Q05D32;Q05D32-2,CTSL2_HUMAN,CTDSPL2,,,,79477.1,
Q05DH4,Q05DH4,FHI1A_HUMAN,FHIP1A,,,,,
Q06033;Q06033-2,Q06033;Q06033-2,ITIH3_HUMAN,ITIH3,241445.0,82056.1,42193800.0,871984.0,507121.0
Q06124-1,Q06124;Q06124-1;Q06124-3,PTN11_HUMAN,PTPN11,,,13689.2,39257.2,5504.74
Q06136,Q06136;Q06136-2,KDSR_HUMAN,KDSR,,,,22081.6,7270.33
Q06187,Q06187;Q06187-2,BTK_HUMAN,BTK,1256.0,465746.58,37319.0,110637.0,14097.95
Q06203,Q06203,PUR1_HUMAN,PPAT,,,12903.775,,
Q06210;Q06210-2,Q06210;Q06210-2,GFPT1_HUMAN,GFPT1,,57096.25,11892.48,20618.4,
Q06265;Q06265-2,Q06265;Q06265-2;Q06265-3;Q06265-4,EXOS9_HUMAN,EXOSC9,,,,,1749.45
Q06323,Q06323;Q06323-2;Q06323-3,PSME1_HUMAN,PSME1,3690.75,,79111.6,275221.0,14940.7
Q06330;Q06330-4;Q06330-5;Q06330-6;Q06330-7,Q06330;Q9UBG7;Q06330-2;Q06330-3;Q06330-4;Q06330-5;Q06330-6;Q06330-7,SUH_HUMAN,RBPJ,,,,33937.2,35906.1
Q06413-6,Q02078;Q02078-5;Q02078-3;Q06413-6,MEF2C_HUMAN,MEF2C,,,,,
Q06418,Q06418,TYRO3_HUMAN,TYRO3,3759.5,122922.0,40235.4,,
Q06481,Q06481;Q06481-5;Q06481-2;Q06481-3;Q06481-4;Q06481-6,APLP2_HUMAN,APLP2,,18036.3,29914.3,7763.21,
Q06546,Q06546,GABPA_HUMAN,GABPA,,,,56521.6,
Q06547;Q06547-2,Q06547;Q06547-2;Q06547-3;Q06547-4,GABP1_HUMAN,GABPB1,,,,,
Q06587,Q06587;Q06587-2,RING1_HUMAN,RING1,,,,,
Q06609-3,Q06609;Q06609-2;Q06609-3;Q06609-4,RAD51_HUMAN,RAD51,,38318.5,,,
Q06643,Q06643,TNFC_HUMAN,LTB,,,,,
Q06787-6,Q06787;Q06787-7;Q06787-10;Q06787-3;Q06787-4;Q06787-5;Q06787-6,FMR1_HUMAN,FMR1,,,,9738.494999999999,
Q06828,Q06828,FMOD_HUMAN,FMOD,,,192241.0,16831.6,6106.97
Q06830,Q06830,PRDX1_HUMAN,PRDX1,3246.655,26862.5,168653.0,379591.0,28365.0
Q07002-3,Q07002;Q07002-3,CDK18_HUMAN,CDK18,,,,,
Q07020;Q07020-2,Q07020;Q07020-2,RL18_HUMAN,RPL18,,,,13440.9,11812.8
Q07021,Q07021,C1QBP_HUMAN,C1QBP,,26856.8,16519.3,53117.0,7060.08
Q07065,Q07065,CKAP4_HUMAN,CKAP4,,,199921.0,386341.0,
Q07075,Q07075,AMPE_HUMAN,ENPEP,4912.13,,30695.75,54840.3,40308.9
Q07092;Q07092-2,Q07092;Q07092-2,COGA1_HUMAN,COL16A1,1923.72,25664.2,24377.05,3333.16,18494.1
Q07108,Q07108,CD69_HUMAN,CD69,,,7321.969999999999,22929.55,4563.985
Q07157;Q07157-2,Q07157;Q07157-2,ZO1_HUMAN,TJP1,,,,15060.8,
Q07507,Q07507,DERM_HUMAN,DPT,72173.5,,804170.0,19011.2,
Q07617,Q07617,SPAG1_HUMAN,SPAG1,,,,,
Q07654,Q07654,TFF3_HUMAN,TFF3,3947.045,55920.75,43973.9,14256.6,51375.2
Q07666,O75525;Q07666;Q5VWX1;O75525-2;Q07666-2;Q07666-3,KHDR1_HUMAN,KHDRBS1,,,,,
Q07812;Q07812-2;Q07812-5;Q07812-8,Q07812;Q07812-8;Q07812-2;Q07812-4;Q07812-5;Q07812-6;Q07812-7,BAX_HUMAN,BAX,,,39147.10000000001,50542.2,32822.1
Q07817;Q07817-3,Q07817;Q07817-2;Q07817-3,B2CL1_HUMAN,BCL2L1,,,,7866.825000000001,
Q07866-3,Q07866-3,KLC1_HUMAN,KLC1,,,,,
Q07866-6,Q07866;Q9H0B6;Q9NSK0;Q07866-10;Q07866-2;Q07866-3;Q07866-4;Q07866-5;Q07866-6;Q07866-7;Q07866-8;Q07866-9;Q9NSK0-3;Q9NSK0-4;Q9NSK0-5;Q9H0B6-2,KLC1_HUMAN,KLC1,,,18151.0,31368.7,15390.1
Q07889,Q07889,SOS1_HUMAN,SOS1,,,6034.975,14681.7,
Q07890;Q07890-2,Q07890;Q07890-2,SOS2_HUMAN,SOS2,,,,,6875.32
Q07912;Q07912-3,Q07912;Q07912-2;Q07912-3,ACK1_HUMAN,TNK2,,,8542.21,13659.35,
Q07954,Q07954,LRP1_HUMAN,LRP1,13628.5,39236.5,1729710.0,104708.0,31000.2
Q07955,Q07955;Q07955-2;Q07955-3,SRSF1_HUMAN,SRSF1,,,90411.6,53070.1,222369.0
Q07960,Q07960,RHG01_HUMAN,ARHGAP1,2873.62,,94346.4,176285.0,14563.7
Q08043,Q08043,ACTN3_HUMAN,ACTN3,1552.09,,34304.3,43626.4,
Q08117;Q08117-2,Q08117;Q08117-2,TLE5_HUMAN,TLE5,,,,,
Q08170,Q08170;Q13247;Q13247-3,SRSF4_HUMAN,SRSF4,169307.8,,9396.23,19835.9,
Q08174-2,Q08174;Q08174-2,PCDH1_HUMAN,PCDH1,2561.05,66764.2,40926.0,32971.0,17502.25
Q08188,Q08188,TGM3_HUMAN,TGM3,,24873.5,4817.53,16758.4,10544.7
Q08209,P16298;P48454;Q08209;Q08209-2;P16298-2;P16298-3;P16298-4;P48454-2;P48454-3;Q08209-3;Q08209-5,PP2BA_HUMAN,PPP3CA,,,22474.2,78928.4,13269.45
Q08211,Q08211,DHX9_HUMAN,DHX9,,211011.0,8858.49,24088.9,24025.0
Q08257,Q08257;Q08257-3,QOR_HUMAN,CRYZ,14230.0,130313.0,7834.9,26682.6,4173.605
Q08334,Q08334,I10R2_HUMAN,IL10RB,,14826.65,,14773.485,31127.1
Q08357,Q08357,S20A2_HUMAN,SLC20A2,,,,6563.65,2687.45
Q08378,Q08378;Q08378-2;Q08378-4,GOGA3_HUMAN,GOLGA3,,11219.9,5431.67,17378.0,16788.71
Q08379,Q08379;Q08379-2,GOGA2_HUMAN,GOLGA2,,,29953.55,37555.5,67736.2
Q08380,Q08380,LG3BP_HUMAN,LGALS3BP,270073.0,628637.0,50349600.0,182148000.0,74329.8
Q08397,Q08397,LOXL1_HUMAN,LOXL1,1528.96,186352.0,,39704.1,9492.79
Q08426,Q08426;Q08426-2,ECHP_HUMAN,EHHADH,,49493.0,161434.0,19434.75,6345.38
Q08431,Q08431;Q08431-3;Q08431-4,MFGM_HUMAN,MFGE8,,,37737.2,100236.0,6653.84
Q08477,Q08477;Q08477-2,CP4F3_HUMAN,CYP4F3,,,,,
Q08495,Q08495;Q08495-2;Q08495-3;Q08495-4,DEMA_HUMAN,DMTN,14188.285,94575.9,179899.0,1225980.0,183484.0
Q08499-9,Q08499;Q08499-2;Q08499-8;Q08499-10;Q08499-11;Q08499-3;Q08499-4;Q08499-5;Q08499-6;Q08499-9,PDE4D_HUMAN,PDE4D,,,,,
Q08554-2,Q08554;Q08554-2,DSC1_HUMAN,DSC1,3584.495,23635.9,12474.1,18326.1,24470.2
Q08623;Q08623-4,Q08623;Q08623-2;Q08623-3;Q08623-4,HDHD1_HUMAN,PUDP,,,,44506.1,
Q08722,Q08722;Q08722-3;Q08722-2;Q08722-4,CD47_HUMAN,CD47,,,17235.8,163789.0,38221.85000000001
Q08752,Q08752,PPID_HUMAN,PPID,,,42210.3,53980.55,24163.7
Q08830,Q08830,FGL1_HUMAN,FGL1,13257.6,3392.798,30459.3,27223.2,43581.8
Q08881,Q08881,ITK_HUMAN,ITK,,,,8686.43,
Q08945,Q08945,SSRP1_HUMAN,SSRP1,,,445422.0,90252.2,14009.7
Q08999,Q08999,RBL2_HUMAN,RBL2,,,,202850.0,
Q08AE8;Q08AE8-2,Q08AE8;Q08AE8-2;Q08AE8-3;Q08AE8-4;Q08AE8-5,SPIR1_HUMAN,SPIRE1,,,7838.014999999999,7181.76,
Q08AF3,Q08AF3;Q08AF3-2,SLFN5_HUMAN,SLFN5,,,,327958.0,
Q08AG7,Q08AG7,MZT1_HUMAN,MZT1,,,,9043.01,
Q08AI8,Q08AI8;Q08AI8-2;Q08AI8-3,MB214_HUMAN,MAB21L4,,,,,6586.47
Q08AM6,Q08AM6,VAC14_HUMAN,VAC14,,,7266.705,20350.9,3366.75
Q08ET2,Q08ET2,SIG14_HUMAN,SIGLEC14,4639.12,,,,
Q08J23,Q08J23;Q08J23-2;Q08J23-3,NSUN2_HUMAN,NSUN2,2898.93,,8764.06,89405.2,6626.514999999999
Q09019,Q09019,DMWD_HUMAN,DMWD,,,,,
Q09028;Q09028-3,Q09028;Q09028-2;Q09028-3;Q09028-4,RBBP4_HUMAN,RBBP4,,,,76184.9,
Q09161,Q09161,NCBP1_HUMAN,NCBP1,,,,42103.5,
Q09327,Q09327,MGAT3_HUMAN,MGAT3,,158905.0,12192.9,6086.72,10556.1
Q09328,Q09328,MGT5A_HUMAN,MGAT5,,,77616.8,23683.85,15806.5
Q09472,Q09472,EP300_HUMAN,EP300,,,,,8871.56
Q09666,Q09666,AHNK_HUMAN,AHNAK,22410.9,185882.0,24655.1,67213.4,42450.0
Q0GE19;Q0GE19-1;Q0GE19-3,Q0GE19;Q0GE19-1;Q0GE19-3,NTCP7_HUMAN,SLC10A7,,,,,
Q0IIM8,Q0IIM8,TBC8B_HUMAN,TBC1D8B,,,25055.9,,
Q0JRZ9,Q0JRZ9;Q0JRZ9-2;Q0JRZ9-3,FCHO2_HUMAN,FCHO2,,,9580.42,9730.56,
Q0P6H9,Q0P6H9,TMM62_HUMAN,TMEM62,,,,,
Q0PNE2;Q0PNE2-2,Q0PNE2;Q0PNE2-2,ELP6_HUMAN,ELP6,,,3393.5,40398.645,
Q0VD83,Q0VD83;Q0VD83-2;Q0VD83-3,APOBR_HUMAN,APOBR,1431.28,460095.95,81918.8,36709.9,4822.985000000001
Q0VDF9,Q0VDF9,HSP7E_HUMAN,HSPA14,,438508.0,41666.0,7657.66,60138.7
Q0VDG4;Q0VDG4-2,Q0VDG4;Q0VDG4-2,SCRN3_HUMAN,SCRN3,,42254.3,,10027.755,
Q0VF96,Q0VF96,CGNL1_HUMAN,CGNL1,,,636919.0,2205420.0,339524.0
Q0VG06;Q0VG06-3,Q0VG06;Q0VG06-2;Q0VG06-3,FP100_HUMAN,FAAP100,,,,,
Q0VGL1,Q0VGL1,LTOR4_HUMAN,LAMTOR4,,,51011.2,34572.3,
Q0ZGT2-2,Q0ZGT2;Q0ZGT2-2;Q0ZGT2-3;Q0ZGT2-4,NEXN_HUMAN,NEXN,,49832.4,85199.3,317015.0,21421.25
Q0ZGT2-4,Q0ZGT2;Q0ZGT2-3;Q0ZGT2-4,NEXN_HUMAN,NEXN,,6856.55,9254.99,82698.0,6877.98
Q10469,Q10469,MGAT2_HUMAN,MGAT2,5012.94,,16598.4,15067.9,12409.1
Q10471,Q10471,GALT2_HUMAN,GALNT2,3027.21,,23852.1,32787.6,34580.0
Q10472,Q10472;Q8IUC8;Q8IUC8-3;Q8IUC8-2,GALT1_HUMAN,GALNT1,3801.905,,55639.3,37553.7,37500.4
Q10567-3,Q10567;Q10567-3;Q10567-2;Q10567-4,AP1B1_HUMAN,AP1B1,121673.0,,18061.45,122217.0,12084.7
Q10567;Q10567-2,Q10567;Q10567-2,AP1B1_HUMAN,AP1B1,,,,29794.6,
Q10570,Q10570,CPSF1_HUMAN,CPSF1,,,,,
Q10588,Q10588;Q10588-2,BST1_HUMAN,BST1,17342.5,428073.0,24357.55,91497.6,23183.3
Q10589,Q10589;Q10589-2,BST2_HUMAN,BST2,,12591.6,7221.77,26348.7,
Q10713,Q10713,MPPA_HUMAN,PMPCA,,,15276.4,21929.8,
Q10981,Q10981,FUT2_HUMAN,FUT2,,,,,
Q11201,Q11201,SIA4A_HUMAN,ST3GAL1,,30520.8,27529.3,,
Q11203;Q11203-13;Q11203-15;Q11203-16;Q11203-19;Q11203-2;Q11203-21;Q11203-4;Q11203-5;Q11203-7;Q11203-8,Q11203;Q11203-10;Q11203-11;Q11203-12;Q11203-13;Q11203-14;Q11203-15;Q11203-16;Q11203-17;Q11203-18;Q11203-19;Q11203-2;Q11203-20;Q11203-21;Q11203-22;Q11203-23;Q11203-24;Q11203-3;Q11203-4;Q11203-5;Q11203-6;Q11203-7;Q11203-8;Q11203-9,SIAT6_HUMAN,ST3GAL3,,,,,
Q11206;Q11206-2;Q11206-3;Q11206-5;Q11206-6;Q11206-7,Q11206;Q11206-2;Q11206-3;Q11206-4;Q11206-5;Q11206-6;Q11206-7,SIA4C_HUMAN,ST3GAL4,,1123.34,2440.63,1452.09,
Q12756;Q12756-2;Q12756-3,Q12756;Q12756-2;Q12756-3,KIF1A_HUMAN,KIF1A,,,,3917.87,
Q12765;Q12765-2,Q12765;Q12765-2,SCRN1_HUMAN,SCRN1,,,12699.7,18107.2,
Q12766,Q12766,HMGX3_HUMAN,HMGXB3,,,,,
Q12767;Q12767-2,Q12767;Q12767-2;Q12767-3,TMM94_HUMAN,TMEM94,,,,10931.85,4201.705
Q12768,Q12768,WASC5_HUMAN,WASHC5,,17698.2,12658.2,20841.2,
Q12769,Q12769;Q12769-2,NU160_HUMAN,NUP160,,,36614.0,,
Q12770,Q12770;Q12770-2;Q12770-4,SCAP_HUMAN,SCAP,,,,,
Q12774,Q12774;A5YM69,ARHG5_HUMAN,ARHGEF5,,,,4674.28,
Q12778,Q12778,FOXO1_HUMAN,FOXO1,5458.25,,,,
Q12788,Q12788,TBL3_HUMAN,TBL3,,,,,44313.1
Q12789,Q12789;Q12789-3,TF3C1_HUMAN,GTF3C1,,,,,146693.9
Q12792,Q12792;Q12792-3;Q12792-4,TWF1_HUMAN,TWF1,,,2430.6,11899.25,4618.21
Q12794;Q12794-2,Q12794;Q12794-2;Q12794-4;Q12794-7,HYAL1_HUMAN,HYAL1,4681.44,,,,38201.3
Q12797,Q12797;Q12797-10,ASPH_HUMAN,ASPH,,10372.0,170744.0,68893.7,119748.0
Q12797-3;Q12797-4,Q12797-3;Q12797-4,ASPH_HUMAN,ASPH,,109977.0,19538.2,71556.7,49430.0
Q12800;Q12800-3,Q12800;Q12800-2;Q12800-3;Q12800-4,TFCP2_HUMAN,TFCP2,,,,15500.3,5994.68
Q12802;Q12802-2;Q12802-4,Q12802;Q12802-2;Q12802-4,AKP13_HUMAN,AKAP13,,,12996.6,11847.7,138044.375
Q12805;Q12805-3;Q12805-4,Q12805;Q12805-2;Q12805-3;Q12805-4;Q12805-5,FBLN3_HUMAN,EFEMP1,114338.0,82187.65,235352.0,80824.3,98201.0
Q12824,Q12824;Q12824-2,SNF5_HUMAN,SMARCB1,3328.12,,,,
Q12824-2,Q12824-2,SNF5_HUMAN,SMARCB1,,,,,
Q12830;Q12830-4,Q12830;Q12830-2;Q12830-4,BPTF_HUMAN,BPTF,,,,96188.4,
Q12841,Q12841;Q12841-2,FSTL1_HUMAN,FSTL1,11313.6,1105910.0,86084.5,52415.1,13551.5
Q12846,Q12846,STX4_HUMAN,STX4,,,31886.2,86423.4,21804.0
Q12849,Q12849;Q12849-5,GRSF1_HUMAN,GRSF1,,,,11335.1,
Q12851;Q12851-2,Q12851;Q12851-2,M4K2_HUMAN,MAP4K2,,,10723.4,37758.0,
Q12857-2,Q12857;Q12857-2;Q12857-3;Q12857-4,NFIA_HUMAN,NFIA,,,,,
Q12860;Q12860-2,Q12860;Q12860-2;Q12860-3,CNTN1_HUMAN,CNTN1,24378.0,77537.9,9432.4,38385.1,11184.7
Q12864,Q12864,CAD17_HUMAN,CDH17,6048.94,,2847.05,10219.4,
Q12866,Q12866,MERTK_HUMAN,MERTK,15284.1,1954950.0,14899.85,,5376.475
Q12872;Q12872-2,Q12872;Q12872-2,SFSWA_HUMAN,SFSWAP,,,,,
Q12873;Q12873-3,Q12873;Q12873-2;Q12873-3,CHD3_HUMAN,CHD3,,,221310.0,,
Q12874,Q12874,SF3A3_HUMAN,SF3A3,,,,,
Q12882,Q12882,DPYD_HUMAN,DPYD,,,27503.5,25575.65,13232.7
Q12884,Q12884,SEPR_HUMAN,FAP,5524.63,,38923.4,38411.6,15058.1
Q12888;Q12888-2;Q12888-3,Q12888;Q12888-2;Q12888-3,TP53B_HUMAN,TP53BP1,,193798.0,,,
Q12893,Q12893,TM115_HUMAN,TMEM115,,,,10843.3,
Q12894;Q12894-2,Q12894;Q12894-2,IFRD2_HUMAN,IFRD2,,,105075.0,,
Q12899,Q12899,TRI26_HUMAN,TRIM26,,,,,
Q12904;Q12904-2,Q12904;Q12904-2,AIMP1_HUMAN,AIMP1,,,20991.15,34577.8,8619.775
Q12905,Q12905,ILF2_HUMAN,ILF2,,,34837.5,22710.85,27481.2
Q12906-4;Q12906-6;Q12906-7,Q12906;Q96SI9;Q12906-2;Q12906-3;Q12906-4;Q12906-5;Q12906-6;Q12906-7;Q96SI9-2,ILF3_HUMAN,ILF3,43809.2,,52541.5,17545.95,21330.0
Q12907,Q12907,LMAN2_HUMAN,LMAN2,14958.5,619757.0,95873.3,383300.0,111800.0
Q12912;Q12912-2,Q12912;Q12912-2,IRAG2_HUMAN,IRAG2,,365548.0,12351.9,53695.5,14108.6
Q12913;Q12913-3,Q12913;Q12913-3,PTPRJ_HUMAN,PTPRJ,30843.6,10633200.0,454636.0,462456.0,71671.95000000001
Q12918,Q12918,KLRB1_HUMAN,KLRB1,,,,,
Q12923;Q12923-2;Q12923-3;Q12923-4,Q12923;Q12923-2;Q12923-3;Q12923-4,PTN13_HUMAN,PTPN13,,,,,
Q12929,Q12929;Q12929-2,EPS8_HUMAN,EPS8,,,,,
Q12931,Q12931;Q12931-2,TRAP1_HUMAN,TRAP1,3691.19,,223079.0,273586.0,15390.5
Q12933;Q12933-3;Q12933-4,Q12933;Q12933-2;Q12933-3;Q12933-4,TRAF2_HUMAN,TRAF2,,,,16639.2,
Q12955,Q12955;Q12955-4;Q12955-5;Q12955-7,ANK3_HUMAN,ANK3,,,,3469.585,5185.645
Q12959;Q12959-3;Q12959-5;Q12959-6;Q12959-7,Q12959;Q12959-2;Q12959-3;Q12959-4;Q12959-5;Q12959-6;Q12959-7;Q12959-8;Q12959-9,DLG1_HUMAN,DLG1,,,,35689.85000000001,7816.54
Q12962,Q12962,TAF10_HUMAN,TAF10,1481.51,,,,
Q12965,Q12965,MYO1E_HUMAN,MYO1E,,19227.82,,11673.15,2951.0
Q12968,Q12968;Q12968-2;Q12968-3;Q12968-4;Q12968-5;Q12968-6,NFAC3_HUMAN,NFATC3,1229.92,,15690.0,,
Q12972,Q12972,PP1R8_HUMAN,PPP1R8,,,,8183.18,
Q12974,Q12974;Q12974-2;Q12974-4,TP4A2_HUMAN,PTP4A2,,,6347.56,18726.1,12049.55
Q12979;Q12979-4,Q12979;Q12979-2;Q12979-4,ABR_HUMAN,ABR,,,,7723.66,
Q12980,Q12980,NPRL3_HUMAN,NPRL3,,,,,
Q12981,Q12981;Q12981-1;Q12981-2;Q12981-3,SEC20_HUMAN,BNIP1,,,11032.3,22694.25,12030.4
Q12982;Q12982-2,Q12982;Q12982-2,BNIP2_HUMAN,BNIP2,,,33830.45,52957.9,9315.15
Q12983,Q12983,BNIP3_HUMAN,BNIP3,,,,,
Q12986,Q12986;Q12986-2;Q12986-3,NFX1_HUMAN,NFX1,2400.2,,54776.2,17206.5,
Q12996,Q12996,CSTF3_HUMAN,CSTF3,10860.3,18161.0,,,24132.3
Q12999,Q12999,TSN31_HUMAN,TSPAN31,,,1174.78,2017.97,
Q13002-2,Q13002;Q13002-2;Q13002-4;Q13002-5;Q13002-6;Q13002-7,GRIK2_HUMAN,GRIK2,,,,34096.3,27028.15
Q13009,Q13009;Q13009-2,TIAM1_HUMAN,TIAM1,,,,,
Q13011,Q13011,ECH1_HUMAN,ECH1,,,25637.3,80175.3,25894.4
Q13017;Q13017-2,Q13017;Q13017-2,RHG05_HUMAN,ARHGAP5,,,8902.335,13950.7,
Q13029,Q13029;Q13029-2;Q13029-3;Q13029-5,PRDM2_HUMAN,PRDM2,,,,,
Q13033,Q13033;Q13033-2,STRN3_HUMAN,STRN3,,,19859.9,41228.5,
Q13042;Q13042-2;Q13042-3,Q13042;Q13042-2;Q13042-3;Q13042-4,CDC16_HUMAN,CDC16,,,11152.94,14398.28,
Q13043,Q13043;Q13043-2,STK4_HUMAN,STK4,,,32303.9,72629.9,12523.11
Q13045,Q13045;Q13045-2;Q13045-3,FLII_HUMAN,FLII,,,64137.7,165752.0,36997.4
Q13045-2,Q13045-2,FLII_HUMAN,FLII,1539.67,,,27059.9,14000.2
Q13049,Q13049,TRI32_HUMAN,TRIM32,,,,,
Q13057;Q13057-2,Q13057;Q13057-2,COASY_HUMAN,COASY,16874.6,,17541.2,83978.1,22339.09
Q13075,Q13075;Q13075-2,BIRC1_HUMAN,NAIP,,,,4298.02,
Q13077;Q13077-2,Q13077;Q13077-2,TRAF1_HUMAN,TRAF1,,,13857.0,51279.0,
Q13084,Q13084,RM28_HUMAN,MRPL28,,,,7877.49,
Q13085;Q13085-2;Q13085-3;Q13085-4,Q13085;Q13085-2;Q13085-3;Q13085-4,ACACA_HUMAN,ACACA,33776.3,,,23213.9,31970.87
Q13093,Q13093,PAFA_HUMAN,PLA2G7,21614.4,8321.86,36056.7,541714.0,31088.0
Q13094,Q13094,LCP2_HUMAN,LCP2,,51669.95,104234.0,286928.0,24529.7
Q13098;Q13098-5;Q13098-7,Q13098;Q13098-5;Q13098-6;Q13098-7,CSN1_HUMAN,GPS1,,,34617.5,62584.4,4832.780000000001
Q13099;Q13099-1;Q13099-3,Q13099;Q13099-1;Q13099-3,IFT88_HUMAN,IFT88,,,,,
Q13103,Q13103,SPP24_HUMAN,SPP2,16136.1,10858.5,5230170.0,3073030.0,26262.5
Q13105;Q13105-2,Q13105;Q13105-2;Q13105-3,ZBT17_HUMAN,ZBTB17,,,,,
Q13107;Q13107-2,Q13107;Q13107-2;Q13107-3,UBP4_HUMAN,USP4,,105312.75,27087.6,27766.85,25024.55
Q13112,Q13112,CAF1B_HUMAN,CHAF1B,,,,,
Q13113,Q13113,PDZ1I_HUMAN,PDZK1IP1,,,,1275.32,
Q13114,Q13114,TRAF3_HUMAN,TRAF3,,,,,
Q13123,Q13123,RED_HUMAN,IK,,,,,
Q13126,Q13126;Q13126-2;Q13126-3;Q13126-4;Q13126-5;Q13126-6;Q13126-7,MTAP_HUMAN,MTAP,3685.27,,13360.7,14298.0,8321.380000000001
Q13127;Q13127-4,Q13127;Q13127-4,REST_HUMAN,REST,,,,,
Q13129,Q13129,RLF_HUMAN,RLF,,,,,
Q13131-2,Q13131;Q13131-2,AAPK1_HUMAN,PRKAA1,,,14751.2,40065.9,
Q13136,Q13136;Q13136-2,LIPA1_HUMAN,PPFIA1,,,9898.88,15845.5,6126.95
Q13137;Q13137-2;Q13137-3;Q13137-4;Q13137-5,Q13137;Q13137-2;Q13137-3;Q13137-4;Q13137-5,CACO2_HUMAN,CALCOCO2,,,,,
Q13144,Q13144,EI2BE_HUMAN,EIF2B5,146425.0,,9612.59,19955.5,
Q13148,Q13148,TADBP_HUMAN,TARDBP,5673.84,,6611.715,12700.7,5766.51
Q13151,Q13151,ROA0_HUMAN,HNRNPA0,,,,8278.105,7889.47
Q13153,Q13153;Q13153-2,PAK1_HUMAN,PAK1,,,7256.22,11319.2,2156.9255
Q13155,Q13155;Q13155-2,AIMP2_HUMAN,AIMP2,,,9250.42,16886.5,
Q13155-2,Q13155-2,AIMP2_HUMAN,AIMP2,,,,,
Q13158,Q13158,FADD_HUMAN,FADD,,,,1998.62,
Q13162,Q13162,PRDX4_HUMAN,PRDX4,,,71931.2,177458.0,23561.3
Q13163;Q13163-4,Q13163;Q13163-2;Q13163-3;Q13163-4,MP2K5_HUMAN,MAP2K5,,,,,
Q13164,Q13164;Q13164-2;Q13164-3;Q13164-4,MK07_HUMAN,MAPK7,,,,4904.77,3915.28
Q13177,Q13177,PAK2_HUMAN,PAK2,,401562.0,31562.1,72199.1,19741.7
Q13185,Q13185,CBX3_HUMAN,CBX3,,,3543.555,57394.3,
Q13188,Q13188;Q13188-2,STK3_HUMAN,STK3,,,15423.9,20137.7,
Q13190,Q13190;Q13190-2,STX5_HUMAN,STX5,,,,19585.75,1738.43
Q13191,Q13191;Q13191-2;Q13191-3,CBLB_HUMAN,CBLB,,,,,
Q13200,Q13200;Q13200-2;Q13200-3,PSMD2_HUMAN,PSMD2,84676.45,45166.5,70452.0,161964.0,107019.0
Q13201,Q13201,MMRN1_HUMAN,MMRN1,9706.78,3110570.0,524578.0,1012270.0,179447.0
Q13206,Q13206,DDX10_HUMAN,DDX10,,,,,
Q13214;Q13214-2,Q13214;Q13214-2,SEM3B_HUMAN,SEMA3B,,,,11959.63,33415.7
Q13216;Q13216-2,Q13216;Q13216-2,ERCC8_HUMAN,ERCC8,,,,,
Q13217,Q13217,DNJC3_HUMAN,DNAJC3,,,9602.404999999999,22272.5,13797.4
Q13224,Q13224,NMDE2_HUMAN,GRIN2B,,,,20332.2,
Q13227,Q13227;Q13227-2,GPS2_HUMAN,GPS2,,,2607.47,,
Q13228;Q13228-4,Q13228;Q13228-2;Q13228-3;Q13228-4,SBP1_HUMAN,SELENBP1,12201.95,,22583.45,79498.2,45484.2
Q13231;Q13231-2;Q13231-3,Q13231;Q13231-2;Q13231-3;Q13231-4,CHIT1_HUMAN,CHIT1,,,,,7837.65
Q13232,Q13232,NDK3_HUMAN,NME3,5952.67,,4403.895,23930.9,
Q13233,Q13233,M3K1_HUMAN,MAP3K1,,,,,
Q13239;Q13239-3;Q13239-5,Q13239;Q13239-3;Q13239-4;Q13239-5,SLAP1_HUMAN,SLA,,,,,
Q13242,Q13242,SRSF9_HUMAN,SRSF9,,,,,
Q13243,Q13243;Q13243-2;Q13243-3,SRSF5_HUMAN,SRSF5,,,275909.0,17923.9,
Q13247;Q13247-3,Q13247;Q13247-3,SRSF6_HUMAN,SRSF6,,,,5911.82,
Q13253,Q13253,NOGG_HUMAN,NOG,,,,,
Q13255;Q13255-2;Q13255-3,Q13255;Q13255-2;Q13255-3,GRM1_HUMAN,GRM1,,,,,
Q13257,Q13257,MD2L1_HUMAN,MAD2L1,,,,,
Q13261;Q13261-10,Q13261;Q13261-10;Q13261-4,I15RA_HUMAN,IL15RA,,,,,
Q13263,Q13263;Q13263-2,TIF1B_HUMAN,TRIM28,,,33205.1,899812.0,
Q13275;Q13275-2,Q13275;Q13275-2,SEM3F_HUMAN,SEMA3F,,,,26147.0,22229.6
Q13277;Q13277-2;Q13277-3,Q13277;Q13277-3;Q13277-2,STX3_HUMAN,STX3,,,,,
Q13283,Q13283,G3BP1_HUMAN,G3BP1,,,14878.4,20415.6,6245.09
Q13286-5,Q13286;Q13286-2;Q13286-3;Q13286-4;Q13286-5;Q13286-7,CLN3_HUMAN,CLN3,,,,,
Q13287,Q13287,NMI_HUMAN,NMI,,,11867.2,23105.25,
Q13291;Q13291-2;Q13291-3;Q13291-4,Q13291;Q13291-2;Q13291-3;Q13291-4,SLAF1_HUMAN,SLAMF1,,76297.5,,7536.625,8909.39
Q13303,Q13303;Q13303-2;Q13303-3;Q13303-4;Q13303-5,KCAB2_HUMAN,KCNAB2,1909.11,38658.4,19053.4,16836.55,
Q13308-6,Q13308;Q13308-2;Q13308-3;Q13308-4;Q13308-5;Q13308-6,PTK7_HUMAN,PTK7,5531.7,,2699.185,11956.65,55524.4
Q13310-2;Q13310-3,Q13310;Q13310-2;Q13310-3,PABP4_HUMAN,PABPC4,,,20802.7,14325.8,6595.035
Q13315,Q13315,ATM_HUMAN,ATM,49322.39999999999,42976.6,152915.9,38986.1,
Q13316;Q13316-2,Q13316;Q13316-2,DMP1_HUMAN,DMP1,,17217.9,7337.27,7369.49,
Q13322;Q13322-2,Q13322;Q13322-4;Q13322-2;Q13322-3,GRB10_HUMAN,GRB10,,7159.19,,20959.6,
Q13325,Q13325;Q13325-2,IFIT5_HUMAN,IFIT5,,7029.19,11433.5,8565.035,
Q13330;Q13330-3,Q13330;Q13330-2;Q13330-3,MTA1_HUMAN,MTA1,,,,22589.3,
Q13332-2;Q13332-6,Q13332;Q13332-2;Q13332-3;Q13332-4;Q13332-5;Q13332-6;Q13332-7,PTPRS_HUMAN,PTPRS,6274.434999999999,,8771.03,8166.84,34787.6
Q13336,Q13336;Q13336-2,UT1_HUMAN,SLC14A1,,,13517.3,180756.0,55236.8
Q13336-2,Q13336-2,UT1_HUMAN,SLC14A1,,,,,
Q13342;Q13342-5,Q13342;Q13342-3;Q13342-5;Q13342-6,SP140_HUMAN,SP140,,,,,
Q13347,Q13347,EIF3I_HUMAN,EIF3I,,,5281.945,11166.1,
Q13356,Q13356;Q13356-2,PPIL2_HUMAN,PPIL2,,,3122.78,,
Q13361;Q13361-2,Q13361;Q13361-2,MFAP5_HUMAN,MFAP5,,24739.0,3056.5,8055.33,
Q13362-4,Q13362;Q13362-3;Q13362-4;Q13362-5,2A5G_HUMAN,PPP2R5C,,,,21080.6,
Q13362;Q13362-3,Q13362;Q13362-2;Q13362-3,2A5G_HUMAN,PPP2R5C,,,,,
Q13363,Q13363;Q13363-2,CTBP1_HUMAN,CTBP1,,,20585.6,10864.85,2469.25
Q13367;Q13367-4,Q13367;Q13367-3;Q13367-4,AP3B2_HUMAN,AP3B2,,,,,
Q13370;Q13370-2,Q13370;Q13370-2,PDE3B_HUMAN,PDE3B,,,,,
Q13371,Q13371;Q13371-2,PHLP_HUMAN,PDCL,,,113115.0,,
Q13393,Q13393;Q13393-2;Q13393-4,PLD1_HUMAN,PLD1,,261959.0,,11686.5,44780.0
Q13395,Q13395,TARB1_HUMAN,TARBP1,,,,2279.48,
Q13404-1,A5PLL7;A5PLL7-2;Q13404-1,UB2V1_HUMAN,UBE2V1,,,,5829.65,
Q13405,Q13405,RM49_HUMAN,MRPL49,,,,,
Q13409-3,Q13409-3;Q13409-6;Q13409-7,DC1I2_HUMAN,DYNC1I2,,24292.95,8009.045,10748.7,2600.475
Q13416,Q13416,ORC2_HUMAN,ORC2,,,,,
Q13418,Q13418,ILK_HUMAN,ILK,4953.26,,486202.0,1259600.0,192874.0
Q13421;Q13421-2;Q13421-3;Q13421-4,Q13421;Q13421-2;Q13421-3;Q13421-4,MSLN_HUMAN,MSLN,4208.27,,3824.655,10886.1,8459.35
Q13422,Q13422;Q13422-7;Q13422-2;Q13422-3;Q13422-4;Q13422-5;Q13422-6,IKZF1_HUMAN,IKZF1,,,,,
Q13423,Q13423,NNTM_HUMAN,NNT,,23579.5,66094.5,198473.0,78959.9
Q13424;Q13424-2,Q13424;Q13424-2,SNTA1_HUMAN,SNTA1,,,,,
Q13425,Q13425,SNTB2_HUMAN,SNTB2,,,,8831.93,
Q13426,Q13426;Q13426-2;Q13426-3,XRCC4_HUMAN,XRCC4,,,,,
Q13427,Q13427;Q13427-2,PPIG_HUMAN,PPIG,6586.41,,,,
Q13428-3;Q13428-8,Q13428;Q13428-2;Q13428-3;Q13428-4;Q13428-6;Q13428-7;Q13428-8,TCOF_HUMAN,TCOF1,,,21543.75,,203261.85
Q13428-6,Q13428;Q13428-2;Q13428-4;Q13428-6,TCOF_HUMAN,TCOF1,,,,,
Q13432,Q13432;Q13432-2,U119A_HUMAN,UNC119,,,,,
Q13433,Q13433,S39A6_HUMAN,SLC39A6,,39999.8,,16839.3,
Q13435,Q13435,SF3B2_HUMAN,SF3B2,,29701.7,10381.5,25441.9,10896.3
Q13438,Q13438;Q13438-2;Q13438-3;Q13438-4;Q13438-5;Q13438-6;Q13438-7,OS9_HUMAN,OS9,,,23823.3,36619.0,
Q13439;Q13439-4,Q13439;Q13439-3;Q13439-4;Q13439-5,GOGA4_HUMAN,GOLGA4,,28786.2,112998.0,48617.2,
Q13442,Q13442,HAP28_HUMAN,PDAP1,,65858.1,18828.85,58199.0,57903.3
Q13443,Q13443;Q13443-2,ADAM9_HUMAN,ADAM9,,86256.9,17339.05,29469.4,26148.05
Q13444-6;Q13444-7,Q13444;Q13444-2;Q13444-10;Q13444-12;Q13444-13;Q13444-3;Q13444-4;Q13444-5;Q13444-6;Q13444-7;Q13444-8;Q13444-9,ADA15_HUMAN,ADAM15,,,,,
Q13445,Q13445,TMED1_HUMAN,TMED1,,,5449.215,7685.26,5081.95
Q13449,Q13449,LSAMP_HUMAN,LSAMP,3288.335,544385.0,16493.0,11611.8,
Q13451,Q13451,FKBP5_HUMAN,FKBP5,16163.9,,31683.0,33380.35000000001,428433.25
Q13459,Q13459;Q13459-2,MYO9B_HUMAN,MYO9B,,,11188.1,46049.1,18619.45
Q13464,Q13464,ROCK1_HUMAN,ROCK1,,,26466.7,73594.4,33543.55
Q13469;Q13469-4,Q13469;Q13469-2;Q13469-3;Q13469-4;Q13469-5,NFAC2_HUMAN,NFATC2,,,158666.8,22970.4,
Q13472-3,Q13472;Q13472-2;Q13472-3,TOP3A_HUMAN,TOP3A,,,14860.6,,
Q13474;Q13474-2,Q13474;Q13474-2,DRP2_HUMAN,DRP2,7463.69,,28964.4,13364.1,182800.0
Q13477;Q13477-2;Q13477-3,Q13477;Q13477-2;Q13477-3,MADCA_HUMAN,MADCAM1,9166.395,91241.2,273531.0,192526.0,20110.5
Q13478,Q13478,IL18R_HUMAN,IL18R1,,,8391.31,12315.2,
Q13480-2,Q13480;Q13480-2,GAB1_HUMAN,GAB1,,,15482.3,13707.8,4302.35
Q13485,Q13485,SMAD4_HUMAN,SMAD4,,,1663.76,5979.31,
Q13488,Q13488,VPP3_HUMAN,TCIRG1,,,,111024.0,
Q13489,Q13489,BIRC3_HUMAN,BIRC3,,,,,
Q13490,Q13490,BIRC2_HUMAN,BIRC2,,,,12186.9,
Q13491-4,Q13491;Q13491-2;Q13491-3;Q13491-4,GPM6B_HUMAN,GPM6B,,,10494.7,,
Q13492;Q13492-2;Q13492-3;Q13492-5,Q13492;Q13492-2;Q13492-3;Q13492-4;Q13492-5,PICAL_HUMAN,PICALM,,32144.5,17148.8,28113.0,10404.6
Q13496,Q13496;Q13496-2,MTM1_HUMAN,MTM1,,,31708.2,42567.6,
Q13501,Q13501;Q13501-2,SQSTM_HUMAN,SQSTM1,,10222.725,7910.2,17930.0,3227.7
Q13503,Q13503,MED21_HUMAN,MED21,,,,,
Q13505;Q13505-3,Q13505;Q13505-2;Q13505-3,MTX1_HUMAN,MTX1,,,,7238.43,4914.43
Q13508,Q13508;Q13508-2;Q13508-3,NAR3_HUMAN,ART3,2807.78,135141.0,,,
Q13509,Q13509;Q13509-2,TBB3_HUMAN,TUBB3,,,,,
Q13510;Q13510-2,Q13510;Q13510-2;Q13510-3,ASAH1_HUMAN,ASAH1,16521.5,,24401.8,60320.1,19378.5
Q13523,Q13523,PRP4B_HUMAN,PRPF4B,40288.2,21838.7,,,20883.35
Q13526,Q13526,PIN1_HUMAN,PIN1,,,,14509.0,
Q13535;Q13535-2;Q13535-3,Q13535;Q13535-2;Q13535-3,ATR_HUMAN,ATR,,,,,2272.69
Q13541,Q13541,4EBP1_HUMAN,EIF4EBP1,,8113.434999999999,,,
Q13542,Q13542,4EBP2_HUMAN,EIF4EBP2,,,,,
Q13546,Q13546;Q13546-2,RIPK1_HUMAN,RIPK1,,,,16740.3,4671.33
Q13547,Q13547,HDAC1_HUMAN,HDAC1,,196484.0,,,
Q13555-9,Q13555;Q13555-5;Q13555-10;Q13555-11;Q13555-2;Q13555-3;Q13555-4;Q13555-6;Q13555-7;Q13555-8;Q13555-9,KCC2G_HUMAN,CAMK2G,,,,10179.0,8105.88
Q13557;Q13557-10;Q13557-11;Q13557-12;Q13557-6;Q13557-8,Q13557;Q13557-8;Q13557-10;Q13557-11;Q13557-12;Q13557-3;Q13557-4;Q13557-5;Q13557-6;Q13557-9,KCC2D_HUMAN,CAMK2D,,,4973.16,24577.0,8441.965
Q13561;Q13561-2;Q13561-3,Q13561;Q13561-2;Q13561-3,DCTN2_HUMAN,DCTN2,,,90721.7,100086.0,18718.3
Q13563;Q13563-3,Q13563;Q13563-2;Q13563-3;Q13563-4;Q13563-5,PKD2_HUMAN,PKD2,,,,,
Q13564;Q13564-2;Q13564-4,Q13564;Q13564-2;Q13564-3;Q13564-4,ULA1_HUMAN,NAE1,,264936.0,28796.5,47961.35,
Q13568,Q13568;Q13568-2;Q13568-3;Q13568-4;Q13568-5;Q13568-6,IRF5_HUMAN,IRF5,,,,,
Q13569,Q13569,TDG_HUMAN,TDG,,,,,
Q13571,Q13571,LAPM5_HUMAN,LAPTM5,,,,,
Q13572,Q13572;Q13572-2,ITPK1_HUMAN,ITPK1,,,,,
Q13573,Q13573,SNW1_HUMAN,SNW1,2890.04,,,,
Q13574-1,Q13574;Q13574-1;Q13574-3;Q13574-4;Q13574-5;Q13574-6;Q13574-7,DGKZ_HUMAN,DGKZ,,,19313.44,10788.845,5366.67
Q13576,Q13576;Q13576-2;Q13576-3,IQGA2_HUMAN,IQGAP2,950828.125,,93556.2,262689.0,57815.2
Q13586,Q13586;Q13586-2,STIM1_HUMAN,STIM1,,151091.0,85677.7,151622.0,57655.3
Q13588,Q13588,GRAP_HUMAN,GRAP,,35354.8,,,
Q13595;Q13595-2;Q13595-3;Q13595-4,Q13595;Q13595-2;Q13595-3;Q13595-4,TRA2A_HUMAN,TRA2A,,,,,
Q13596,Q13596;Q13596-2;Q13596-3,SNX1_HUMAN,SNX1,,,12662.8,19073.45,3634.68
Q13601;Q13601-2,Q13601;Q13601-2,KRR1_HUMAN,KRR1,,,,,
Q13608,Q13608;Q13608-2;Q13608-3,PEX6_HUMAN,PEX6,1084.54,,,7541.26,1894.29
Q13609,Q13609;Q13609-2,DNSL3_HUMAN,DNASE1L3,,,11234.1,,17305.4
Q13610,Q13610,PWP1_HUMAN,PWP1,,112485.0,15456.75,,
Q13613,Q13613;Q13613-2,MTMR1_HUMAN,MTMR1,,,,15886.7,
Q13614-2,Q13614;Q13614-2,MTMR2_HUMAN,MTMR2,,79269.5,30000.4,34249.6,
Q13615;Q13615-2;Q13615-3,Q13615;Q13615-2;Q13615-3,MTMR3_HUMAN,MTMR3,,,,11823.1,
Q13616,Q13616,CUL1_HUMAN,CUL1,,,15901.6,48705.0,8859.64
Q13617;Q13617-2,Q13617;Q13617-2,CUL2_HUMAN,CUL2,,,25313.6,34112.8,12595.5
Q13618,Q13618;Q13618-2,CUL3_HUMAN,CUL3,,107248.0,20925.1,55638.7,11516.3
Q13619,Q13619,CUL4A_HUMAN,CUL4A,7030.86,,13341.15,34662.9,58036.4
Q13620;Q13620-1,Q13620;Q13620-1;Q13620-3,CUL4B_HUMAN,CUL4B,,,15103.32,10753.15,
Q13625;Q13625-2;Q13625-3,Q13625;Q13625-3;Q13625-2,ASPP2_HUMAN,TP53BP2,,,,,
Q13627;Q13627-2,Q13627;Q9Y463;Q13627-2;Q13627-3;Q13627-4;Q13627-5;Q9Y463-2;Q9Y463-3,DYR1A_HUMAN,DYRK1A,,,8195.72,24821.75,24960.0
Q13630,Q13630,FCL_HUMAN,GFUS,2762.765,,62973.4,67990.4,5793.54
Q13636,Q13636;Q9UL26,RAB31_HUMAN,RAB31,,,12921.2,49776.0,15269.9
Q13637,Q13637,RAB32_HUMAN,RAB32,,,40115.5,209633.0,46851.0
Q13642-1;Q13642-4;Q13642-5,Q13642;Q13642-1;Q13642-3;Q13642-4;Q13642-5,FHL1_HUMAN,FHL1,27973.95,481894.0,309183.0,1018160.0,135117.0
Q13642;Q13642-3,Q13642;Q13642-3,FHL1_HUMAN,FHL1,,,,,
Q13643,Q13643,FHL3_HUMAN,FHL3,,,2968.44,16704.9,
Q13671;Q13671-2,Q13671;Q13671-2,RIN1_HUMAN,RIN1,,,,,
Q13683;Q13683-3;Q13683-7;Q13683-9,Q13683;Q13683-10;Q13683-13;Q13683-3;Q13683-7;Q13683-9,ITA7_HUMAN,ITGA7,546.15,308840.0,8180.68,3002.295,2953.04
Q13685,Q13685,AAMP_HUMAN,AAMP,,,,,
Q13686,Q13686,ALKB1_HUMAN,ALKBH1,,,5724.68,2904.09,28391.9
Q13724,Q13724;Q13724-2,MOGS_HUMAN,MOGS,,218556.0,11180.6,67609.9,16296.6
Q13740-2,Q13740;Q13740-2;Q13740-3,CD166_HUMAN,ALCAM,20160.8,790893.0,81174.8,31179.85,13505.9
Q13751,Q13751,LAMB3_HUMAN,LAMB3,,,,,
Q13753;Q13753-2,Q13753;Q13753-2,LAMC2_HUMAN,LAMC2,,,,,
Q13761;Q13761-2,Q13761;Q13761-2,RUNX3_HUMAN,RUNX3,,,1054840.0,,
Q13769,Q13769,THOC5_HUMAN,THOC5,,,,,36874.6
Q13790,Q13790,APOF_HUMAN,APOF,160020.0,654547.0,1899810.0,5364560.0,759902.0
Q13795;Q13795-2,Q13795;Q13795-2;Q13795-3,ARFRP_HUMAN,ARFRP1,,,,11730.1,
Q13797,Q13797,ITA9_HUMAN,ITGA9,,,2778.96,15343.4,3199.8
Q13813;Q13813-2;Q13813-3,Q13813;Q13813-2;Q13813-3,SPTN1_HUMAN,SPTAN1,53614.4,1868770.0,18156.0,44108.6,58786.1
Q13822;Q13822-3,Q13822;Q13822-3,ENPP2_HUMAN,ENPP2,84617.5,44284.9,129032.0,196093.5,950217.0
Q13823,Q13823,NOG2_HUMAN,GNL2,,,2938.575,,8048.72
Q13825,Q13825,AUHM_HUMAN,AUH,,,11654.8,14953.1,8191.83
Q13835;Q13835-2,Q13835;Q13835-2,PKP1_HUMAN,PKP1,,33780.7,25275.7,34803.6,14434.2
Q13838;Q13838-2,Q13838;Q13838-2,DX39B_HUMAN,DDX39B,,,4418.13,,7420.19
Q13867,Q13867,BLMH_HUMAN,BLMH,6846.37,58936.6,45552.2,172049.0,51861.7
Q13868,Q13868;Q13868-2;Q13868-3,EXOS2_HUMAN,EXOSC2,,,,,
Q13882,Q13882;Q13882-2,PTK6_HUMAN,PTK6,,,,,4505.99
Q13884,Q13884,SNTB1_HUMAN,SNTB1,17718.5,,22027.3,49850.5,10691.8
Q13885,Q13885,TBB2A_HUMAN,TUBB2A,,,,,
Q13888;Q6P1K8,Q13888;Q6P1K8,T2H2L_HUMAN;TF2H2_HUMAN,GTF2H2;GTF2H2C,,,,,
Q13889;Q13889-2,Q13889;Q13889-2,TF2H3_HUMAN,GTF2H3,,,,,
Q13895,Q13895,BYST_HUMAN,BYSL,,,,,
Q13905;Q13905-3;Q13905-4,Q13905;Q13905-2;Q13905-3;Q13905-4,RPGF1_HUMAN,RAPGEF1,,,,27883.1,
Q13907,Q13907;Q13907-2,IDI1_HUMAN,IDI1,,,,5277.455,
Q13948,Q13948;P39880-9;Q13948-10;Q13948-2;Q13948-9,CASP_HUMAN,CUX1,,,,24440.15,55794.2
Q13950;Q13950-2;Q13950-3,Q13950;Q13950-2;Q13950-3,RUNX2_HUMAN,RUNX2,,,,,
Q13951,Q13951,PEBB_HUMAN,CBFB,,,,,
Q13951-2,Q13951;Q13951-2,PEBB_HUMAN,CBFB,,,,,
Q13952,Q13952;Q13952-3,NFYC_HUMAN,NFYC,,,,,5617.05
Q13976-2,Q13976;Q13976-2;Q13976-3,KGP1_HUMAN,PRKG1,,,20262.15,56879.9,12400.3
Q14002,Q14002,CEAM7_HUMAN,CEACAM7,46783.0,,82286.2,,57068.45
Q14004,Q14004;Q14004-2,CDK13_HUMAN,CDK13,,,,,
Q14005;Q14005-2,Q14005;Q14005-2;Q14005-3;Q14005-4,IL16_HUMAN,IL16,,,8636.34,17574.9,10439.575
Q14008,Q14008;Q14008-2;Q14008-3,CKAP5_HUMAN,CKAP5,,306974.0,51988.4,136101.0,34279.2
Q14011,Q14011;Q14011-2,CIRBP_HUMAN,CIRBP,,,,5051.99,6122.64
Q14012,Q14012,KCC1A_HUMAN,CAMK1,,93038.6,20758.1,125569.0,8817.904999999999
Q14019,Q14019,COTL1_HUMAN,COTL1,,,15001.7,51797.5,6020.835
Q14061,Q14061,COX17_HUMAN,COX17,,,,,
Q14088,Q14088,RB33A_HUMAN,RAB33A,,,21723.0,44719.0,21404.8
Q14103;Q14103-2;Q14103-3;Q14103-4,Q14103;Q14103-4;Q14103-2;Q14103-3,HNRPD_HUMAN,HNRNPD,,,,11144.1,18411.3
Q14108,Q14108;Q14108-2,SCRB2_HUMAN,SCARB2,,29320.05,9430.765,31801.4,
Q14112,Q14112;Q14112-2,NID2_HUMAN,NID2,1577.585,90316.6,46827.9,31792.3,8463.99
Q14114,Q14114;Q14114-3;Q14114-2;Q14114-4,LRP8_HUMAN,LRP8,,,48730.55,,
Q14116,Q14116;Q14116-2,IL18_HUMAN,IL18,,,11272.44,53545.8,
Q14118,Q14118,DAG1_HUMAN,DAG1,41012.1,85012.95,65487.9,33591.3,14366.9
Q14119,Q14119,VEZF1_HUMAN,VEZF1,,,,,
Q14126,Q14126,DSG2_HUMAN,DSG2,19361.4,23165.7,83865.5,32167.3,31275.4
Q14134,Q14134;Q14134-2,TRI29_HUMAN,TRIM29,,,,,13630.05
Q14135,Q14135;Q14135-2;Q14135-4;Q14135-5;Q14135-6,VGLL4_HUMAN,VGLL4,,,,,
Q14137,Q14137;Q14137-2,BOP1_HUMAN,BOP1,,,,34153.3,
Q14139;Q14139-2,Q14139;Q14139-2,UBE4A_HUMAN,UBE4A,,,3514.12,11113.4,2476.93
Q14141;Q14141-2;Q14141-4,Q14141;Q14141-2;Q14141-3;Q14141-4,SEPT6_HUMAN,SEPTIN6,,,31568.3,98614.8,13613.4
Q14142,Q14142;Q14142-2;Q14142-3;Q14142-4,TRI14_HUMAN,TRIM14,,,,,
Q14145,Q14145,KEAP1_HUMAN,KEAP1,,,,,
Q14146,Q14146,URB2_HUMAN,URB2,,,100868.0,18518.4,
Q14147,Q14147,DHX34_HUMAN,DHX34,,,,,75115.1
Q14149,Q14149,MORC3_HUMAN,MORC3,,,,,19159.2
Q14151,Q14151,SAFB2_HUMAN,SAFB2,,,,,
Q14152,Q14152;Q14152-2,EIF3A_HUMAN,EIF3A,,,10613.175,31578.9,13374.8
Q14155-1,Q14155;Q14155-1;Q14155-2;Q14155-3;Q14155-5;Q14155-6,ARHG7_HUMAN,ARHGEF7,80748.5,,39093.39999999999,86560.15,19862.5
Q14155;Q14155-2;Q14155-3,Q14155;Q14155-2;Q14155-3,ARHG7_HUMAN,ARHGEF7,,,,,
Q14156,Q14156;Q14156-2;Q14156-3,EFR3A_HUMAN,EFR3A,3463.07,,10905.0,35314.1,18647.3
Q14157;Q14157-5,Q14157;Q14157-1;Q14157-3;Q14157-4;Q14157-5,UBP2L_HUMAN,UBAP2L,,,4219.54,9011.96,6934.440000000001
Q14160,Q14160;Q14160-2;Q14160-3,SCRIB_HUMAN,SCRIB,,,,13905.0,4871.245
Q14161,Q14161;Q14161-10;Q14161-11;Q14161-2;Q14161-3;Q14161-4;Q14161-5;Q14161-6;Q14161-7;Q14161-8;Q14161-9,GIT2_HUMAN,GIT2,,,9176.76,13323.1,9148.56
Q14162;Q14162-2,Q14162;Q14162-2,SREC_HUMAN,SCARF1,2537.42,,5227.219999999999,13938.75,1564.59
Q14164;Q14164-2,Q14164;Q14164-2,IKKE_HUMAN,IKBKE,,,5342.75,13109.7,
Q14165,Q14165,MLEC_HUMAN,MLEC,,,23812.9,144423.0,45299.7
Q14166,Q14166,TTL12_HUMAN,TTLL12,,,32526.2,46504.7,
Q14181,Q14181,DPOA2_HUMAN,POLA2,,15613.7,,,
Q14185,Q14185,DOCK1_HUMAN,DOCK1,,,14936.205,35012.65,
Q14186,Q14186,TFDP1_HUMAN,TFDP1,,,,,
Q14191,Q14191,WRN_HUMAN,WRN,,,,,
Q14192,Q14192,FHL2_HUMAN,FHL2,,,,28721.9,
Q14194,Q14194,DPYL1_HUMAN,CRMP1,,,6346.425,,
Q14194-2,Q14194-2,DPYL1_HUMAN,CRMP1,,,,,
Q14195-2,Q14195;Q14195-2,DPYL3_HUMAN,DPYSL3,946.431,,7589.39,11859.975,8810.925
Q14197,Q14197,ICT1_HUMAN,MRPL58,,,,15735.4,
Q14202;Q14202-2,Q14202;Q14202-2;Q14202-3,ZMYM3_HUMAN,ZMYM3,,,,,
Q14203;Q14203-6,Q14203;Q14203-5;Q14203-2;Q14203-3;Q14203-4;Q14203-6,DCTN1_HUMAN,DCTN1,31764.7,,51657.1,128628.0,28855.7
Q14204,Q14204,DYHC1_HUMAN,DYNC1H1,,86457.9,15813.85,55618.5,22015.2
Q14207,Q14207,NPAT_HUMAN,NPAT,,,,16612.0,
Q14232,Q14232,EI2BA_HUMAN,EIF2B1,,60291.9,10646.76,21531.6,12215.0
Q14240,Q14240;Q14240-2,IF4A2_HUMAN,EIF4A2,,,10129.4,57473.14999999999,
Q14240-2,Q14240-2,IF4A2_HUMAN,EIF4A2,,,,,
Q14241,Q14241,ELOA1_HUMAN,ELOA,,,,,
Q14242;Q14242-2,Q14242;Q14242-2,SELPL_HUMAN,SELPLG,,54542.2,32055.2,30000.4,
Q14244;Q14244-3;Q14244-5;Q14244-6;Q14244-7,Q14244;Q14244-2;Q14244-3;Q14244-4;Q14244-5;Q14244-6;Q14244-7,MAP7_HUMAN,MAP7,4211.74,3272.81,5557.465,,9534.27
Q14246;Q14246-2;Q14246-3;Q14246-4;Q14246-5,Q14246;Q14246-2;Q14246-3;Q14246-4;Q14246-5,AGRE1_HUMAN,ADGRE1,,13086.65,,7103.28,
Q14247,Q14247;Q14247-2;Q14247-3,SRC8_HUMAN,CTTN,540307.485,56076.75,133274.0,300386.0,18453.5
Q14249,Q14249,NUCG_HUMAN,ENDOG,,,,,
Q14254,Q14254,FLOT2_HUMAN,FLOT2,,,32071.8,228379.0,50682.8
Q14257;Q14257-2,Q14257;Q14257-2,RCN2_HUMAN,RCN2,,,18513.0,3579.17,
Q14258,Q14258,TRI25_HUMAN,TRIM25,,,9356.654999999999,23768.0,9223.744999999999
Q14289-2,Q14289;Q14289-2,FAK2_HUMAN,PTK2B,38562.0,,21641.8,55056.0,23704.6
Q14314,Q14314,FGL2_HUMAN,FGL2,1128.63,95208.4,2064.0,15316.7,
Q14315;Q14315-2,Q14315;Q14315-2,FLNC_HUMAN,FLNC,252078.0,427013.0,223022.0,1417875.0,209922.0
Q14318-2,Q14318-2,FKBP8_HUMAN,FKBP8,,,,19330.5,6270.65
Q14320,Q14320;Q9Y247,FA50A_HUMAN,FAM50A,,,,,
Q14331,Q14331,FRG1_HUMAN,FRG1,,,,,
Q14344,Q14344;Q14344-2,GNA13_HUMAN,GNA13,,,66432.3,204056.0,26196.6
Q14353,Q14353,GAMT_HUMAN,GAMT,,,,34041.8,
Q14376,Q14376;Q14376-2,GALE_HUMAN,GALE,,54259.45,,32338.3,3025.99
Q14392,Q14392,LRC32_HUMAN,LRRC32,9057.82,,16378.8,38467.05,14824.0
Q14393,Q14393;Q14393-1,GAS6_HUMAN,GAS6,11858.65,23622.3,825178.0,296695.0,344221.0
Q14410,Q14410,GLPK2_HUMAN,GK2,,,,12277.75,
Q14416,Q14416,GRM2_HUMAN,GRM2,,113052.0,,,
Q14432,Q14432,PDE3A_HUMAN,PDE3A,35134.02,18990.7,59644.0,139658.0,28241.3
Q14435,Q14435,GALT3_HUMAN,GALNT3,,63383.9,,23235.0,7059.98
Q14442,Q14442,PIGH_HUMAN,PIGH,,,,45883.45,30403.6
Q14444;Q14444-2,Q14444;Q14444-2,CAPR1_HUMAN,CAPRIN1,,,,10801.5,
Q14451;Q14451-3,Q14451;Q14451-3;Q14451-2,GRB7_HUMAN,GRB7,,,,,
Q14457,Q14457,BECN1_HUMAN,BECN1,,,,13369.0,
Q14498;Q14498-2,Q14498;Q14498-3;Q14498-2,RBM39_HUMAN,RBM39,,,,,
Q14508;Q14508-2;Q14508-3,Q14508;Q14508-2;Q14508-3,WFDC2_HUMAN,WFDC2,,12554.7,2999.305,,
Q14511;Q14511-3,Q14511;Q14511-3,CASL_HUMAN,NEDD9,,,,5175.38,
Q14512,Q14512,FGFP1_HUMAN,FGFBP1,,17537.4,,,
Q14515,Q14515;Q14515-2,SPRL1_HUMAN,SPARCL1,17461.4,510825.0,2692840.0,122735.0,15398.6
Q14517,Q14517,FAT1_HUMAN,FAT1,48890.25,53405.8,58737.1,28877.2,8079.03
Q14520;Q14520-2,Q14520;Q14520-2,HABP2_HUMAN,HABP2,233942.0,29574.0,49091900.0,4834080.0,21749000.0
Q14525,Q14525;Q15323,KT33B_HUMAN,KRT33B,1039.83,,,75637.15,12039.1
Q14527,Q14527;Q14527-2,HLTF_HUMAN,HLTF,,,,,
Q14533,O43790;P78385;Q14533,KRT81_HUMAN,KRT81,,,,3925.28,5804.96
Q14534,Q14534,ERG1_HUMAN,SQLE,14040.9,,,,
Q14554,Q14554,PDIA5_HUMAN,PDIA5,3438.8,26336.8,25334.7,79750.1,24894.9
Q14558-2,Q14558;Q14558-2,KPRA_HUMAN,PRPSAP1,,,11782.3,21779.5,11875.1
Q14562,Q14562,DHX8_HUMAN,DHX8,,,,,
Q14566,Q14566,MCM6_HUMAN,MCM6,,33284.35,,,
Q14571,Q14571,ITPR2_HUMAN,ITPR2,16584.8,16453.6,18335.2,24056.0,13899.45
Q14573,Q14573,ITPR3_HUMAN,ITPR3,,,,32533.6,12386.8
Q14574,Q02487;Q14574;Q02487-2;Q14574-2,DSC3_HUMAN,DSC3,5138.65,33590.4,,42318.7,52708.5
Q14576;Q14576-2,Q14576;Q14576-2,ELAV3_HUMAN,ELAVL3,,,,,
Q14596;Q14596-2,Q14596;Q14596-2,NBR1_HUMAN,NBR1,,,,,
Q14623,Q14623,IHH_HUMAN,IHH,6442.0,,32106.9,176282.0,22260.7
Q14624,Q14624,ITIH4_HUMAN,ITIH4,2551250.0,975214.0,727258.0,1596390.0,11990300.0
Q14624-2,Q14624-2,ITIH4_HUMAN,ITIH4,4974.22,,,8817.9,46725.9
Q14642,Q14642,I5P1_HUMAN,INPP5A,,,26214.6,42645.5,12756.3
Q14643;Q14643-2;Q14643-3;Q14643-4;Q14643-5;Q14643-6;Q14643-7;Q14643-8,Q14571;Q14643;Q14643-2;Q14643-3;Q14643-4;Q14643-5;Q14643-6;Q14643-7;Q14643-8,ITPR1_HUMAN,ITPR1,84604.8,29314.3,25484.0,104227.0,51086.2
Q14644,Q14644;Q14644-2,RASA3_HUMAN,RASA3,,,49586.1,165560.0,28004.1
Q14651,Q14651,PLSI_HUMAN,PLS1,3757.31,,,14861.79,
Q14653,Q14653;Q14653-4,IRF3_HUMAN,IRF3,,,,,
Q14657,Q14657,LAGE3_HUMAN,LAGE3,,,,7295.37,
Q14667,Q14667;Q14667-2,BLTP2_HUMAN,BLTP2,35552.855,66284.8,43008.2,20651.8,12759.2
Q14669-2,Q14669;Q14669-2;Q14669-3;Q14669-4,TRIPC_HUMAN,TRIP12,,,,110697.0,
Q14669-3,Q14669-3,TRIPC_HUMAN,TRIP12,,,,,
Q14671,Q14671;Q14671-2;Q14671-3;Q14671-4,PUM1_HUMAN,PUM1,,,,,
Q14676;Q14676-2,Q14676;Q14676-2;Q14676-3;Q14676-4,MDC1_HUMAN,MDC1,,109531.0,,,23324.2
Q14677,Q14677,EPN4_HUMAN,CLINT1,,,,,
Q14677-3,Q14677;Q14677-2;Q14677-3,EPN4_HUMAN,CLINT1,,,42340.9,109598.0,23067.9
Q14678;Q14678-2,Q14678;Q14678-2,KANK1_HUMAN,KANK1,,,,,
Q14681,Q14681,KCTD2_HUMAN,KCTD2,,,,,
Q14683,Q14683,SMC1A_HUMAN,SMC1A,,,16215.0,63627.6,
Q14684,Q14684;Q14684-2,RRP1B_HUMAN,RRP1B,,,,,
Q14686,Q14686,NCOA6_HUMAN,NCOA6,,,,73518.35,
Q14689;Q14689-6,Q14689;Q14689-6;Q9Y2E4,DIP2A_HUMAN,DIP2A,,,2547.85,13631.35,
Q14690,Q14690,RRP5_HUMAN,PDCD11,703.164,,148917.95,58043.3,
Q14691,Q14691,PSF1_HUMAN,GINS1,,,,,
Q14692,Q14692,BMS1_HUMAN,BMS1,,,,,
Q14694;Q14694-2;Q14694-3,Q14694;Q14694-2;Q14694-3,UBP10_HUMAN,USP10,,,,43461.45,710478.0
Q14696,Q14696,MESD_HUMAN,MESD,,15532.8,,33320.4,31224.9
Q14697-2,Q14697;Q14697-2,GANAB_HUMAN,GANAB,6799.52,6114.45,109962.0,277544.0,27282.9
Q14699,Q14699,RFTN1_HUMAN,RFTN1,,,12852.55,36646.9,4738.64
Q14722-2,Q14722;Q14722-2;Q14722-3,KCAB1_HUMAN,KCNAB1,,,,,
Q14728,Q14728,MFS10_HUMAN,MFSD10,,,,6162.995000000001,
Q14738,Q14738;Q14738-2,2A5D_HUMAN,PPP2R5D,5885.22,,,57433.45,26796.9
Q14739,Q14739,LBR_HUMAN,LBR,,,5701.76,9359.645,5321.22
Q14746,Q14746;Q14746-2,COG2_HUMAN,COG2,,,12981.4,15128.2,
Q14761,Q14761,PTCA_HUMAN,PTPRCAP,,,15478.2,75077.7,26564.2
Q14764,Q14764,MVP_HUMAN,MVP,,101759.0,37928.15,68848.5,28872.45
Q14765,Q14765,STAT4_HUMAN,STAT4,,,,18227.35,7238.61
Q14766,Q14766;Q14766-2;Q14766-3;Q14766-4;Q14766-5,LTBP1_HUMAN,LTBP1,6480.88,161794.0,661036.0,941147.0,196236.0
Q14766-5,Q14766-4;Q14766-5,LTBP1_HUMAN,LTBP1,,,4558.27,7737.73,
Q14767,Q14767,LTBP2_HUMAN,LTBP2,1772.2,241222.0,39991.2,52197.1,83054.5
Q14773;Q14773-2,Q14773;Q14773-2,ICAM4_HUMAN,ICAM4,,9841.0,7936.89,52223.05,13140.3
Q14789-2,Q14789;Q14789-2;Q14789-3;Q14789-4,GOGB1_HUMAN,GOLGB1,,48201.7,11427.0,20504.8,24268.9
Q14790-9,Q14790;Q14790-7;Q14790-9;Q14790-2;Q14790-3;Q14790-4;Q14790-5;Q14790-6;Q14790-8,CASP8_HUMAN,CASP8,,,,15217.2,
Q147X3;Q147X3-2,Q147X3;Q147X3-2,NAA30_HUMAN,NAA30,,,,,
Q14807;Q14807-2,Q14807;Q14807-2,KIF22_HUMAN,KIF22,,,,,
Q14814;Q14814-4,Q02078;Q06413;Q14814;Q02078-5;Q02078-2;Q02078-3;Q02078-4;Q02078-6;Q06413-2;Q06413-3;Q06413-4;Q06413-5;Q06413-6;Q14814-2;Q14814-3;Q14814-4;Q14814-5;Q14814-6,MEF2D_HUMAN,MEF2D,,,,,
Q14839;Q14839-2,Q14839;Q14839-2,CHD4_HUMAN,CHD4,,,17824.1,137774.0,
Q14847,Q14847;Q14847-2;Q14847-3,LASP1_HUMAN,LASP1,,57838.8,246358.0,511458.0,42089.75
Q14849;Q14849-2,Q14849;Q14849-2,STAR3_HUMAN,STARD3,,,,,
Q14894,Q14894,CRYM_HUMAN,CRYM,,,1860.365,10375.1,
Q14914;Q14914-2,Q14914;Q14914-2,PTGR1_HUMAN,PTGR1,,13510.4,,9478.465,
Q14919;Q14919-2,Q14919;Q14919-2,NC2A_HUMAN,DRAP1,,,,22869.5,
Q14956;Q14956-2,Q14956;Q14956-2,GPNMB_HUMAN,GPNMB,23395.9,2421390.0,454760.0,123180.0,103018.0
Q14964,Q14964,RB39A_HUMAN,RAB39A,,,,,
Q14966-6,Q14966-6,ZN638_HUMAN,ZNF638,,,,,
Q14966;Q14966-3,Q14966;Q14966-2;Q14966-3;Q14966-4;Q14966-6,ZN638_HUMAN,ZNF638,,,,,2358.4
Q14974,Q14974;Q14974-2,IMB1_HUMAN,KPNB1,,,50833.9,109292.0,9742.08
Q14978-3,Q14978;Q14978-2;Q14978-3,NOLC1_HUMAN,NOLC1,,66236.2,,,
Q14980,Q14980;Q14980-2;Q14980-5,NUMA1_HUMAN,NUMA1,,,10342.4,9467275.4,9809.615
Q14982-3,Q14982;Q14982-2;Q14982-3;Q14982-4,OPCM_HUMAN,OPCML,,56345.9,,,
Q14997,Q14997;Q14997-2;Q14997-3,PSME4_HUMAN,PSME4,,,29711.9,21160.7,4525.47
Q14999;Q14999-2,Q14999;Q14999-2,CUL7_HUMAN,CUL7,,,,16727.8,
Q149N8;Q149N8-4,Q149N8;Q149N8-2;Q149N8-4,SHPRH_HUMAN,SHPRH,,,,,
Q14BN4,Q14BN4;Q14BN4-6;Q14BN4-7,SLMAP_HUMAN,SLMAP,,,,,
Q14BN4-3,Q14BN4;Q14BN4-2;Q14BN4-3;Q14BN4-6;Q14BN4-7,SLMAP_HUMAN,SLMAP,,69888.75,25864.1,81223.4,28386.05
Q14BN4-8,Q14BN4-8,SLMAP_HUMAN,SLMAP,,,,,
Q14C86-6,Q14C86;Q14C86-2;Q14C86-3;Q14C86-4;Q14C86-5;Q14C86-6,GAPD1_HUMAN,GAPVD1,301966.0,,67928.8,119913.0,34638.6
Q14CN2,Q14CN2,CLCA4_HUMAN,CLCA4,,,,,
Q14CN4,Q14CN4;Q14CN4-2;Q14CN4-3,K2C72_HUMAN,KRT72,,,,,
Q14CS0,Q14CS0,UBX2B_HUMAN,UBXN2B,,,,,
Q14CW9;Q14CW9-2,Q14CW9;Q14CW9-2,AT7L3_HUMAN,ATXN7L3,,,,,
Q14CX7,Q14CX7;Q14CX7-2,NAA25_HUMAN,NAA25,5828.56,,77294.4,16418.05,5876.52
Q14D04;Q14D04-2,Q14D04;Q14D04-2,MELT_HUMAN,VEPH1,,,,,
Q15003,Q15003,CND2_HUMAN,NCAPH,2087.9415,275890.0,3356.75,11549.95,
Q15005,Q15005,SPCS2_HUMAN,SPCS2,,,19830.2,28025.2,17848.5
Q15006,Q15006,EMC2_HUMAN,EMC2,,,,13633.7,
Q15007,Q15007;Q15007-2,FL2D_HUMAN,WTAP,,,35390.8,,
Q15008,Q15008;Q15008-2;Q15008-3;Q15008-4,PSMD6_HUMAN,PSMD6,,,23246.1,57128.2,
Q15011;Q15011-2;Q15011-3;Q15011-4,Q15011;Q15011-2;Q15011-3;Q15011-4,HERP1_HUMAN,HERPUD1,,,,,
Q15013;Q15013-3,Q15013;Q15013-3,MD2BP_HUMAN,MAD2L1BP,,,,,
Q15014,Q15014,MO4L2_HUMAN,MORF4L2,,,,,
Q15018,Q15018,ABRX2_HUMAN,ABRAXAS2,,18031.8,11959.35,24752.4,9077.685000000001
Q15019;Q15019-2;Q15019-3,Q15019;Q15019-3;Q15019-2,SEPT2_HUMAN,SEPTIN2,,13205.4,49365.5,127885.0,16190.7
Q15020,Q15020;Q15020-4,SART3_HUMAN,SART3,,,,49652.1,
Q15021,Q15021,CND1_HUMAN,NCAPD2,,24925.9,19677.6,26422.05,8705.33
Q15022,Q15022,SUZ12_HUMAN,SUZ12,,,,,
Q15024,Q15024,EXOS7_HUMAN,EXOSC7,,,,64887.77,
Q15025;Q15025-2;Q15025-4;Q15025-6,Q15025;Q15025-2;Q15025-3;Q15025-4;Q15025-5;Q15025-6;Q15025-7;Q15025-8,TNIP1_HUMAN,TNIP1,2143830.0,830533.0,385594.0,1969630.0,788187.5
Q15027,Q15027,ACAP1_HUMAN,ACAP1,,,14304.2,14721.9,8745.28
Q15029;Q15029-2,Q15029;Q15029-2;Q15029-3,U5S1_HUMAN,EFTUD2,7670.62,,,337925.0,
Q15031,Q15031,SYLM_HUMAN,LARS2,,,,,
Q15032;Q15032-2;Q15032-3,Q15032;Q15032-2;Q15032-3;Q15032-4,R3HD1_HUMAN,R3HDM1,24755.9,18941.8,51449.0,9100.51,41157.9
Q15034,Q15034,HERC3_HUMAN,HERC3,,703.6755,72119.25,2952.19,
Q15035,Q15035,TRAM2_HUMAN,TRAM2,,,,,
Q15036,Q15036,SNX17_HUMAN,SNX17,,,11074.45,20973.15,11358.9
Q15040,Q15040,JOS1_HUMAN,JOSD1,,,,22091.05,
Q15041,Q15041;Q15041-2;Q15041-3,AR6P1_HUMAN,ARL6IP1,,,4397.31,12024.8,5653.725
Q15042,Q15042;Q15042-3;Q15042-4,RB3GP_HUMAN,RAB3GAP1,,,14749.6,39870.60000000001,15992.9
Q15043;Q15043-2;Q15043-3,Q15043;Q15043-2;Q15043-3,S39AE_HUMAN,SLC39A14,,84763.4,,,
Q15046,Q15046;Q15046-2,SYK_HUMAN,KARS1,,,86968.5,36942.3,21011.35
Q15047;Q15047-3,Q15047;Q15047-2;Q15047-3,SETB1_HUMAN,SETDB1,,13937.5,,,
Q15048,Q15048,LRC14_HUMAN,LRRC14,,,,7199.04,
Q15049;Q15049-2,Q15049;Q15049-2,MLC1_HUMAN,MLC1,,,,4240.52,
Q15050,Q15050,RRS1_HUMAN,RRS1,,,,,
Q15051,Q15051;Q15051-2,IQCB1_HUMAN,IQCB1,,,,,
Q15052,Q15052;Q15052-2,ARHG6_HUMAN,ARHGEF6,,,86846.7,35045.3,12815.6
Q15053,Q15053,K0040_HUMAN,KIAA0040,,,,,
Q15054,Q15054;Q15054-2;Q15054-3,DPOD3_HUMAN,POLD3,,,,,
Q15056;Q15056-2,Q15056;Q15056-2,IF4H_HUMAN,EIF4H,,21544.4,26144.9,53717.85,16530.7
Q15057,Q15057,ACAP2_HUMAN,ACAP2,,,11398.35,33315.8,
Q15059,Q15059;Q15059-2,BRD3_HUMAN,BRD3,,,,,
Q15061,Q15061,WDR43_HUMAN,WDR43,,,,,
Q15063-4,Q15063-2;Q15063-4,POSTN_HUMAN,POSTN,1442.77,,,,
Q15063-5,Q15063;Q15063-2;Q15063-3;Q15063-4;Q15063-5;Q15063-6;Q15063-7,POSTN_HUMAN,POSTN,9701.87,45599.9,19171.7,22118.5,212093.0
Q15063-7,Q15063-3;Q15063-4;Q15063-7,POSTN_HUMAN,POSTN,,,,4277.52,11961.1
Q15067-2,Q15067;Q15067-2;Q15067-3,ACOX1_HUMAN,ACOX1,,429629.0,67761.2,99652.0,12240.6
Q15070;Q15070-2,Q15070;Q15070-2,OXA1L_HUMAN,OXA1L,,,,27450.0,12464.2
Q15075,Q15075,EEA1_HUMAN,EEA1,,,24640.9,35186.0,14651.6
Q15080,Q15080;Q15080-3,NCF4_HUMAN,NCF4,,,,15250.2,12667.8
Q15084;Q15084-2;Q15084-3;Q15084-4;Q15084-5,Q15084;Q15084-2;Q15084-3;Q15084-4;Q15084-5,PDIA6_HUMAN,PDIA6,4538.62,,152239.0,480355.0,15908.7
Q15102,Q15102,PA1B3_HUMAN,PAFAH1B3,769.353,,32807.2,80741.9,7108.924999999999
Q15109;Q15109-6,Q15109;Q15109-10;Q15109-2;Q15109-3;Q15109-4;Q15109-6;Q15109-7;Q15109-8;Q15109-9,RAGE_HUMAN,AGER,,,,,11563.25
Q15111,Q15111;Q15111-2,PLCL1_HUMAN,PLCL1,,,,,
Q15113,Q15113,PCOC1_HUMAN,PCOLCE,31576.6,115229.0,49258.1,58597.2,1683350.0
Q15118,Q15118;Q15118-2,PDK1_HUMAN,PDK1,,,41447.8,84040.7,18542.05
Q15119,Q15119;Q15119-2,PDK2_HUMAN,PDK2,,,,4742.3,
Q15120;Q15120-2,Q15120;Q15120-2,PDK3_HUMAN,PDK3,,,9816.47,18128.85,10412.1
Q15121;Q15121-2,Q15121;Q15121-2,PEA15_HUMAN,PEA15,,,9801.974999999999,14641.0,
Q15124,Q15124,PGM5_HUMAN,PGM5,1056.13,,,,
Q15125,Q15125,EBP_HUMAN,EBP,,,,29769.4,27507.05
Q15126,Q15126,PMVK_HUMAN,PMVK,,,19513.3,22401.4,
Q15131,Q15131;Q15131-5;Q15131-6,CDK10_HUMAN,CDK10,,,,,
Q15147-4,Q15147;Q15147-2;Q15147-4;Q15147-5,PLCB4_HUMAN,PLCB4,10013.5,,9797.689999999999,45639.1,33922.45
Q15149-3,Q15149-3,PLEC_HUMAN,PLEC,,,,17901.8,19823.4
Q15149-4,Q15149;Q15149-2;Q15149-3;Q15149-4;Q15149-5;Q15149-6;Q15149-7;Q15149-8;Q15149-9,PLEC_HUMAN,PLEC,46966.2,,104624.0,241865.0,54773.6
Q15149-8,Q15149-8,PLEC_HUMAN,PLEC,,,,28591.3,15842.0
Q15154-5,Q15154;Q15154-2;Q15154-4;Q15154-5,PCM1_HUMAN,PCM1,,28638.3,,21106.0,7926.99
Q15155,P69849;Q15155;Q5JPE7;Q5JPE7-2;Q5JPE7-3,NOMO1_HUMAN,NOMO1,4956.375,,16850.0,14576.3,4037.02
Q15165;Q15165-1;Q15165-3,Q15165;Q15165-1;Q15165-3,PON2_HUMAN,PON2,,,11420.115,19559.9,8090.88
Q15166,Q15166,PON3_HUMAN,PON3,40095.1,27675.55,544055.0,566766.0,221647.0
Q15170,Q15170,TCAL1_HUMAN,TCEAL1,,,,,
Q15172,Q15172;Q15172-2,2A5A_HUMAN,PPP2R5A,,,11265.8,28208.4,12703.5
Q15173-2,Q15173;Q15173-2,2A5B_HUMAN,PPP2R5B,,,339545.25,19442.7,
Q15181,Q15181,IPYR_HUMAN,PPA1,,,9554.12,18707.2,
Q15185;Q15185-4,Q15185;Q15185-3;Q15185-4,TEBP_HUMAN,PTGES3,,,58057.1,65475.9,11137.965
Q15208,Q15208,STK38_HUMAN,STK38,,,19709.0,59712.75,30836.8
Q15223,Q15223;Q15223-2;Q15223-3,NECT1_HUMAN,NECTIN1,3578.98,368025.0,9004.76,20158.15,
Q15233,Q15233;Q15233-2,NONO_HUMAN,NONO,,15812.5,,93065.1,
Q15257,Q15257;Q15257-2;Q15257-3,PTPA_HUMAN,PTPA,,,23548.4,76406.4,3471.47
Q15262;Q15262-2;Q15262-3;Q15262-4,Q15262;Q15262-2;Q15262-3;Q15262-4,PTPRK_HUMAN,PTPRK,,10828.15,,,
Q15269,Q15269,PWP2_HUMAN,PWP2,,,831877.0,,
Q15276,Q15276;Q15276-2,RABE1_HUMAN,RABEP1,,,12896.885,17729.4,17474.3
Q15283;Q15283-2,Q15283;Q15283-2,RASA2_HUMAN,RASA2,,,,8708.31,
Q15286,Q15286;Q15286-2,RAB35_HUMAN,RAB35,,,59562.0,269864.0,52911.1
Q15287;Q15287-2;Q15287-3,Q15287;Q15287-2;Q15287-3,RNPS1_HUMAN,RNPS1,,,28593.375,,
Q15291-2,Q15291;Q15291-2,RBBP5_HUMAN,RBBP5,,,,,
Q15293,Q15293,RCN1_HUMAN,RCN1,,15383.5,126132.0,21403.0,
Q15306;Q15306-2,Q15306;Q15306-2,IRF4_HUMAN,IRF4,,,,,
Q15311,Q15311,RBP1_HUMAN,RALBP1,4863.63,,12245.3,48684.8,11685.5
Q15323,Q15323;O76009,K1H1_HUMAN,KRT31,,,,76009.3,28099.4
Q15326;Q15326-3;Q15326-6,Q15326;Q15326-2;Q15326-3;Q15326-4;Q15326-5;Q15326-6,ZMY11_HUMAN,ZMYND11,,,,45289.0,
Q15334,Q15334,L2GL1_HUMAN,LLGL1,,,10384.9,15674.6,
Q15345,Q15345;Q15345-3,LRC41_HUMAN,LRRC41,,,,,
Q15361,Q15361,TTF1_HUMAN,TTF1,,,,,
Q15363,Q15363,TMED2_HUMAN,TMED2,,,4363.38,91121.8,29235.7
Q15365,Q15365,PCBP1_HUMAN,PCBP1,26438.9,,122842.0,310616.0,49317.6
Q15366-3;Q15366-6,Q15366;Q15366-2;Q15366-3;Q15366-4;Q15366-5;Q15366-6;Q15366-7;Q15366-8,PCBP2_HUMAN,PCBP2,,,63610.1,232489.0,32603.95
Q15366-5;Q15366-8,Q15366;Q15366-2;Q15366-5;Q15366-8,PCBP2_HUMAN,PCBP2,,,,,
Q15369,Q15369,ELOC_HUMAN,ELOC,,,15665.9,32801.7,
Q15370,Q15370;Q15370-2,ELOB_HUMAN,ELOB,,,14392.5,51197.8,4398.27
Q15382,Q15382,RHEB_HUMAN,RHEB,,,57676.4,130843.0,42391.7
Q15386,Q15386,UBE3C_HUMAN,UBE3C,,,12830.6,27136.2,7002.32
Q15388,Q15388,TOM20_HUMAN,TOMM20,,,,,
Q15389;Q15389-2,Q15389;Q15389-2,ANGP1_HUMAN,ANGPT1,,,19738.4,44111.9,22683.8
Q15390,Q15390;Q15390-2,MTFR1_HUMAN,MTFR1,,,,,
Q15392;Q15392-2,Q15392;Q15392-2,DHC24_HUMAN,DHCR24,,,,,
Q15393,Q15393,SF3B3_HUMAN,SF3B3,,,12070.0,6568.81,3327660.0
Q15397,Q15397,PUM3_HUMAN,PUM3,,,,,28777.5
Q15399,Q15399,TLR1_HUMAN,TLR1,,,,,
Q15404,Q15404,RSU1_HUMAN,RSU1,2011.97,,325479.0,1187890.0,58930.0
Q15404-2,Q15404-2,RSU1_HUMAN,RSU1,,,,,
Q15417-2,Q15417-2,CNN3_HUMAN,CNN3,,,,,
Q15417;Q15417-3,Q15417;Q15417-3,CNN3_HUMAN,CNN3,,41883.0,2566470.0,12670.4,
Q15418-2,Q15418;Q15418-2;Q15418-4,KS6A1_HUMAN,RPS6KA1,,,19179.15,16892.3,40750.6
Q15424;Q15424-3;Q15424-4,Q15424;Q15424-2;Q15424-3;Q15424-4,SAFB1_HUMAN,SAFB,,,5106.66,150059.0,3507.23
Q15427,Q15427,SF3B4_HUMAN,SF3B4,,,,28033.65,
Q15428,Q15428,SF3A2_HUMAN,SF3A2,,,,,12184.97
Q15435,Q15435;Q15435-2,PP1R7_HUMAN,PPP1R7,,,47685.6,31808.3,9704.83
Q15436,Q15436;Q15436-2,SC23A_HUMAN,SEC23A,,,10174.75,41874.4,
Q15437,Q15437,SC23B_HUMAN,SEC23B,5984.58,,4086.14,8238.0,
Q15438;Q15438-2,Q15438;Q15438-2;Q15438-3,CYH1_HUMAN,CYTH1,,,1690.51,15520.7,
Q15459,Q15459;Q15459-2,SF3A1_HUMAN,SF3A1,,,4445.15,19544.0,539802.0
Q15465,Q15465,SHH_HUMAN,SHH,16836.15,,18338.4,60626.4,11018.55
Q15477,Q15477,SKI2_HUMAN,SKIC2,1680010.0,1327770.0,23438.35,25597.8,11798.075
Q15485,Q15485;Q15485-2,FCN2_HUMAN,FCN2,75327.5,31722.3,398715.0,637381.0,236202.0
Q15517,Q15517,CDSN_HUMAN,CDSN,3845.28,58693.3,6515.36,48519.2,40047.25
Q15526;Q15526-2,Q15526;Q15526-2,SURF1_HUMAN,SURF1,,,,27623.7,
Q15528;Q15528-2,Q15528;Q15528-2,MED22_HUMAN,MED22,,,,,
Q15532;Q15532-2,Q15532;Q15532-2,SSXT_HUMAN,SS18,,,,,
Q15542,Q15542;Q15542-2,TAF5_HUMAN,TAF5,,53044.6,,,
Q15543,Q15543,TAF13_HUMAN,TAF13,,,,,
Q15544,Q15544;Q15544-2,TAF11_HUMAN,TAF11,,,,,
Q15545,Q15545,TAF7_HUMAN,TAF7,,,,,
Q15554,Q15554,TERF2_HUMAN,TERF2,,294711.0,,,
Q15555-5,Q15555;Q15555-2;Q15555-3;Q15555-5,MARE2_HUMAN,MAPRE2,3626.24,15129.2,136617.0,271652.0,34369.2
Q15569,Q15569,TESK1_HUMAN,TESK1,,,,,
Q15573,Q15573;Q15573-2,TAF1A_HUMAN,TAF1A,,,,,
Q15582,Q15582,BGH3_HUMAN,TGFBI,107749.0,390001.0,204970.0,138345.0,452959.0
Q15596,Q15596,NCOA2_HUMAN,NCOA2,,,,,
Q15599;Q15599-2,Q15599;Q15599-2,NHRF2_HUMAN,NHERF2,,3966.46,19230.3,33700.5,5262.110000000001
Q15628,Q15628,TRADD_HUMAN,TRADD,,,,14899.75,6703.0
Q15629;Q15629-2,Q15629;Q15629-2,TRAM1_HUMAN,TRAM1,,,2970.59,24646.0,7665.455
Q15631,Q15631;Q15631-2,TSN_HUMAN,TSN,,,7985.085,39804.3,5098.55
Q15633;Q15633-2,Q15633;Q15633-2,TRBP2_HUMAN,TARBP2,,,,,
Q15637-2;Q15637-6,Q15637;Q15637-4;Q15637-2;Q15637-3;Q15637-5;Q15637-6,SF01_HUMAN,SF1,1895.59,,,25611.7,
Q15637-5,Q15637-5,SF01_HUMAN,SF1,,,,,
Q15642,Q15642;Q15642-2;Q15642-3;Q15642-4,CIP4_HUMAN,TRIP10,,,14552.8,24568.3,4893.22
Q15643;Q15643-2,Q15643;Q15643-2,TRIPB_HUMAN,TRIP11,32392.1,,48853.9,26824.6,
Q15645,Q15645,PCH2_HUMAN,TRIP13,,,8410.82,18592.59,
Q15646,Q15646;Q15646-2;Q15646-3,OASL_HUMAN,OASL,,,25880.9,,
Q15648,Q15648;Q15648-3,MED1_HUMAN,MED1,,,,,
Q15650,Q15650,TRIP4_HUMAN,TRIP4,,,3469.235,15522.4,9743.16
Q15651,P05204;Q15651;Q15651-2,HMGN3_HUMAN,HMGN3,,5367.96,,2923.24,5623.1
Q15652;Q15652-3,Q15652;Q15652-3,JHD2C_HUMAN,JMJD1C,,,,,
Q15653,Q15653;Q15653-2,IKBB_HUMAN,NFKBIB,,,,,
Q15654,Q15654,TRIP6_HUMAN,TRIP6,,,,5914.9,
Q15669,Q15669,RHOH_HUMAN,RHOH,,,,,6968.63
Q15691,Q15691,MARE1_HUMAN,MAPRE1,,,146967.0,271230.0,47877.7
Q15695,Q15696;Q15695,U2AFL_HUMAN,ZRSR2P1,,,7400.94,,
Q15700-3,Q15700;Q15700-2;Q15700-3;Q15700-4,DLG2_HUMAN,DLG2,4410.06,,8429.67,,
Q15714,Q15714;Q15714-4,T22D1_HUMAN,TSC22D1,,,,,
Q15714-2,Q15714;Q15714-2;Q15714-3,T22D1_HUMAN,TSC22D1,,,8090.83,10022.865,
Q15717;Q15717-2,Q15717;Q15717-2,ELAV1_HUMAN,ELAVL1,,,3813.22,15833.65,
Q15722,Q15722,LT4R1_HUMAN,LTB4R,,,7285.46,24797.7,2691.44
Q15723;Q15723-1;Q15723-2;Q15723-3;Q15723-4,Q15723;Q15723-1;Q15723-2;Q15723-3;Q15723-4,ELF2_HUMAN,ELF2,,,,,
Q15738,Q15738,NSDHL_HUMAN,NSDHL,92545.1,,12061.2,24344.15,9391.36
Q15742,Q15742;Q15742-2;Q15742-3,NAB2_HUMAN,NAB2,,,,,
Q15746,Q15746;Q15746-2;Q15746-3;Q15746-4;Q15746-5;Q15746-6,MYLK_HUMAN,MYLK,,315949.0,218710.0,464594.0,123898.0
Q15746-10,Q15746-10;Q15746-11;Q15746-6,MYLK_HUMAN,MYLK,,,1099.21,,
Q15750,Q15750;Q15750-2,TAB1_HUMAN,TAB1,,,10581.4,25786.55,3282.71
Q15751,Q15751,HERC1_HUMAN,HERC1,,,4668.9,9182.74,149658.0
Q15758,Q15758,AAAT_HUMAN,SLC1A5,,,13504.25,25692.55,4814.105
Q15759-3,Q15759-3,MK11_HUMAN,MAPK11,,,,,
Q15762,Q15762,CD226_HUMAN,CD226,,88426.04999999999,38597.5,101402.0,49291.2
Q15771,Q15771,RAB30_HUMAN,RAB30,,,15940.7,42635.14999999999,16581.15
Q15773,Q15773,MLF2_HUMAN,MLF2,,,,8467.1,
Q15776,Q15776,ZKSC8_HUMAN,ZKSCAN8,,,,,
Q15785,Q15785,TOM34_HUMAN,TOMM34,,,,12908.9,
Q15788;Q15788-2;Q15788-3,Q15788;Q15788-2;Q15788-3,NCOA1_HUMAN,NCOA1,,,,,
Q15796;Q15796-2,P84022;Q15796;P84022-2;P84022-3;P84022-4;Q15796-2,SMAD2_HUMAN,SMAD2,,,10964.8,34904.6,5679.26
Q15797,Q15797;Q99717,SMAD1_HUMAN,SMAD1,,,6247.71,14261.35,
Q15800,Q15800,MSMO1_HUMAN,MSMO1,,,,,
Q15811;Q15811-8,Q15811;Q15811-2;Q15811-10;Q15811-11;Q15811-12;Q15811-3;Q15811-4;Q15811-6;Q15811-7;Q15811-8;Q15811-9,ITSN1_HUMAN,ITSN1,1763.92,,13176.3,18686.9,12631.25
Q15813;Q15813-2,Q15813;Q15813-2,TBCE_HUMAN,TBCE,,,,9380.46,
Q15814,Q15814,TBCC_HUMAN,TBCC,,,,,
Q15819,Q13404;Q15819;Q13404-1;Q13404-2;Q13404-7;Q13404-8,UB2V2_HUMAN,UBE2V2,,164004.0,16199.3,43224.9,8119.52
Q15828,Q15828,CYTM_HUMAN,CST6,12749.1,1341790.0,16958.6,11834.45,8338.71
Q15831,Q15831;Q15831-2,STK11_HUMAN,STK11,,,2038.66,6391.67,3318.05
Q15833;Q15833-2;Q15833-3,Q15833;Q15833-2;Q15833-3,STXB2_HUMAN,STXBP2,,19660.0,75176.9,265923.0,23362.5
Q15836,Q15836,VAMP3_HUMAN,VAMP3,,,,23845.2,
Q15843,Q15843,NEDD8_HUMAN,NEDD8,,,,36852.2,
Q15847,Q15847,ADIRF_HUMAN,ADIRF,1084.39,117883.0,,,
Q15848,Q15848,ADIPO_HUMAN,ADIPOQ,104486.0,76596.3,32041.7,52625.4,70831.1
Q15853;Q15853-2,Q15853;Q15853-2;Q15853-3;Q15853-4,USF2_HUMAN,USF2,,,,,
Q15904,Q15904,VAS1_HUMAN,ATP6AP1,3538.185,33181.7,25186.4,19382.6,6412.94
Q15907,P62491;Q15907;P62491-2;Q15907-2,RB11B_HUMAN,RAB11B,123202.0,,138190.0,596290.0,88790.0
Q15910;Q15910-2;Q15910-3;Q15910-4;Q15910-5,Q15910;Q15910-2;Q15910-3;Q15910-4;Q15910-5,EZH2_HUMAN,EZH2,,,,,
Q15942,Q15942;Q15942-2,ZYX_HUMAN,ZYX,5661.815,210774.0,870305.0,2368990.0,141813.0
Q16134,Q16134;Q16134-3,ETFD_HUMAN,ETFDH,,,10659.55,23974.3,
Q16181,Q16181;Q16181-2,SEPT7_HUMAN,SEPTIN7,,2844120.0,59859.1,242031.0,17616.75
Q16181-2,Q16181-2,SEPT7_HUMAN,SEPTIN7,,,,,
Q16186,Q16186,ADRM1_HUMAN,ADRM1,,,10930.5,18099.6,
Q16204,Q16204,CCDC6_HUMAN,CCDC6,,,4951.469999999999,28867.45,
Q16222;Q16222-2;Q16222-3,Q16222;Q16222-2;Q16222-3,UAP1_HUMAN,UAP1,,,,,
Q16254,Q16254,E2F4_HUMAN,E2F4,,,,,
Q16270;Q16270-2,Q16270;Q16270-2,IBP7_HUMAN,IGFBP7,6861.76,65148.7,5415.31,7297.35,204761.0
Q16288;Q16288-3;Q16288-4;Q16288-5,Q16288;Q16288-2;Q16288-3;Q16288-4;Q16288-5,NTRK3_HUMAN,NTRK3,,230173.0,,,
Q16342;Q16342-3,Q16342;Q16342-3,PDCD2_HUMAN,PDCD2,,,,,
Q16352,Q16352,AINX_HUMAN,INA,,,,,
Q16363;Q16363-2,Q16363;Q16363-2,LAMA4_HUMAN,LAMA4,,29204.6,29851.8,10750.335,28561.65
Q16378,Q16378,PROL4_HUMAN,PRR4,,149077.5,101427.0,,
Q16394,Q16394,EXT1_HUMAN,EXT1,2763.815,,3749.535,,34166.1
Q16401,Q16401;Q16401-2,PSMD5_HUMAN,PSMD5,,,45373.8,98952.8,14519.55
Q16512,Q16512;Q16512-3,PKN1_HUMAN,PKN1,,,,,
Q16512-2,Q16512;Q16512-2,PKN1_HUMAN,PKN1,,,18258.3,34340.0,19133.6
Q16513,Q16513;Q16513-2;Q16513-3;Q16513-4;Q16513-5,PKN2_HUMAN,PKN2,,,,30275.9,21301.6
Q16514;Q16514-2,Q16514;Q16514-2,TAF12_HUMAN,TAF12,,,,,
Q16527,Q16527,CSRP2_HUMAN,CSRP2,,,,,
Q16531,Q16531,DDB1_HUMAN,DDB1,,,11100.1,34964.0,5624.57
Q16533,Q16533,SNPC1_HUMAN,SNAPC1,,,,,
Q16537;Q16537-2,Q16537;Q16537-2;Q16537-3,2A5E_HUMAN,PPP2R5E,,,,16772.8,
Q16539,Q16539;Q16539-2;Q16539-3;Q16539-4;Q16539-5,MK14_HUMAN,MAPK14,,,48739.3,82665.5,12624.92
Q16539-2,Q16539-2,MK14_HUMAN,MAPK14,,,,25122.7,
Q16540,Q16540,RM23_HUMAN,MRPL23,,75332.9,32553.3,9358.39,50672.5
Q16543,Q16543,CDC37_HUMAN,CDC37,,,50662.5,122456.0,35120.3
Q16555,Q16555;Q16555-2,DPYL2_HUMAN,DPYSL2,92512.2,62337.9,46841.6,105489.0,14136.77
Q16558-2,Q16558;Q16558-2,KCMB1_HUMAN,KCNMB1,,,,,
Q16560;Q16560-2,Q16560;Q16560-2,U1SBP_HUMAN,SNRNP35,,,,,
Q16563-2,Q16563;Q16563-2,SYPL1_HUMAN,SYPL1,,4141.51,31974.1,86954.5,31668.5
Q16566,Q16566,KCC4_HUMAN,CAMK4,,,,,
Q16570;Q16570-2,Q16570;Q16570-2,ACKR1_HUMAN,ACKR1,,,,,
Q16576,Q16576;Q16576-2,RBBP7_HUMAN,RBBP7,10526.7,,,,
Q16581,Q16581,C3AR_HUMAN,C3AR1,,,,,
Q16584,Q16584,M3K11_HUMAN,MAP3K11,,28122.0,21992.4,47870.8,866.308
Q16594,Q16594,TAF9_HUMAN,TAF9,,,,,
Q16595,Q16595;Q16595-2;Q16595-3,FRDA_HUMAN,FXN,,,9681.76,28469.5,
Q16610;Q16610-4,Q16610;Q16610-2;Q16610-4,ECM1_HUMAN,ECM1,524401.0,1331370.0,589753.0,357415.0,262183.0
Q16611,Q16611,BAK_HUMAN,BAK1,,,,37012.65,
Q16620;Q16620-4,Q16620;Q16620-2;Q16620-3;Q16620-4;Q16620-5;Q16620-6;Q16620-7,NTRK2_HUMAN,NTRK2,,117343.0,68853.2,4881.92,
Q16621,Q16621,NFE2_HUMAN,NFE2,,,,,
Q16623;Q16623-2;Q16623-3,Q16623;Q16623-2;Q16623-3,STX1A_HUMAN,STX1A,,29031.1,,,
Q16625;Q16625-3,Q16625;Q16625-3;Q16625-4,OCLN_HUMAN,OCLN,,,20461.9,,
Q16626,Q16626,MEA1_HUMAN,MEA1,,,,,
Q16627;Q16627-2,Q16627;Q16627-2,CCL14_HUMAN,CCL14,11786.4,1333750.0,,34345.2,83366.9
Q16629;Q16629-2;Q16629-3;Q16629-4,Q16629;Q16629-2;Q16629-3;Q16629-4,SRSF7_HUMAN,SRSF7,,,9240.845,28345.3,2590.15
Q16630-3,Q16630;Q16630-2;Q16630-3,CPSF6_HUMAN,CPSF6,,,3836.13,18300.05,
Q16635;Q16635-1;Q16635-2;Q16635-4;Q16635-5;Q16635-6;Q16635-7;Q16635-8;Q16635-9,Q16635;Q16635-1;Q16635-2;Q16635-4;Q16635-5;Q16635-6;Q16635-7;Q16635-8;Q16635-9,TAZ_HUMAN,TAFAZZIN,,,,,
Q16637;Q16637-3,Q16637;Q16637-3;Q16637-2;Q16637-4,SMN_HUMAN,SMN1,1480.32,,,,
Q16643,Q16643;Q16643-2;Q16643-3,DREB_HUMAN,DBN1,,,70464.2,236696.0,13425.0
Q16644,Q16644,MAPK3_HUMAN,MAPKAPK3,,,22191.5,22002.45,5850.37
Q16651,Q16651;Q16651-2,PRSS8_HUMAN,PRSS8,,,,7301.89,
Q16656;Q16656-4,Q16656;Q16656-4;Q16656-3,NRF1_HUMAN,NRF1,,,,,
Q16658,Q16658,FSCN1_HUMAN,FSCN1,1873.08,,7170.09,14585.5,8800.25
Q16663,Q16663,CCL15_HUMAN,CCL15,,40767.39999999999,,,
Q16665;Q16665-3,Q16665;Q16665-3,HIF1A_HUMAN,HIF1A,,,,,
Q16666;Q16666-2;Q16666-3,Q16666;Q16666-8;Q16666-2;Q16666-3;Q16666-6,IF16_HUMAN,IFI16,,,,,1934.38
Q16698;Q16698-2,Q16698;Q16698-2,DECR_HUMAN,DECR1,8029.28,,74519.2,172214.0,11835.5
Q16706,Q16706,MA2A1_HUMAN,MAN2A1,11170.0,,60564.8,60214.8,59058.4
Q16718,Q16718;Q16718-2,NDUA5_HUMAN,NDUFA5,,,10398.52,25926.0,
Q16719,Q16719;Q16719-2,KYNU_HUMAN,KYNU,,21438.3,4388.065000000001,10781.6,18621.9
Q16720-2;Q16720-3;Q16720-5;Q16720-6;Q16720-7;Q16720-8,Q16720;Q16720-2;Q16720-3;Q16720-4;Q16720-5;Q16720-6;Q16720-7;Q16720-8,AT2B3_HUMAN,ATP2B3,,,,,
Q16740,Q16740,CLPP_HUMAN,CLPP,,,,12905.6,
Q16760;Q16760-2,Q16760;Q16760-2,DGKD_HUMAN,DGKD,,,,,
Q16762,Q16762,THTR_HUMAN,TST,,284747.0,65863.35,234766.0,35935.1
Q16769,Q16769;Q16769-2,QPCT_HUMAN,QPCT,1003.2,2588.1,,15356.7,15588.2
Q16773,Q16773;Q16773-2,KAT1_HUMAN,KYAT1,,,,83111.9,
Q16774;Q16774-2,Q16774;Q16774-2;Q16774-3,KGUA_HUMAN,GUK1,,,7625.54,32286.05,1924.735
Q16775,Q16775;Q16775-2,GLO2_HUMAN,HAGH,743.59,,9203.439999999999,25640.9,7300.73
Q16777;Q6FI13,P04908;P0C0S8;P20671;Q16777;Q6FI13;Q7L7L0;Q93077;Q96KK5;Q99878;Q9BTM1,H2A2A_HUMAN;H2A2C_HUMAN,H2AC18;H2AC20,,14837.8,13406.15,44804.7,121415.0
Q16787;Q16787-3,Q16787;Q16787-1;Q16787-3;Q16787-4,LAMA3_HUMAN,LAMA3,,,,,
Q16795,Q16795,NDUA9_HUMAN,NDUFA9,,,18279.6,47607.5,19178.5
Q16798,Q16798;Q16798-2,MAON_HUMAN,ME3,,,,9709.3,
Q16799,Q16799;Q16799-2;Q16799-3,RTN1_HUMAN,RTN1,,48408.3,34150.6,66111.3,19638.9
Q16819,Q16819,MEP1A_HUMAN,MEP1A,,41698.4,,,12985.5
Q16820,Q16820,MEP1B_HUMAN,MEP1B,2240.82,,11064.65,,
Q16822,Q16822;Q16822-2;Q16822-3,PCKGM_HUMAN,PCK2,,,11054.3,33942.0,6532.17
Q16827-2,Q16827;Q16827-2;Q16827-3;Q16827-4,PTPRO_HUMAN,PTPRO,,,9961.265,,
Q16829;Q16829-2,Q16829;Q16829-2,DUS7_HUMAN,DUSP7,,,,,
Q16831,Q16831,UPP1_HUMAN,UPP1,,,,5817.81,
Q16836;Q16836-2;Q16836-3,Q16836;Q16836-2;Q16836-3,HCDH_HUMAN,HADH,,,66194.5,198566.0,8282.73
Q16849;Q16849-2;Q16849-3,Q16849;Q16849-3;Q16849-2,PTPRN_HUMAN,PTPRN,,24847.2,,,
Q16850,Q16850;Q16850-2,CP51A_HUMAN,CYP51A1,,,,,
Q16851,Q16851;Q16851-2,UGPA_HUMAN,UGP2,2220.365,1949050.0,41147.6,199666.0,11180.1
Q16851-2,Q16851-2,UGPA_HUMAN,UGP2,,,,5629.85,
Q16853,Q16853;Q16853-3,AOC3_HUMAN,AOC3,16426.7,10763.0,15544.6,21607.65,28209.6
Q16854;Q16854-2,Q16854;Q16854-2,DGUOK_HUMAN,DGUOK,,,,,
Q16864;Q16864-2,Q16864;Q16864-2,VATF_HUMAN,ATP6V1F,,,,22372.3,
Q16873,Q16873,LTC4S_HUMAN,LTC4S,,,,13068.9,
Q16875;Q16875-2;Q16875-3;Q16875-4,Q16875;Q16875-2;Q16875-3;Q16875-4,F263_HUMAN,PFKFB3,,,,,
Q16877;Q16877-3,Q16877;Q16877-2;Q16877-3,F264_HUMAN,PFKFB4,,,,38413.4,
Q16881;Q16881-3;Q16881-4,Q16881;Q9NNW7;Q16881-4;Q16881-5;Q16881-2;Q16881-3;Q16881-6;Q16881-7;Q9NNW7-2,TRXR1_HUMAN,TXNRD1,,,37869.9,99523.3,6998.030000000001
Q16890;Q16890-5,Q16890;Q16890-5,TPD53_HUMAN,TPD52L1,,,,,
Q16891-2,Q16891;Q16891-2;Q16891-3;Q16891-4,MIC60_HUMAN,IMMT,,,14672.3,48642.1,15678.5
Q16891-4,Q16891-4,MIC60_HUMAN,IMMT,,,988.445,4443.8,1939.18
Q17R31;Q17R31-2;Q17R31-3;Q17R31-5,Q17R31;Q17R31-2;Q17R31-3;Q17R31-4;Q17R31-5,TATD3_HUMAN,TATDN3,,1137320.0,,,
Q17R89;Q17R89-2;Q17R89-3,Q17R89;Q17R89-2;Q17R89-3,RHG44_HUMAN,ARHGAP44,,,,,
Q17RC7,Q17RC7,EX3L4_HUMAN,EXOC3L4,,,9597.25,26278.1,8293.44
Q17RN3,Q17RN3,FA98C_HUMAN,FAM98C,,,,8818.9,
Q17RY0;Q17RY0-2,Q17RY0;Q7Z5Q1;Q8NE35;Q7Z5Q1-3;Q7Z5Q1-4;Q7Z5Q1-5;Q7Z5Q1-6;Q7Z5Q1-7;Q7Z5Q1-8;Q7Z5Q1-9;Q17RY0-2;Q17RY0-3;Q8NE35-2,CPEB4_HUMAN,CPEB4,,,,9258.53,
Q1ED39,Q1ED39,KNOP1_HUMAN,KNOP1,,,,,
Q1HG43-2,Q1HG43;Q1HG43-2;Q1HG43-3,DOXA1_HUMAN,DUOXA1,,,,,
Q1KMD3,Q1KMD3,HNRL2_HUMAN,HNRNPUL2,6205.28,7448.93,11901.5,12258.45,7155.42
Q1XH10,Q1XH10,SKDA1_HUMAN,SKIDA1,,,182893.0,,14727.2
Q27J81,Q27J81;Q27J81-2,INF2_HUMAN,INF2,,28768.3,100760.0,322956.0,98096.7
Q29RF7,Q29RF7;Q29RF7-3,PDS5A_HUMAN,PDS5A,38946.3,,,98032.5,
Q2KHT3,Q2KHT3,CL16A_HUMAN,CLEC16A,,,,8696.015,
Q2LD37,Q2LD37;Q2LD37-2;Q2LD37-4;Q2LD37-5;Q2LD37-6;Q2LD37-7,BLTP1_HUMAN,BLTP1,,5762.27,74271.45,10576.985,5445.99
Q2M1Z3,Q2M1Z3,RHG31_HUMAN,ARHGAP31,,,,,
Q2M296-3;Q2M296-4,Q2M296-3;Q2M296-4,MTHSD_HUMAN,MTHFSD,,,,,
Q2M2I5,Q2M2I5,K1C24_HUMAN,KRT24,,,,23406.8,
Q2M2I8,Q2M2I8;Q2M2I8-2,AAK1_HUMAN,AAK1,,3052.58,1992.075,5445.17,
Q2M2W7-2,Q2M2W7;Q2M2W7-2,CQ058_HUMAN,C17orf58,,,,,
Q2M385,Q2M385,MPEG1_HUMAN,MPEG1,,,40770.0,,
Q2M389,Q2M389;Q2M389-2,WASC4_HUMAN,WASHC4,,,17734.0,13898.8,
Q2M3D2,Q2M3D2,EX3L2_HUMAN,EXOC3L2,34580.8,,27210.25,50149.2,15697.4
Q2MKA7;Q2MKA7-2;Q2MKA7-3,Q2MKA7;Q2MKA7-2;Q2MKA7-3,RSPO1_HUMAN,RSPO1,,,,,
Q2NKJ3,Q2NKJ3;Q2NKJ3-2,CTC1_HUMAN,CTC1,,,,,
Q2NKX8,Q2NKX8,ERC6L_HUMAN,ERCC6L,,,,,
Q2NKX9,Q2NKX9;Q2NKX9-3,CB068_HUMAN,C2orf68,,,,,
Q2NL82,Q2NL82,TSR1_HUMAN,TSR1,,,,48888.0,
Q2PPJ7,Q2PPJ7;Q2PPJ7-2;Q2PPJ7-3,RGPA2_HUMAN,RALGAPA2,,,,8493.15,4151.915
Q2PZI1,Q2PZI1;Q2PZI1-2,D19L1_HUMAN,DPY19L1,,,,19160.6,7850.9
Q2T9J0;Q2T9J0-2,Q2T9J0;Q2T9J0-2,TYSD1_HUMAN,TYSND1,,,,,
Q2TAA2,Q2TAA2;Q2TAA2-2,IAH1_HUMAN,IAH1,,,8419.58,14438.65,
Q2TAA5,Q2TAA5,ALG11_HUMAN,ALG11,,,5965.73,29028.25,9531.23
Q2TAK8;Q2TAK8-3,Q2TAK8;Q2TAK8-2;Q2TAK8-3,PWP3A_HUMAN,PWWP3A,,,,,
Q2TAL8,Q2TAL8,QRIC1_HUMAN,QRICH1,,,,,
Q2TAM9,Q2TAM9,TUSC1_HUMAN,TUSC1,,,,,
Q2TAP0,Q2TAP0,GOG7B_HUMAN,GOLGA7B,,,,31108.65,
Q2TAY7,Q2TAY7,SMU1_HUMAN,SMU1,,,50884.9,,6818.36
Q2TAZ0-3,Q2TAZ0;Q2TAZ0-3,ATG2A_HUMAN,ATG2A,,,40004.3,11994.5,
Q2TB10,Q2TB10,ZN800_HUMAN,ZNF800,,,19927.9,,
Q2TB18,Q2TB18;Q2TB18-2,ASTE1_HUMAN,ASTE1,,,,,14782.4
Q2TB90,Q2TB90,HKDC1_HUMAN,HKDC1,1717.29,,,,
Q2TBE0,Q2TBE0;Q2TBE0-2;Q2TBE0-3,C19L2_HUMAN,CWF19L2,,,,,
Q2VPB7,Q2VPB7,AP5B1_HUMAN,AP5B1,,,,,
Q2VPK5;Q2VPK5-5,Q2VPK5;Q2VPK5-3;Q2VPK5-5,CTU2_HUMAN,CTU2,,,,,
Q2YD98,Q2YD98,UVSSA_HUMAN,UVSSA,,,,352.362,
Q30154,Q30154,DRB5_HUMAN,HLA-DRB5,,,18229.85,30659.8,8514.5
Q30201;Q30201-2;Q30201-5;Q30201-8,Q30201;Q30201-2;Q30201-5;Q30201-6;Q30201-7;Q30201-8,HFE_HUMAN,HFE,,,,,
Q32MZ4;Q32MZ4-2;Q32MZ4-3,Q32MZ4;Q32MZ4-2;Q32MZ4-3,LRRF1_HUMAN,LRRFIP1,,9802.564999999999,38313.0,37529.7,18428.7
Q32NB8,Q32NB8;Q32NB8-2;Q32NB8-3,PGPS1_HUMAN,PGS1,,,,9063.945,
Q32NC0,Q32NC0;Q32NC0-2,CR021_HUMAN,C18orf21,,,,1969.63,
Q32P28;Q32P28-3;Q32P28-4,Q32P28;Q32P28-3;Q32P28-4,P3H1_HUMAN,P3H1,19221.2,30226.9,9172.565,13029.6,21101.9
Q32P41,Q32P41,TRM5_HUMAN,TRMT5,,,,,
Q32P44,Q32P44;Q32P44-2,EMAL3_HUMAN,EML3,,,8789.395,33961.95,13535.4
Q32P51,Q32P51,RA1L2_HUMAN,HNRNPA1L2,,,,,
Q330K2,Q330K2;Q330K2-2,NDUF6_HUMAN,NDUFAF6,,,,,
Q38SD2,Q38SD2,LRRK1_HUMAN,LRRK1,,,,6499.2,9937.73
Q3B726,Q3B726,RPA43_HUMAN,POLR1F,,,,,
Q3B7T1;Q3B7T1-5,Q3B7T1;Q3B7T1-3;Q3B7T1-4;Q3B7T1-5,EDRF1_HUMAN,EDRF1,,,,,
Q3B8N2;Q3B8N2-2;Q6DKI2,Q6DKI2;Q3B8N2;Q3B8N2-2,LEG9B_HUMAN;LEG9C_HUMAN,LGALS9B;LGALS9C,,,,,
Q3KQU3;Q3KQU3-2,Q3KQU3;Q3KQU3-2;Q3KQU3-3;Q3KQU3-4,MA7D1_HUMAN,MAP7D1,,,,,
Q3KQV9,Q3KQV9;Q3KQV9-2,UAP1L_HUMAN,UAP1L1,,,,13809.39,
Q3KQZ1,Q3KQZ1;Q3KQZ1-4;Q3KQZ1-2;Q3KQZ1-3,S2535_HUMAN,SLC25A35,,,,4147.16,1586.732
Q3L8U1;Q3L8U1-2;Q3L8U1-3,Q3L8U1;Q3L8U1-3;Q3L8U1-2,CHD9_HUMAN,CHD9,6795.66,,,,
Q3LIE5,Q3LIE5,ADPRM_HUMAN,ADPRM,,,,,
Q3LXA3,Q3LXA3;Q3LXA3-2,TKFC_HUMAN,TKFC,,,25005.4,57816.4,10476.6
Q3MHD2;Q3MHD2-2,Q3MHD2;Q3MHD2-2,LSM12_HUMAN,LSM12,,,2679.27,11347.43,
Q3MII6,Q3MII6,TBC25_HUMAN,TBC1D25,,,,,
Q3MIR4,Q3MIR4,CC50B_HUMAN,TMEM30B,,,,,
Q3MIX3,Q3MIX3,ADCK5_HUMAN,ADCK5,,,,,4649.200000000001
Q3MJ16-2,Q3MJ16;Q3MJ16-2,PA24E_HUMAN,PLA2G4E,,,,54826.4,22467.0
Q3SXM5,Q3SXM5;Q3SXM5-2,HSDL1_HUMAN,HSDL1,,,9456.59,32433.8,18542.8
Q3SXY8,Q3SXY8;Q3SXY8-2;Q3SXY8-3,AR13B_HUMAN,ARL13B,,,,,
Q3SY17,Q3SY17,S2552_HUMAN,SLC25A52,,,,,
Q3SY69,Q3SY69;Q3SY69-3,AL1L2_HUMAN,ALDH1L2,,,,10903.755,
Q3SY84,Q3SY84,K2C71_HUMAN,KRT71,,,,,
Q3SYC2;Q3SYC2-2,Q3SYC2;Q3SYC2-2,MOGT2_HUMAN,MOGAT2,,,,,
Q3T8J9;Q3T8J9-3,Q9H869;Q3T8J9;Q9H869-2;Q9H869-3;Q9H869-4;Q9H869-5;Q9H869-6;Q9H869-7;Q9H869-8;Q9H869-9;Q3T8J9-2;Q3T8J9-3,GON4L_HUMAN,GON4L,,,,,
Q3T906,Q3T906;Q3T906-2,GNPTA_HUMAN,GNPTAB,,90243.0,,,
Q3V6T2;Q3V6T2-2,Q3V6T2;Q3V6T2-2;Q3V6T2-3;Q3V6T2-4;Q3V6T2-5,GRDN_HUMAN,CCDC88A,,,,6745.59,7938.35
Q3YEC7,Q3YEC7;Q3YEC7-3;Q3YEC7-2;Q3YEC7-4;Q3YEC7-5;Q3YEC7-6,RABL6_HUMAN,RABL6,,,8130.535,22101.0,7607.719999999999
Q3ZAQ7,Q3ZAQ7;Q3ZAQ7-2,VMA21_HUMAN,VMA21,,,,103012.8,96459.1
Q3ZCQ8;Q3ZCQ8-2,Q3ZCQ8;Q3ZCQ8-2;Q3ZCQ8-3,TIM50_HUMAN,TIMM50,,,,11391.55,
Q3ZCW2,Q3ZCW2,LEGL_HUMAN,LGALSL,15427.3,177413.0,94853.3,441355.0,26946.8
Q460N3;Q460N3-2,Q460N3;Q460N3-2,PAR15_HUMAN,PARP15,,,,,
Q460N5,Q460N5;Q460N5-1;Q460N5-3;Q460N5-4;Q460N5-5,PAR14_HUMAN,PARP14,,,,25166.1,14282.3
Q494U1;Q494U1-2;Q494U1-3,Q494U1;Q494U1-3;Q494U1-2,PKHN1_HUMAN,PLEKHN1,,,,,
Q495W5;Q495W5-2,Q495W5;Q495W5-2,FUT11_HUMAN,FUT11,,,,,
Q496F6,Q496F6,CLM2_HUMAN,CD300E,,,,,
Q49A26-5,Q49A26-5,GLYR1_HUMAN,GLYR1,,,,,
Q49A26;Q49A26-3,Q49A26;Q49A26-2;Q49A26-3;Q49A26-5,GLYR1_HUMAN,GLYR1,,93294.8,11198.5,,
Q49AR2,Q49AR2;Q49AR2-2,CE022_HUMAN,C5orf22,,,,,
Q49B96,Q49B96,COX19_HUMAN,COX19,,,,,
Q4AC94-4,Q4AC94;Q4AC94-1;Q4AC94-2;Q4AC94-3;Q4AC94-4,C2CD3_HUMAN,C2CD3,,,,,
Q4ADV7;Q4ADV7-3,Q4ADV7;Q4ADV7-2;Q4ADV7-3,RIC1_HUMAN,RIC1,,26993.7,6470.575,6951.425,
Q4AE62;Q4AE62-2,Q4AE62;Q4AE62-2;Q4AE62-3;Q4AE62-4,GTDC1_HUMAN,GTDC1,,,11857.5,18439.3,
Q4G0F5,Q4G0F5,VP26B_HUMAN,VPS26B,,,10829.5,49123.3,11492.75
Q4G0I0,Q4G0I0,UQCC4_HUMAN,UQCC4,,,,,
Q4G0J3;Q4G0J3-3,Q4G0J3;Q4G0J3-2;Q4G0J3-3,LARP7_HUMAN,LARP7,,,,,
Q4G0N4,Q4G0N4;Q4G0N4-2,NAKD2_HUMAN,NADK2,,,,7056.7,
Q4G0P3,Q4G0P3;Q4G0P3-2,HYDIN_HUMAN,HYDIN,277964.0,123530.5,1410650.0,992522.0,1085350.0
Q4G0W2,Q4G0W2,DUS28_HUMAN,DUSP28,,,4504.15,19324.9,
Q4G0X4,Q4G0X4;Q719H9,KCD21_HUMAN,KCTD21,,,,,
Q4G148;Q4G148-2,Q4G148;Q4G148-2,GXLT1_HUMAN,GXYLT1,3099.34,,12938.1,4425.389999999999,7160.74
Q4G176,Q4G176,ACSF3_HUMAN,ACSF3,15690.1,,,27556.0,1656.16
Q4J6C6;Q4J6C6-2;Q4J6C6-4,Q4J6C6;Q4J6C6-2;Q4J6C6-3;Q4J6C6-4,PPCEL_HUMAN,PREPL,,,,7409.755,
Q4KMG0;Q4KMG0-2,Q4KMG0;Q4KMG0-2,CDON_HUMAN,CDON,5099.360000000001,65413.0,,,
Q4KMP7,Q4KMP7,TB10B_HUMAN,TBC1D10B,,16566.9,10718.6,38965.2,15310.5
Q4KMQ1,Q4KMQ1,TPRN_HUMAN,TPRN,,,,,
Q4KMQ2-2,Q4KMQ2;Q4KMQ2-2;Q4KMQ2-3;Q4KMQ2-4,ANO6_HUMAN,ANO6,45439.3,18978.6,40106.2,80324.0,24590.85
Q4KWH8;Q4KWH8-2,Q4KWH8;Q4KWH8-2;Q4KWH8-3;Q4KWH8-4,PLCH1_HUMAN,PLCH1,59465.8,211414.0,80998.45000000001,137609.5,67866.6
Q4L180;Q4L180-2,Q4L180;Q4L180-2;Q4L180-3;Q4L180-5;Q4L180-6;Q4L180-7,FIL1L_HUMAN,FILIP1L,,,,,
Q4LDE5,Q4LDE5;Q4LDE5-2;Q4LDE5-4,SVEP1_HUMAN,SVEP1,4668.415,75112.1,428029.0,31906.9,26827.6
Q4LE39,Q4LE39;Q4LE39-2,ARI4B_HUMAN,ARID4B,,,30988.5,,
Q4U2R6,Q4U2R6,RM51_HUMAN,MRPL51,,,,,
Q4V328,Q4V328;Q4V328-2,GRAP1_HUMAN,GRIPAP1,,,28958.3,56011.0,24247.65
Q4VC05-2,Q4VC05-2,BCL7A_HUMAN,BCL7A,,,,,
Q4VC31,Q4VC31,MIX23_HUMAN,MIX23,,,,,
Q4VC44;Q4VC44-3,Q4VC44;Q4VC44-2;Q4VC44-3;Q4VC44-4;Q4VC44-5,FWCH1_HUMAN,FLYWCH1,,,,,
Q4VX76,Q4VX76;Q4VX76-2,SYTL3_HUMAN,SYTL3,,,,,
Q4W5G0,Q4W5G0,TIGD2_HUMAN,TIGD2,,,,,
Q4ZHG4,Q4ZHG4;Q4ZHG4-2,FNDC1_HUMAN,FNDC1,,7492.26,,,
Q4ZIN3;Q4ZIN3-2,Q4ZIN3;Q4ZIN3-2,MBRL_HUMAN,TMEM259,,,,,
Q504Q3;Q504Q3-2;Q504Q3-3,Q504Q3;Q504Q3-2;Q504Q3-3,PAN2_HUMAN,PAN2,,,728.65,4635.09,
Q52LA3,Q52LA3,LIN52_HUMAN,LIN52,,,,,
Q52LJ0,Q52LJ0;Q52LJ0-1,FA98B_HUMAN,FAM98B,,,,,
Q52LR7,Q52LR7,EPC2_HUMAN,EPC2,,,8661.4,,3134.73
Q53EL6;Q53EL6-2,Q53EL6;Q53EL6-2,PDCD4_HUMAN,PDCD4,,448894.0,519796.0,41613.15,8553.675
Q53EL9-2,Q53EL9;Q53EL9-2;Q53EL9-3;Q53EL9-4,SEZ6_HUMAN,SEZ6,,,5375.280000000001,,
Q53EP0,Q53EP0;Q53EP0-2,FND3B_HUMAN,FNDC3B,,,,,
Q53ET0,Q53ET0,CRTC2_HUMAN,CRTC2,,,,17457.9,
Q53EU6,Q53EU6,GPAT3_HUMAN,GPAT3,,,,23348.5,
Q53F19,Q53F19;Q53F19-2,NCBP3_HUMAN,NCBP3,,,53679.6,,
Q53F39;Q53F39-2;Q53F39-3,Q53F39;Q53F39-2;Q53F39-3;Q53F39-4,MPPE1_HUMAN,MPPE1,,,,,
Q53FA7,Q53FA7;Q53FA7-2,QORX_HUMAN,TP53I3,76493.5,,21511.65,73533.65,25037.5
Q53FT3,Q53FT3,HIKES_HUMAN,HIKESHI,,,3424.18,13339.7,
Q53FV1,Q53FV1,ORML2_HUMAN,ORMDL2,,,,,
Q53FZ2,Q53FZ2;Q53FZ2-2,ACSM3_HUMAN,ACSM3,,,,,
Q53G44,Q53G44,IF44L_HUMAN,IFI44L,,,,,
Q53G59;Q53G59-2,Q53G59;Q53G59-2,KLH12_HUMAN,KLHL12,,,,,
Q53GA4,Q53GA4,PHLA2_HUMAN,PHLDA2,,,,,
Q53GD3;Q53GD3-3,Q53GD3;Q53GD3-3;Q53GD3-2;Q53GD3-4,CTL4_HUMAN,SLC44A4,,,,,
Q53GG5-2;Q53GG5-3,Q53GG5;Q53GG5-2;Q53GG5-3,PDLI3_HUMAN,PDLIM3,,88968.4,,,
Q53GL0,Q53GL0;Q53GL0-2,PKHO1_HUMAN,PLEKHO1,,,20590.2,39750.1,5552.62
Q53GL7,Q53GL7,PAR10_HUMAN,PARP10,4116.59,,7502.66,20089.3,
Q53GQ0,Q53GQ0;Q53GQ0-2,DHB12_HUMAN,HSD17B12,,,34136.3,141626.0,30867.6
Q53GS7,Q53GS7;Q53GS7-2,GLE1_HUMAN,GLE1,,,,,
Q53GS9,Q53GS9;Q53GS9-2;Q53GS9-3,SNUT2_HUMAN,USP39,,,,,15645.3
Q53GT1,Q53GT1;Q53GT1-3,KLH22_HUMAN,KLHL22,,,,2042.9,
Q53H12,Q53H12,AGK_HUMAN,AGK,,,23320.5,40122.0,16532.25
Q53H47;Q53H47-3,Q53H47;Q53H47-3,SETMR_HUMAN,SETMAR,,1765.84,,,
Q53H76,Q53H76;Q53H76-2;Q53H76-3,PLA1A_HUMAN,PLA1A,1724.585,,14920.9,40643.6,30872.35
Q53H80,Q53H80,AKIR2_HUMAN,AKIRIN2,,,,,
Q53H82,Q53H82,LACB2_HUMAN,LACTB2,,,,,
Q53H96,Q53H96,P5CR3_HUMAN,PYCR3,,,4965.24,11490.0,6642.2
Q53HC0;Q53HC0-2,Q53HC0;Q53HC0-2,CCD92_HUMAN,CCDC92,,,3176.22,7726.4,
Q53HC5,Q53HC5,KLH26_HUMAN,KLHL26,,,,,
Q53HC9,Q53HC9,EIPR1_HUMAN,EIPR1,,,54457.0,12619.25,183930.0
Q53HV7,Q53HV7,SMUG1_HUMAN,SMUG1,,,,,
Q53LP3,Q53LP3,SWAHC_HUMAN,SOWAHC,,,,,
Q53QV2,Q53QV2,LBH_HUMAN,LBH,,,,,
Q53QZ3,Q53QZ3,RHG15_HUMAN,ARHGAP15,,,,10825.9,2386.86
Q53R41,Q53R41;Q53R41-2,FAKD1_HUMAN,FASTKD1,,19736.9,50348.7,,
Q53RD9;Q53RD9-2,Q53RD9;Q53RD9-2;Q53RD9-3;Q53RD9-4,FBLN7_HUMAN,FBLN7,2468.66,,24325.0,11649.85,18753.6
Q53RE8,Q53RE8,ANR39_HUMAN,ANKRD39,,,,,
Q53RT3;Q53RT3-2,Q53RT3;Q53RT3-2,APRV1_HUMAN,ASPRV1,,,,,7839.76
Q53S08;Q9H0N0,Q9H0N0;Q53S08,RAB6C_HUMAN;RAB6D_HUMAN,RAB6C;RAB6D,,,,,
Q53S33,Q53S33,BOLA3_HUMAN,BOLA3,,,,,
Q53S58,Q53S58,TM177_HUMAN,TMEM177,,,,,
Q53SF7;Q53SF7-2;Q53SF7-3,Q53SF7;Q53SF7-2;Q53SF7-3,COBL1_HUMAN,COBLL1,,,,,
Q53T59,Q53T59,H1BP3_HUMAN,HS1BP3,,,16804.95,20197.3,11146.1
Q53TN4;Q53TN4-3,Q53TN4;Q53TN4-3,CYBR1_HUMAN,CYBRD1,,,14904.05,48806.5,25680.5
Q562E7,Q562E7;Q562E7-4,WDR81_HUMAN,WDR81,,,17237.3,23762.8,39122.5
Q562R1,Q562R1,ACTBL_HUMAN,ACTBL2,3151.8,7700.525,1145800.0,6300700.0,130486.0
Q567U6,Q567U6,CCD93_HUMAN,CCDC93,,,8972.985,17716.1,27821.525
Q567V2,Q567V2;Q567V2-2,M17L2_HUMAN,MPV17L2,,,,,
Q56P03,Q56P03,EAPP_HUMAN,EAPP,,,,,
Q56VL3,Q56VL3,OCAD2_HUMAN,OCIAD2,,,,,
Q587I9,Q587I9,SFT2C_HUMAN,SFT2D3,,,,11385.3,2485.75
Q58A45,Q58A45;Q58A45-2;Q58A45-3,PAN3_HUMAN,PAN3,,,,4861.22,
Q58EX2-2,Q58EX2-2,SDK2_HUMAN,SDK2,,,,,
Q58FF6,Q58FF6,H90B4_HUMAN,HSP90AB4P,,,170998.0,287894.0,56039.0
Q58FF7,Q58FF7,H90B3_HUMAN,HSP90AB3P,,,10011.085,29065.3,
Q58FF8,Q58FF8,H90B2_HUMAN,HSP90AB2P,,,,49146.2,
Q58FG1,Q58FG1,HS904_HUMAN,HSP90AA4P,,,3626.14,21514.2,
Q58WW2-2,Q58WW2;Q58WW2-2;Q58WW2-3;Q58WW2-4,DCAF6_HUMAN,DCAF6,,120827.0,4507.68,8819.08,2268.69
Q58WW2-4,Q58WW2-3;Q58WW2-4,DCAF6_HUMAN,DCAF6,,,,,
Q59EK9;Q59EK9-2;Q59EK9-3;Q59EK9-4,Q59EK9;Q59EK9-3;Q59EK9-2;Q59EK9-4,RUN3A_HUMAN,RUNDC3A,,,23964.4,206133.0,70602.45
Q5BJD5,Q5BJD5,TM41B_HUMAN,TMEM41B,,,7415.45,8943.555,5143.585
Q5BJF2,Q5BJF2,SGMR2_HUMAN,TMEM97,,,,,
Q5BJF6;Q5BJF6-4,Q5BJF6;Q5BJF6-2;Q5BJF6-10;Q5BJF6-3;Q5BJF6-4;Q5BJF6-5;Q5BJF6-6;Q5BJF6-7;Q5BJF6-8;Q5BJF6-9,ODFP2_HUMAN,ODF2,,,,62115.5,6465.47
Q5BJH2,Q5BJH2,TM128_HUMAN,TMEM128,,,16389.6,17440.8,9041.23
Q5BJH7;Q5BJH7-3,Q5BJH7;Q5BJH7-2;Q5BJH7-3;Q5BJH7-4;Q5BJH7-5;Q5BJH7-6,YIF1B_HUMAN,YIF1B,,,3516.395,3908.81,
Q5BKT4,Q5BKT4;Q5I7T1,AG10A_HUMAN,ALG10,,,,26850.6,36637.0
Q5BKU9,Q5BKU9,OXLD1_HUMAN,OXLD1,,,,,
Q5BKX5,Q5BKX5;Q5BKX5-3,ACTMP_HUMAN,ACTMAP,,,,,
Q5BKY9;Q5BKY9-2,Q8N9E0;Q5BKY9;Q5BKY9-2,F133B_HUMAN,FAM133B,,,,,
Q5BKZ1,Q5BKZ1,ZN326_HUMAN,ZNF326,,,,,
Q5BVD1-3,Q5BVD1;Q5BVD1-2;Q5BVD1-3,TTMP_HUMAN,TTMP,,,,3241.58,
Q5C9Z4,Q5C9Z4,NOM1_HUMAN,NOM1,,,8906.28,,
Q5D1E8,Q5D1E8,ZC12A_HUMAN,ZC3H12A,,,,,
Q5D862,Q5D862,FILA2_HUMAN,FLG2,,43213.4,31214.3,72428.9,48411.5
Q5DT21,Q5DT21,ISK9_HUMAN,SPINK9,,17704.1,,,
Q5EB52;Q5EB52-2,Q5EB52;Q5EB52-2,MEST_HUMAN,MEST,,,,,
Q5EBL4,Q5EBL4;Q5EBL4-2;Q5EBL4-3,RIPL1_HUMAN,RILPL1,,,,,
Q5EBM0,Q5EBM0,CMPK2_HUMAN,CMPK2,56581.8,,,16716.2,
Q5EG05;Q5EG05-2,Q5EG05;Q5EG05-2,CAR16_HUMAN,CARD16,,,,,
Q5F1R6;Q5F1R6-2;Q5F1R6-3,Q5F1R6;Q5F1R6-2;Q5F1R6-3,DJC21_HUMAN,DNAJC21,,,5566.28,6748.19,
Q5FWF5,Q5FWF5,ESCO1_HUMAN,ESCO1,,,,,
Q5GLZ8;Q5GLZ8-2;Q5GLZ8-3,Q5GLZ8;Q5GLZ8-2;Q5GLZ8-3;Q5GLZ8-6,HERC4_HUMAN,HERC4,,84808.9,12064.9,22483.95,258489.0
Q5H8A4;Q5H8A4-2,Q5H8A4;Q5H8A4-2;Q5H8A4-3;Q5H8A4-4,PIGG_HUMAN,PIGG,,,,13129.8,18370.2
Q5H9E4,Q5H9E4,S2553_HUMAN,SLC25A53,,,,,
Q5H9F3,Q5H9F3;Q5H9F3-1;Q5H9F3-4,BCORL_HUMAN,BCORL1,,25168.3,,,
Q5H9R7;Q5H9R7-2,Q5H9R7;Q5H9R7-2;Q5H9R7-3;Q5H9R7-4;Q5H9R7-5;Q5H9R7-6,PP6R3_HUMAN,PPP6R3,214795.0,26987.0,26700.3,59583.4,15482.6
Q5H9S7,Q5H9S7,DCA17_HUMAN,DCAF17,,,,,
Q5H9U9,Q5H9U9,DDX6L_HUMAN,DDX60L,,,,,
Q5HYI7,Q5HYI7;Q5HYI7-4;Q5HYI7-5,MTX3_HUMAN,MTX3,,,,,
Q5HYI8,Q5HYI8,RABL3_HUMAN,RABL3,4202.82,,86886.7,36873.2,15739.3
Q5HYJ3,Q5HYJ3;Q5HYJ3-3;Q5HYJ3-2,FA76B_HUMAN,FAM76B,,,,,
Q5HYK3,Q5HYK3,COQ5_HUMAN,COQ5,,,,,
Q5HYW2,Q5HYW2;Q5HYW2-2,NHSL2_HUMAN,NHSL2,,,5610.02,,
Q5J8M3-2,Q5J8M3;Q5J8M3-2;Q5J8M3-3,EMC4_HUMAN,EMC4,,,3971.23,12534.215,
Q5JPB2,Q5JPB2,ZN831_HUMAN,ZNF831,,,,,
Q5JPE7-3,P69849;Q5JPE7;Q5JPE7-2;Q5JPE7-3,NOMO2_HUMAN,NOMO2,,,,,
Q5JPF3,Q8N2N9;A6QL64;Q5JPF3;A6QL64-3;Q8N2N9-2;Q8N2N9-3;Q5JPF3-2,AN36C_HUMAN,ANKRD36C,,,,,
Q5JPH6;Q5JPH6-2,Q5JPH6;Q5JPH6-2,SYEM_HUMAN,EARS2,,,,,
Q5JPI3;Q5JPI3-2,Q5JPI3;Q5JPI3-2,CC038_HUMAN,C3orf38,,,,,
Q5JPI9,Q5JPI9,EFMT2_HUMAN,EEF1AKMT2,,,,1064.76,
Q5JQS6,Q5JQS6;Q5JQS6-2,GSAML_HUMAN,GCSAML,,,5941.69,17225.95,4454.85
Q5JRA6,Q5JRA6;Q5JRA6-2;Q5JRA6-4,TGO1_HUMAN,MIA3,,63174.7,400297.0,79629.4,39937.5
Q5JRK9;Q7Z2X7,Q5JRK9;Q7Z2X7,GGEE3_HUMAN;PAGE2_HUMAN,PAGE2;PAGE2B,,5239.42,11868.8,,
Q5JRX3;Q5JRX3-2,Q5JRX3;Q5JRX3-2;Q5JRX3-3,PREP_HUMAN,PITRM1,,,7818.25,21064.8,5302.09
Q5JS37,Q5JS37,NHLC3_HUMAN,NHLRC3,,34636.1,,23344.3,
Q5JS54;Q5JS54-2,Q5JS54;Q5JS54-2;Q5JS54-3,PSMG4_HUMAN,PSMG4,,,,,
Q5JSH3,Q5JSH3;Q5JSH3-2;Q5JSH3-3;Q5JSH3-4,WDR44_HUMAN,WDR44,,74036.3,83508.8,215089.0,24093.1
Q5JSJ4,Q5JSJ4;Q5JSJ4-4,INT6L_HUMAN,INTS6L,,,,,
Q5JSL3,Q5JSL3,DOC11_HUMAN,DOCK11,,,17829.7,35462.85,19235.85
Q5JSP0,Q5JSP0,FGD3_HUMAN,FGD3,2299.3,,13306.8,30418.5,16934.35
Q5JST6,Q5JST6;Q5JST6-2,EFHC2_HUMAN,EFHC2,,,,,
Q5JSZ5,Q5JSZ5;Q5JSZ5-5,PRC2B_HUMAN,PRRC2B,,,,,
Q5JTC6;Q5JTC6-2,Q5JTC6;Q5JTC6-2,AMER1_HUMAN,AMER1,,,,,
Q5JTD0;Q5JTD0-2,Q5JTD0;Q5JTD0-2;Q5JTD0-4,TJAP1_HUMAN,TJAP1,,,,9028.45,
Q5JTH9;Q5JTH9-2;Q5JTH9-3,Q5JTH9;Q5JTH9-2;Q5JTH9-3,RRP12_HUMAN,RRP12,,,,,
Q5JTJ3;Q5JTJ3-2;Q5JTJ3-3,Q5JTJ3;Q5JTJ3-2;Q5JTJ3-3,COA6_HUMAN,COA6,,,,4858.33,
Q5JTV8,Q5JTV8;Q5JTV8-2;Q5JTV8-3,TOIP1_HUMAN,TOR1AIP1,,,,8457.36,
Q5JTV8-2,Q5JTV8-2;Q5JTV8-3,TOIP1_HUMAN,TOR1AIP1,,,,,
Q5JTW2;Q5JTW2-2;Q5JTW2-3;Q5JTW2-5,Q5JTW2;Q5JTW2-2;Q5JTW2-3;Q5JTW2-5,CEP78_HUMAN,CEP78,,,,,
Q5JTZ9,Q5JTZ9,SYAM_HUMAN,AARS2,4195.75,,11908.7,35595.14999999999,9633.54
Q5JU69,Q8N2E6;Q5JU69;Q5JU69-2,TOR2A_HUMAN,TOR2A,,,56288.55,52057.6,
Q5JU85,Q5JU85;Q5JU85-3,IQEC2_HUMAN,IQSEC2,,,,16232.3,
Q5JUQ0,Q5JUQ0,FA78A_HUMAN,FAM78A,,,,,
Q5JVF3;Q5JVF3-3;Q5JVF3-4,Q5JVF3;Q5JVF3-2;Q5JVF3-3;Q5JVF3-4,PCID2_HUMAN,PCID2,,,7168.13,,
Q5JVS0,Q5JVS0,HABP4_HUMAN,HABP4,,,,,17308.1
Q5JWR5,Q5JWR5,DOP1_HUMAN,DOP1A,,,,,
Q5JXA9,Q5JXA9,SIRB2_HUMAN,SIRPB2,,14937.9,,,
Q5JXC2,Q5JXC2,MIIP_HUMAN,MIIP,,,,,2020.6
Q5K4L6,Q5K4L6;Q5K4L6-2,S27A3_HUMAN,SLC27A3,,,2338.1,7934.89,17685.59
Q5K651,Q5K651,SAMD9_HUMAN,SAMD9,,,10107.8,15503.2,28263.4
Q5KU26,Q5KU26,COL12_HUMAN,COLEC12,,25101.0,6885.09,,
Q5M775,Q5M775;Q5M775-2,CYTSB_HUMAN,SPECC1,,,29014.55,46873.4,20910.95
Q5M7Z0,Q5M7Z0,RNFT1_HUMAN,RNFT1,,,,9316.7,
Q5M8T2,Q5M8T2,S35D3_HUMAN,SLC35D3,,,2913.86,15649.75,3261.85
Q5MIZ7;Q5MIZ7-2;Q5MIZ7-3,Q5MIZ7;Q5MIZ7-2;Q5MIZ7-3;Q5MIZ7-5,P4R3B_HUMAN,PPP4R3B,,,,24579.9,
Q5MNZ6,Q5MNZ6,WIPI3_HUMAN,WDR45B,1169.56,,,,
Q5MNZ9;Q5MNZ9-2,Q5MNZ9;Q5MNZ9-2,WIPI1_HUMAN,WIPI1,,,17945.455,8682.695,21770.15
Q5NDL2;Q5NDL2-3,Q5NDL2;Q5NDL2-2;Q5NDL2-3,EOGT_HUMAN,EOGT,,,4619.9,10343.2,
Q5PRF9,Q5PRF9,SMAG2_HUMAN,SAMD4B,,9865.26,,10128.8,10701.9
Q5PSV4;Q5PSV4-2,Q5PSV4;Q5PSV4-2,BRM1L_HUMAN,BRMS1L,,,,,
Q5QGZ9;Q5QGZ9-1;Q5QGZ9-4,Q5QGZ9;Q5QGZ9-1;Q5QGZ9-4,CL12A_HUMAN,CLEC12A,,,1862.38,,
Q5QJ74,Q5QJ74,TBCEL_HUMAN,TBCEL,,,,22142.4,
Q5QJE6,Q5QJE6,TDIF2_HUMAN,DNTTIP2,,,,,
Q5R372-8,B7ZAP0;Q5R372-5;Q5R372-6;Q5R372-7;Q5R372-8,RBG1L_HUMAN,RABGAP1L,486.007,,,19410.35,10239.7
Q5R372;Q5R372-4,Q5R372;Q5R372-2;Q5R372-3;Q5R372-4,RBG1L_HUMAN,RABGAP1L,,,,14099.345,
Q5R3I4,Q5R3I4,TTC38_HUMAN,TTC38,,,,9586.05,
Q5R3K3,Q5R3K3;Q5R3K3-2,CAHM6_HUMAN,CALHM6,,,,,
Q5RI15;Q5RI15-2,Q5RI15;Q5RI15-2,COX20_HUMAN,COX20,1793.065,,66153.6,28736.8,7122.66
Q5RKV6,Q5RKV6,EXOS6_HUMAN,EXOSC6,168615.0,,,,
Q5S007,Q5S007,LRRK2_HUMAN,LRRK2,13299.6,,51499.55,10822.015,
Q5SGD2,Q5SGD2;Q5SGD2-4,PPM1L_HUMAN,PPM1L,,26787.7,13968.2,19709.4,15078.06
Q5SNT2,Q5SNT2;Q5SNT2-2,TM201_HUMAN,TMEM201,,12739.1,,,
Q5SQ64,Q5SQ64;Q5SQ64-2,LY66F_HUMAN,LY6G6F,,,42535.4,287006.0,53932.10000000001
Q5SQH8;Q5SQH8-2;Q5SQH8-3;Q5SQH8-4,Q5SQH8;Q5SQH8-2;Q5SQH8-3;Q5SQH8-4,CF136_HUMAN,C6orf136,,,2426.06,,
Q5SQN1,Q5SQN1;Q5SQN1-2;Q5SQN1-3;Q5SQN1-4,SNP47_HUMAN,SNAP47,1679.48,,,6127.69,
Q5SRE5,Q5SRE5;Q5SRE5-2,NU188_HUMAN,NUP188,,10953.4,,,50191.45
Q5SRE7;Q5SRE7-2,Q5SRE7;Q5SRE7-2;Q5SRE7-3,PHYD1_HUMAN,PHYHD1,,,,8052.44,31616.0
Q5SRH9,Q5SRH9;Q5SRH9-4;Q5SRH9-5;Q5SRH9-6,TT39A_HUMAN,TTC39A,,,,,
Q5SRI9,Q5SRI9,MANEA_HUMAN,MANEA,,,,,
Q5SSJ5,Q5SSJ5;Q5SSJ5-2;Q5SSJ5-3,HP1B3_HUMAN,HP1BP3,,,5908.03,,
Q5ST30;Q5ST30-4,Q5ST30;Q5ST30-4;Q5ST30-3,SYVM_HUMAN,VARS2,,,,,
Q5SVS4,Q5SVS4,KMCP1_HUMAN,SLC25A30,,,,,
Q5SVZ6,Q5SVZ6,ZMYM1_HUMAN,ZMYM1,,,,8388.164999999999,
Q5SW79-3,Q5SW79;Q5SW79-2;Q5SW79-3,CE170_HUMAN,CEP170,2140.44,,10182.5,16651.9,13209.6
Q5SW96,Q5SW96,ARH_HUMAN,LDLRAP1,,17711.9,9149.3,21841.9,4622.38
Q5SWX8,Q5SWX8;Q5SWX8-3;Q5SWX8-4,ODR4_HUMAN,ODR4,,,,16374.74,1937.29
Q5SXM2,Q5SXM2,SNPC4_HUMAN,SNAPC4,,,,,
Q5SXM8,Q5SXM8,DNLZ_HUMAN,DNLZ,,,,,
Q5SY16,Q5SY16,NOL9_HUMAN,NOL9,,,,,
Q5SZK8,Q5SZK8;Q5SZK8-2,FREM2_HUMAN,FREM2,,,24720.6,20800.5,13770.0
Q5T011;Q5T011-5,Q5T011;Q5T011-5;Q5T011-4,SZT2_HUMAN,SZT2,,,,4800.86,27043.1
Q5T013,Q5T013;Q5T013-3,HYI_HUMAN,HYI,,76517.0,,19974.71,
Q5T0B9,Q5T0B9,ZN362_HUMAN,ZNF362,,,,,
Q5T0D9,Q5T0D9,TPRGL_HUMAN,TPRG1L,,,,,
Q5T0F9-2,Q5T0F9;Q5T0F9-2;Q5T0F9-3,C2D1B_HUMAN,CC2D1B,,,40007.0,19323.15,
Q5T0N5;Q5T0N5-2;Q5T0N5-3;Q5T0N5-4;Q5T0N5-5,Q5T0N5;Q5T0N5-2;Q5T0N5-3;Q5T0N5-4;Q5T0N5-5,FBP1L_HUMAN,FNBP1L,,,70302.23,25511.15,16474.9
Q5T0T0,Q5T0T0;Q5T0T0-2,MARH8_HUMAN,MARCHF8,,,1931.895,7049.61,
Q5T0W9,Q5T0W9,FA83B_HUMAN,FAM83B,,,,,
Q5T0Z8,Q5T0Z8,CF132_HUMAN,C6orf132,7176.309999999999,308141.0,,,
Q5T160,Q5T160,SYRM_HUMAN,RARS2,,,,4683.9,
Q5T1C6,Q5T1C6,THEM4_HUMAN,THEM4,,,,,
Q5T1M5,Q5T1M5;Q5T1M5-2,FKB15_HUMAN,FKBP15,,,13206.6,21605.3,16177.985
Q5T1V6;Q5T1V6-2,Q5T1V6;Q5T1V6-2,DDX59_HUMAN,DDX59,,,,,
Q5T200-2,Q5T200;Q5T200-2,ZC3HD_HUMAN,ZC3H13,,,,,
Q5T280,Q5T280,CI114_HUMAN,SPOUT1,,,,,
Q5T2D2,Q5T2D2,TRML2_HUMAN,TREML2,2367.25,91088.2,12256.1,,
Q5T2E6,Q5T2E6,ARMD3_HUMAN,ARMH3,,,,17281.9,
Q5T2R2;Q5T2R2-3,Q5T2R2;Q5T2R2-3,DPS1_HUMAN,PDSS1,,,,16517.9,
Q5T2T1,Q5T2T1,MPP7_HUMAN,MPP7,,,8913.35,16240.0,8249.68
Q5T3F8,Q5T3F8;Q5T3F8-3,CSCL2_HUMAN,TMEM63B,,,6894.21,37661.9,8041.93
Q5T3I0;Q5T3I0-3,Q5T3I0;Q5T3I0-3,GPTC4_HUMAN,GPATCH4,,,,,
Q5T3J3,Q5T3J3;Q5T3J3-2,LRIF1_HUMAN,LRIF1,,,,2420.61,
Q5T440,Q5T440,CAF17_HUMAN,IBA57,,,,6963.73,
Q5T447,Q5T447;Q5T447-2,HECD3_HUMAN,HECTD3,,,18357.3,64310.3,29407.65
Q5T4F4;Q5T4F4-2;Q5T4F4-3;Q5T4F4-8,Q5T4F4;Q5T4F4-2;Q5T4F4-3;Q5T4F4-5;Q5T4F4-6;Q5T4F4-7;Q5T4F4-8,ZFY27_HUMAN,ZFYVE27,,,,,
Q5T4S7;Q5T4S7-2;Q5T4S7-3,Q5T4S7;Q5T4S7-2;Q5T4S7-3;Q5T4S7-4,UBR4_HUMAN,UBR4,99063.8,,52156.5,148598.0,29716.3
Q5T5C0,Q5T5C0;Q5T5C0-2;Q5T5C0-3,STXB5_HUMAN,STXBP5,455520.0,,18735.7,67680.6,49017.1
Q5T5P2,Q5T5P2;Q5T5P2-3,SKT_HUMAN,KIAA1217,,,,,
Q5T5U3,Q5T5U3,RHG21_HUMAN,ARHGAP21,10027.4,,16641.8,27116.3,7656.63
Q5T5Y3;Q5T5Y3-3,Q5T5Y3;Q5T5Y3-3;Q5T5Y3-2,CAMP1_HUMAN,CAMSAP1,,,,,
Q5T653,Q5T653,RM02_HUMAN,MRPL2,,,2717.06,,
Q5T6F0,Q5T6F0,DCA12_HUMAN,DCAF12,,,,,
Q5T6F2,Q5T6F2,UBAP2_HUMAN,UBAP2,,,,,
Q5T6J7;Q5T6J7-2,Q5T6J7;Q5T6J7-2;Q5T6J7-3,GNTK_HUMAN,IDNK,,,,,
Q5T6V5,Q5T6V5,QNG1_HUMAN,QNG1,,,,10013.9,
Q5T749,Q5T749,KPRP_HUMAN,KPRP,,38545.6,19015.3,52760.2,56222.3
Q5T750,Q5T750,XP32_HUMAN,XP32,,,62303.0,399155.45,219536.15
Q5T7M9,Q5T7M9,DIK1A_HUMAN,DIPK1A,,,,,
Q5T7V8,Q5T7V8,GORAB_HUMAN,GORAB,,,,,
Q5T7W0;Q5T7W0-2;Q5T7W0-4,Q5T7W0;Q5T7W0-2;Q5T7W0-4,ZN618_HUMAN,ZNF618,,65925.9,21868.5,82319.79999999999,98214.55
Q5T8D3;Q5T8D3-2;Q5T8D3-3,Q5T8D3;Q5T8D3-2;Q5T8D3-3,ACBD5_HUMAN,ACBD5,,,,,
Q5T8I3,Q5T8I3,EEIG2_HUMAN,EEIG2,,,,,
Q5T8P6;Q5T8P6-2,Q5T8P6;Q5T8P6-2;Q5T8P6-3;Q5T8P6-6,RBM26_HUMAN,RBM26,,,,,
Q5T9A4,Q5T9A4;Q5T9A4-3,ATD3B_HUMAN,ATAD3B,,7589.21,,,
Q5T9C2,Q5T9C2;Q5T9C2-3,EEIG1_HUMAN,EEIG1,,,,,
Q5T9L3;Q5T9L3-2;Q5T9L3-3,Q5T9L3;Q5T9L3-2;Q5T9L3-3,WLS_HUMAN,WLS,,,,,
Q5TA45;Q5TA45-2;Q5TA45-3,Q5TA45;Q5TA45-2;Q5TA45-3,INT11_HUMAN,INTS11,,,,,
Q5TA50,Q5TA50,CPTP_HUMAN,CPTP,,,,4805.46,
Q5TA79,O14633;Q5T7P3;Q5TA76;Q5TA78;Q5TA79;Q5TA81;Q5TA82;Q9BYE3,LCE2A_HUMAN,LCE2A,,,,107285.0,23550.5
Q5TAA0,Q5TAA0;Q5TAA0-2,TTC22_HUMAN,TTC22,,,,,
Q5TAQ9,Q5TAQ9;Q5TAQ9-2,DCAF8_HUMAN,DCAF8,,,,,
Q5TAX3,Q5TAX3;Q5TAX3-2,TUT4_HUMAN,TUT4,,,,114480.0,
Q5TB80,Q5TB80,CE162_HUMAN,CEP162,,,,,
Q5TBA9,Q5TBA9,FRY_HUMAN,FRY,,,,17441.4,7316.49
Q5TBB1,Q5TBB1;Q5TBB1-2,RNH2B_HUMAN,RNASEH2B,,,4626.93,,
Q5TC12,Q5TC12;Q5TC12-2;Q5TC12-3,ATPF1_HUMAN,ATPAF1,,,4381.24,23840.2,
Q5TC63;Q5TC63-3,Q5TC63;Q5TC63-2;Q5TC63-3,GRTP1_HUMAN,GRTP1,,,,,
Q5TC82;Q5TC82-2,Q5TC82;Q5TC82-2,RC3H1_HUMAN,RC3H1,,,,,
Q5TC84,Q5TC84,OGRL1_HUMAN,OGFRL1,,,,5375.135,
Q5TCQ9;Q5TCQ9-1,Q5TCQ9;Q5TCQ9-1;Q5TCQ9-2;Q5TCQ9-3,MAGI3_HUMAN,MAGI3,,,,,
Q5TCZ1,Q5TCZ1;Q5TCZ1-2;Q5TCZ1-3,SPD2A_HUMAN,SH3PXD2A,,,15923.9,19417.4,8228.869999999999
Q5TCZ1-2,Q5TCZ1-2,SPD2A_HUMAN,SH3PXD2A,,,,,
Q5TDH0;Q5TDH0-3,Q5TDH0;Q5TDH0-2;Q5TDH0-3,DDI2_HUMAN,DDI2,2044.85,,10421.6,72420.0,6278.405000000001
Q5TEC6,P68431;P84243;Q16695;Q6NXT2;Q71DI3;Q5TEC6,H37_HUMAN,H3-7,,,,,8619.23
Q5TEJ8,Q5TEJ8;Q5TEJ8-2;Q5TEJ8-3;Q5TEJ8-5;Q5TEJ8-6,THMS2_HUMAN,THEMIS2,46469.0,,,18390.8,
Q5TEU4,Q5TEU4,NDUF5_HUMAN,NDUFAF5,,,,,
Q5TF21,Q5TF21,SOGA3_HUMAN,SOGA3,,,,,
Q5TF58,Q0D2I5;Q0D2I5-5;Q0D2I5-4;Q0D2I5-7;Q5TF58,IFFO2_HUMAN,IFFO2,1096.21,,9501.365,,58399.2
Q5TFE4,Q5TFE4,NT5D1_HUMAN,NT5DC1,,,1675870.0,10009.295,
Q5TFQ8,Q5TFQ8,SIRBL_HUMAN,SIRPB1,,55918.8,3961.045,,
Q5TGY3,Q5TGY3,AHDC1_HUMAN,AHDC1,,142020.0,8589.67,4501.6,
Q5THJ4;Q5THJ4-2,Q5THJ4;Q5THJ4-2,VP13D_HUMAN,VPS13D,21353.9,,,,
Q5THK1;Q5THK1-2;Q5THK1-4,Q5THK1;Q5THK1-2;Q5THK1-4,PR14L_HUMAN,PRR14L,,,,,
Q5TKA1,Q5TKA1;Q5TKA1-2;Q5TKA1-3,LIN9_HUMAN,LIN9,,5430.8,,16001.3,5324.45
Q5TZA2,Q5TZA2;Q8IVE0,CROCC_HUMAN,CROCC,,,,33798.5,6457.425
Q5U3C3,Q5U3C3;Q5U3C3-2,TM164_HUMAN,TMEM164,,,,13044.9,5693.43
Q5U5Q3,Q5U5Q3,MEX3C_HUMAN,MEX3C,,,,,
Q5U5Z8,Q5U5Z8,CBPC2_HUMAN,AGBL2,,15251.2,2398.13,5849.615,6608.79
Q5U651,Q5U651,RAIN_HUMAN,RASIP1,,,,11473.0,2995.71
Q5UCC4-2,Q5UCC4;Q5UCC4-2,EMC10_HUMAN,EMC10,,,,6336.96,
Q5UE93,Q5UE93,PI3R6_HUMAN,PIK3R6,,,55722.39999999999,84289.1,49339.39999999999
Q5UIP0;Q5UIP0-2,Q5UIP0;Q5UIP0-2,RIF1_HUMAN,RIF1,,,,,
Q5VIR6,Q5VIR6;Q5VIR6-1;Q5VIR6-2;Q5VIR6-3,VPS53_HUMAN,VPS53,,36510.6,5372.615,9216.15,
Q5VSL9,Q5VSL9;Q5VSL9-2;Q5VSL9-4,STRP1_HUMAN,STRIP1,,,,,
Q5VST6;Q5VST6-2,Q5VST6;Q5VST6-2,AB17B_HUMAN,ABHD17B,,,2775.49,11228.6,5039.73
Q5VST9-3,Q5VST9;Q5VST9-3;Q5VST9-2;Q5VST9-5;Q5VST9-6,OBSCN_HUMAN,OBSCN,,,44526.9,7499.61,29466.5
Q5VT06,Q5VT06,CE350_HUMAN,CEP350,,,,47813.1,11256.33
Q5VT25-2,Q5VT25;Q5VT25-2;Q5VT25-3;Q5VT25-4;Q5VT25-5;Q5VT25-6,MRCKA_HUMAN,CDC42BPA,,,7073.32,,21824.3
Q5VT52;Q5VT52-3,Q5VT52;Q5VT52-2;Q5VT52-3;Q5VT52-5,RPRD2_HUMAN,RPRD2,,,,,
Q5VT66;Q5VT66-2,Q5VT66;Q5VT66-2;Q5VT66-3,MARC1_HUMAN,MTARC1,,,97670.05,1375530.0,988076.0
Q5VT79,P13928;Q5VT79;P13928-3,AXA81_HUMAN,ANXA8L1,,,18524.4,,
Q5VTB9;Q5VTB9-3,Q5VTB9;Q5VTB9-3,RN220_HUMAN,RNF220,,,,,
Q5VTE6-2,Q5VTE6;Q5VTE6-2,ANGE2_HUMAN,ANGEL2,,,,,
Q5VTL8,Q5VTL8;Q5VTL8-2,PR38B_HUMAN,PRPF38B,,,,1883.63,
Q5VTQ0;Q5VTQ0-2;Q5VTQ0-4,Q5VTQ0;Q5VTQ0-2;Q5VTQ0-3;Q5VTQ0-4;Q5VTQ0-5;Q5VTQ0-6,TT39B_HUMAN,TTC39B,,,3394.44,14297.65,
Q5VTR2,Q5VTR2,BRE1A_HUMAN,RNF20,,,50506.6,,9590.77
Q5VU43-13,Q5VU43;Q5VU43-2;Q5VU43-13;Q5VU43-3;Q5VU43-4;Q5VU43-6;Q5VU43-7,MYOME_HUMAN,PDE4DIP,,,13417.9,,12340.1
Q5VU97,Q5VU97,CAHD1_HUMAN,CACHD1,,,,,2752.905
Q5VUA4,Q5VUA4,ZN318_HUMAN,ZNF318,,,,12240.75,
Q5VUD6;Q5VUD6-2,Q5VUD6;Q5VUD6-2,DIK1B_HUMAN,DIPK1B,,,,,
Q5VUM1,Q5VUM1,SDHF4_HUMAN,SDHAF4,,,,,
Q5VV41;Q5VV41-2,Q5VV41;Q5VV41-2,ARHGG_HUMAN,ARHGEF16,,,,,
Q5VV42,Q5VV42,CDKAL_HUMAN,CDKAL1,,,,,
Q5VV52-3,Q5VV52;Q5VV52-3,ZN691_HUMAN,ZNF691,,,,3470.665,
Q5VVJ2-3,Q5VVJ2-3,MYSM1_HUMAN,MYSM1,12453.9,,,,
Q5VVQ6,Q5VVQ6;Q5VVQ6-2,OTU1_HUMAN,YOD1,,,5862.36,15739.05,3888.62
Q5VW32,Q5VW32;Q5VW32-2,BROX_HUMAN,BROX,,,8594.395,24945.7,
Q5VW36,Q5VW36,FOCAD_HUMAN,FOCAD,1814.65,189704.0,6080.23,16302.0,8503.42
Q5VW38,Q5VW38;Q5VW38-2;Q5VW38-3,GP107_HUMAN,GPR107,,,,,
Q5VWC8,Q5VWC8,HACD4_HUMAN,HACD4,,,37976.4,47621.8,52650.8
Q5VWG9,Q5VWG9,TAF3_HUMAN,TAF3,,,,,
Q5VWJ9,Q5VWJ9,SNX30_HUMAN,SNX30,,,,13681.5,
Q5VWN6,Q5VWN6,TASO2_HUMAN,TASOR2,,,,,
Q5VWP2,Q5VWP2;Q96A09,TET5C_HUMAN,TENT5C,,,,,
Q5VWQ0,Q5VWQ0;Q5VWQ0-4,RSBN1_HUMAN,RSBN1,,,,,
Q5VWZ2,Q5VWZ2;Q5VWZ2-2,LYPL1_HUMAN,LYPLAL1,27572.6,,10971.1,19249.5,
Q5VXU3-2,Q5VXU3;Q5VXU3-2,CHIC1_HUMAN,CHIC1,,,,,
Q5VY09,Q5VY09,IER5_HUMAN,IER5,,,,117216.0,6537.795
Q5VY43,Q5VY43,PEAR1_HUMAN,PEAR1,8743.61,12213.6,17021.4,37146.5,12871.8
Q5VYK3,Q5VYK3,ECM29_HUMAN,ECPAS,32327.05,280094.0,12181.935,33935.05,15064.7
Q5VYS8,Q5VYS8;Q5VYS8-5;Q5VYS8-2;Q5VYS8-3;Q5VYS8-4;Q5VYS8-6,TUT7_HUMAN,TUT7,21797.3,,4991.95,20849.15,4955.37
Q5VYY1,Q5VYY1,ANR22_HUMAN,ANKRD22,,,,17663.8,14477.9
Q5VZ89,Q5VZ89;Q5VZ89-3;Q5VZ89-5;Q5VZ89-7,DEN4C_HUMAN,DENND4C,,,19201.85,27356.4,5017.834999999999
Q5VZE5,Q5VZE5,NAA35_HUMAN,NAA35,5056.94,,,2187.51,
Q5VZK9;Q5VZK9-2,Q5VZK9;Q5VZK9-2,CARL1_HUMAN,CARMIL1,,8636.54,15449.7,22077.2,18714.9
Q5VZL5;Q5VZL5-4,Q5VZL5;Q5VZL5-3;Q5VZL5-4,ZMYM4_HUMAN,ZMYM4,,,,,
Q5VZQ5,Q5VZQ5,TEX36_HUMAN,TEX36,,,,,
Q5W041;Q5W041-3;Q5W041-4,Q5W041;Q5W041-3;Q5W041-4;Q5W041-5,ARMC3_HUMAN,ARMC3,,,,,
Q5W0V3,Q5W0V3;Q5W0V3-2,FHI2A_HUMAN,FHIP2A,,,16111.0,49012.0,5820.11
Q5W0Z9,Q5W0Z9,ZDH20_HUMAN,ZDHHC20,,,5880.55,,6951.74
Q5W0Z9-3,Q5W0Z9-3,ZDH20_HUMAN,ZDHHC20,,,,,
Q5W111,Q5W111;Q5W111-2,SPRY7_HUMAN,SPRYD7,,,5016.639999999999,9171.71,8434.43
Q5XKP0,Q5XKP0,MIC13_HUMAN,MICOS13,,,,13811.5,9774.46
Q5XPI4,Q5XPI4;Q5XPI4-2,RN123_HUMAN,RNF123,,,14431.1,103911.0,17801.3
Q5XUX1,Q5XUX1;Q5XUX1-2,FBXW9_HUMAN,FBXW9,,,,7789.915,
Q5ZPR3;Q5ZPR3-3;Q5ZPR3-4,Q5ZPR3;Q5ZPR3-2;Q5ZPR3-3;Q5ZPR3-4,CD276_HUMAN,CD276,1072.56,28290.2,,7195.88,
Q60I27,Q60I27;Q60I27-2,AL2CL_HUMAN,ALS2CL,,,,,
Q629K1,Q629K1,TRIQK_HUMAN,TRIQK,,7581.87,25790.3,31157.8,20842.1
Q63HN8,Q63HN8;Q63HN8-4,RN213_HUMAN,RNF213,82761.45,89910.9,7731.045,37394.7,10185.93
Q63ZY3-3,Q63ZY3;Q63ZY3-2;Q63ZY3-3,KANK2_HUMAN,KANK2,,,4531.74,37967.9,7860.31
Q641Q2,Q641Q2;Q9Y4E1;Q9Y4E1-1;Q9Y4E1-2;Q9Y4E1-3;Q9Y4E1-4;Q9Y4E1-5;Q9Y4E1-6;Q641Q2-2,WAC2A_HUMAN,WASHC2A,15242.8,22516.6,13955.4,35362.1,26567.1
Q643R3,Q643R3,LPCT4_HUMAN,LPCAT4,,,,8210.05,
Q64LD2,Q64LD2,WDR25_HUMAN,WDR25,,,,,
Q658P3;Q658P3-2,Q658P3;Q658P3-2;Q658P3-3;Q658P3-4,STEA3_HUMAN,STEAP3,,,39668.5,147504.0,17731.3
Q658Y4,Q658Y4,F91A1_HUMAN,FAM91A1,,,13068.7,17793.1,75839.7
Q659A1,Q659A1,ICE2_HUMAN,ICE2,,,,1178.49,
Q659C4,Q659C4;Q659C4-6;Q659C4-2;Q659C4-8,LAR1B_HUMAN,LARP1B,,,,,
Q66GS9,Q66GS9,CP135_HUMAN,CEP135,,,15427.5,38398.5,
Q66K14;Q66K14-2,Q66K14;Q66K14-2,TBC9B_HUMAN,TBC1D9B,,,28203.1,34059.65,216069.0
Q66K74;Q66K74-2,Q66K74;Q66K74-2,MAP1S_HUMAN,MAP1S,,,15225.1,42181.75,17996.6
Q66LE6,Q66LE6,2ABD_HUMAN,PPP2R2D,,,,11808.05,
Q66PJ3;Q66PJ3-1;Q66PJ3-10;Q66PJ3-2;Q66PJ3-3;Q66PJ3-4;Q66PJ3-7;Q66PJ3-9,Q66PJ3;Q66PJ3-4;Q66PJ3-1;Q66PJ3-10;Q66PJ3-2;Q66PJ3-3;Q66PJ3-7;Q66PJ3-9,AR6P4_HUMAN,ARL6IP4,,,,,
Q674X7,Q674X7;Q674X7-2;Q674X7-3;Q674X7-4;Q674X7-5,KAZRN_HUMAN,KAZN,,,,4068.01,
Q676U5,Q676U5;Q676U5-2;Q676U5-3,A16L1_HUMAN,ATG16L1,,,7022.775000000001,13173.6,11586.0
Q684P5,Q684P5;Q684P5-2;Q684P5-3,RPGP2_HUMAN,RAP1GAP2,,,23006.1,30766.0,13478.9
Q687X5,Q687X5,STEA4_HUMAN,STEAP4,,,,9897.45,5102.9
Q68BL7,Q68BL7,OLM2A_HUMAN,OLFML2A,,,16438.15,8224.04,4992.87
Q68BL8,Q68BL8,OLM2B_HUMAN,OLFML2B,,,,,
Q68CJ9;Q68CJ9-2;Q68CJ9-4,Q68CJ9;Q68CJ9-2;Q68CJ9-4,CR3L3_HUMAN,CREB3L3,,9664.310000000001,,,
Q68CP4;Q68CP4-2,Q68CP4;Q68CP4-2,HGNAT_HUMAN,HGSNAT,,,,,
Q68CP9,Q68CP9;Q68CP9-3,ARID2_HUMAN,ARID2,,,,,20187.1
Q68CQ4,Q68CQ4,UTP25_HUMAN,UTP25,,,,,
Q68CQ7,Q68CQ7;Q68CQ7-2,GL8D1_HUMAN,GLT8D1,,,,,
Q68CZ2,Q68CZ2;Q68CZ2-2,TENS3_HUMAN,TNS3,,,,,
Q68CZ6,Q68CZ6;Q68CZ6-2,HAUS3_HUMAN,HAUS3,,,,,
Q68D10;Q68D10-2,Q68D10;Q68D10-2,SPT2_HUMAN,SPTY2D1,,,,,
Q68D51,Q68D51;Q68D51-2;Q68D51-3,DEN2C_HUMAN,DENND2C,,95326.7,18003.05,69401.45000000001,27797.4
Q68D91,Q68D91,MBLC2_HUMAN,MBLAC2,,,4472.52,22609.4,1507.29
Q68DA7-5,Q68DA7-3;Q68DA7-5,FMN1_HUMAN,FMN1,2617.73,5876.14,,,
Q68DD2;Q68DD2-3,Q68DD2;Q68DD2-2;Q68DD2-3,PA24F_HUMAN,PLA2G4F,,,,,
Q68DH5,Q68DH5,LMBD2_HUMAN,LMBRD2,,,,,
Q68DK2,Q68DK2;Q68DK2-5;Q68DK2-2;Q68DK2-3,ZFY26_HUMAN,ZFYVE26,,,4362.74,,10267.3
Q68DK7,Q68DK7,MSL1_HUMAN,MSL1,,,,,
Q68DL7,Q68DL7,CR063_HUMAN,C18orf63,388093.0,276153.0,118875.0,243905.0,195399.0
Q68DQ2,Q68DQ2;Q68DQ2-1;Q68DQ2-2,CRBG3_HUMAN,CRYBG3,,,,24182.8,
Q68DU8,Q68DU8,KCD16_HUMAN,KCTD16,,,,,
Q68E01;Q68E01-2,Q68E01;Q68E01-2,INT3_HUMAN,INTS3,,,,,
Q68EM7,Q68EM7;Q68EM7-2;Q68EM7-3;Q68EM7-5;Q68EM7-6;Q68EM7-7,RHG17_HUMAN,ARHGAP17,,29937.8,16175.2,64060.8,13079.94
Q69YI7,Q69YI7,NAIF1_HUMAN,NAIF1,,,,,
Q69YL0,Q69YL0,NCAS2_HUMAN,NCBP2AS2,,,,,
Q69YN2,Q69YN2;Q69YN2-2;Q69YN2-3,C19L1_HUMAN,CWF19L1,,,60650.8,,
Q69YN4;Q69YN4-3,Q69YN4;Q69YN4-2;Q69YN4-3,VIR_HUMAN,VIRMA,,,70287.0,58114.0,20765.4
Q69YQ0;Q69YQ0-2,Q69YQ0;Q69YQ0-2,CYTSA_HUMAN,SPECC1L,,,,,73740.9
Q69YW2,Q69YW2,STUM_HUMAN,STUM,,,,,5202.54
Q6AI08,Q6AI08,HEAT6_HUMAN,HEATR6,,,,,
Q6AI39,Q6AI39,BICRL_HUMAN,BICRAL,6195.38,15729.9,20883.3,51289.65,26069.5
Q6AWC2-2,Q6AWC2-2,WWC2_HUMAN,WWC2,3917.44,249273.0,106825.0,21394.8,169299.0
Q6AZY7,Q6AZY7;Q6AZY7-2,SCAR3_HUMAN,SCARA3,,21136.9,31737.55,,
Q6B0K9,Q6B0K9,HBM_HUMAN,HBM,,,7457.7,17834.05,
Q6BCY4,Q6BCY4,NB5R2_HUMAN,CYB5R2,,,,,
Q6BDS2,Q6BDS2,BLT3A_HUMAN,BLTP3A,13106.6,25359.3,,15480.8,75232.5
Q6DCA0,Q6DCA0,AMERL_HUMAN,AMMECR1L,,,,,
Q6DD87,Q6DD87,ZN787_HUMAN,ZNF787,,,,,
Q6DD88,Q6DD88,ATLA3_HUMAN,ATL3,,,20625.4,82780.6,27502.3
Q6DHV7,Q6DHV7;Q6DHV7-2;Q6DHV7-3,ADAL_HUMAN,ADAL,,,,,
Q6DKI1,Q6DKI1,RL7L_HUMAN,RPL7L1,,,,,
Q6DKJ4,Q6DKJ4;Q6DKJ4-2;Q6DKJ4-3,NXN_HUMAN,NXN,,,,,
Q6DKK2,Q6DKK2,TTC19_HUMAN,TTC19,,,,,
Q6DN12;Q6DN12-2,Q6DN12;Q6DN12-2;Q6DN12-6,MCTP2_HUMAN,MCTP2,,,,9389.495,
Q6DN14,Q6DN14;Q6DN14-2;Q6DN14-3;Q6DN14-5,MCTP1_HUMAN,MCTP1,,,3562.16,17972.8,5762.72
Q6DN90-3,Q6DN90;Q6DN90-2;Q6DN90-3,IQEC1_HUMAN,IQSEC1,,205578.5,,12050.8,55737.8
Q6DT37,Q6DT37,MRCKG_HUMAN,CDC42BPG,,,4007.86,,
Q6E0U4-16,Q6E0U4;Q6E0U4-16;Q6E0U4-2;Q6E0U4-3;Q6E0U4-4;Q6E0U4-5;Q6E0U4-6;Q6E0U4-7,DMKN_HUMAN,DMKN,6970.06,186088.0,64101.7,37277.9,21506.1
Q6E0U4-3;Q6E0U4-7,Q6E0U4;Q6E0U4-3;Q6E0U4-5;Q6E0U4-6;Q6E0U4-7,DMKN_HUMAN,DMKN,,,,,
Q6E0U4-4,Q6E0U4-12;Q6E0U4-14;Q6E0U4-4,DMKN_HUMAN,DMKN,,4485.495,,,
Q6EEV4-2,Q6EEV4;Q6EEV4-2,GL1AD_HUMAN,POLR2M,,15528.05,,,
Q6EMK4,Q6EMK4,VASN_HUMAN,VASN,43277.2,222096.0,76493.3,23269.4,25731.3
Q6F5E8,Q6F5E8;Q6F5E8-2,CARL2_HUMAN,CARMIL2,,,18488.6,,
Q6FHJ7,Q6FHJ7,SFRP4_HUMAN,SFRP4,,83359.6,,,40776.3
Q6FI81;Q6FI81-3,Q6FI81;Q6FI81-2;Q6FI81-3,CPIN1_HUMAN,CIAPIN1,,144751.0,12446.61,21207.8,
Q6FIF0;Q6FIF0-2,Q6FIF0;Q6FIF0-2,ZFAN6_HUMAN,ZFAND6,,,,,
Q6GMV2,Q6GMV2,SMYD5_HUMAN,SMYD5,,,8096.5,11047.8,
Q6GMV3,Q6GMV3,PTRD1_HUMAN,PTRHD1,,,5957.02,17992.5,
Q6GPH6;Q6GPH6-2;Q6GPH6-3,Q6GPH6;Q6GPH6-2;Q6GPH6-3,IPIL1_HUMAN,ITPRIPL1,,,,7619.98,
Q6GQQ9;Q6GQQ9-2,Q6GQQ9;Q6GQQ9-2,OTU7B_HUMAN,OTUD7B,,,,7231.96,8427.76
Q6GTS8,Q6GTS8;Q6GTS8-2,P20D1_HUMAN,PM20D1,9363.564999999999,,23907.4,44642.2,46314.8
Q6GTX8;Q6GTX8-2;Q6GTX8-3,Q6GTX8;Q6GTX8-2;Q6GTX8-3;Q6GTX8-4,LAIR1_HUMAN,LAIR1,,99451.9,,,
Q6GYQ0;Q6GYQ0-2;Q6GYQ0-5;Q6GYQ0-7,Q6GYQ0;Q6GYQ0-2;Q6GYQ0-3;Q6GYQ0-4;Q6GYQ0-5;Q6GYQ0-6;Q6GYQ0-7,RGPA1_HUMAN,RALGAPA1,,,53060.2,11742.25,8358.54
Q6I9Y2,Q6I9Y2,THOC7_HUMAN,THOC7,,,,,24395.3
Q6IA17,Q6IA17,SIGIR_HUMAN,SIGIRR,,,10766.4,22298.5,2548.1
Q6IA69,Q6IA69;Q6IA69-2,NADE_HUMAN,NADSYN1,,,15683.85,18022.4,27637.95
Q6IA86-5,Q6IA86;Q6IA86-2;Q6IA86-3;Q6IA86-5;Q6IA86-6;Q6IA86-7,ELP2_HUMAN,ELP2,13013.1,,58727.0,83022.95000000001,21018.5
Q6IA86-7,Q6IA86;Q6IA86-3;Q6IA86-4;Q6IA86-6;Q6IA86-7,ELP2_HUMAN,ELP2,,,,,
Q6IAA8,Q6IAA8,LTOR1_HUMAN,LAMTOR1,,15967.2,41942.7,109470.0,26648.2
Q6IAN0,Q6IAN0,DRS7B_HUMAN,DHRS7B,,,8678.18,24549.6,5469.75
Q6IBS0,Q12792;Q6IBS0;Q12792-3;Q12792-4,TWF2_HUMAN,TWF2,,,38841.9,106769.0,29426.0
Q6IC98,Q6IC98,GRAM4_HUMAN,GRAMD4,,,,,
Q6ICB0,Q6ICB0,DESI1_HUMAN,DESI1,,,,,
Q6ICB4,Q6ICB4,SESQ2_HUMAN,PHETA2,,,,,
Q6ICG6;Q6ICG6-2;Q6ICG6-3,Q6ICG6;Q6ICG6-3;Q6ICG6-2,K0930_HUMAN,KIAA0930,,,,,
Q6ICL3;Q6ICL3-3;Q6ICL3-4,Q6ICL3;Q6ICL3-2;Q6ICL3-3;Q6ICL3-4;Q6ICL3-5,TNG2_HUMAN,TANGO2,525.285,,68089.5,49156.8,4883.79
Q6IE81;Q6IE81-2,Q6IE81;Q6IE81-3;Q6IE81-2,JADE1_HUMAN,JADE1,,,,,
Q6IEE7,Q6IEE7,T132E_HUMAN,TMEM132E,,,6074.75,,
Q6IEG0,Q6IEG0,SNR48_HUMAN,SNRNP48,,,,,
Q6IN84,Q6IN84;Q6IN84-2,MRM1_HUMAN,MRM1,,,,,
Q6IN85,Q6IN85;Q6IN85-2;Q6IN85-4,P4R3A_HUMAN,PPP4R3A,,,93941.9,15667.5,
Q6IPR1,Q6IPR1,ETFR1_HUMAN,ETFRF1,,,,,
Q6IQ20,Q6IQ20,NAPEP_HUMAN,NAPEPLD,,,,,
Q6IQ22,Q6IQ22,RAB12_HUMAN,RAB12,,,,23432.1,4616.97
Q6IQ23-2,Q6IQ23;Q6IQ23-2;Q6IQ23-3,PKHA7_HUMAN,PLEKHA7,2517.42,,,,
Q6IQ49;Q6IQ49-2,Q6IQ49;Q6IQ49-2;Q6IQ49-3,SDE2_HUMAN,SDE2,,,,,192792.0
Q6J4K2;Q6J4K2-2,Q6J4K2;Q6J4K2-2,NCLX_HUMAN,SLC8B1,,,,,
Q6JBY9,Q6JBY9;Q6JBY9-2,CPZIP_HUMAN,RCSD1,,25534.2,8063.02,6512.87,4771.57
Q6JQN1;Q6JQN1-5,Q6JQN1;Q6JQN1-2;Q6JQN1-3;Q6JQN1-5,ACD10_HUMAN,ACAD10,,,,,
Q6K0P9;Q6K0P9-2,Q6K0P9;Q6K0P9-2;Q6K0P9-3;Q6K0P9-4,IFIX_HUMAN,PYHIN1,1509.17,,,12364.3,89230.6
Q6KB66-2,Q6KB66;Q6KB66-2;Q6KB66-3,K2C80_HUMAN,KRT80,,166932.0,74573.0,80570.05,66984.7
Q6KC79,Q6KC79;Q6KC79-2,NIPBL_HUMAN,NIPBL,,,,117631.5,32619.75
Q6KCM7-4;Q6KCM7-5,Q6KCM7;Q6KCM7-2;Q6KCM7-3;Q6KCM7-4;Q6KCM7-5;Q6KCM7-6,SCMC2_HUMAN,SLC25A25,,,,,
Q6L8Q7;Q6L8Q7-2,Q6L8Q7;Q6L8Q7-2,PDE12_HUMAN,PDE12,,,34805.5,18692.35,21183.5
Q6MZM9,Q6MZM9,PRR27_HUMAN,PRR27,,15967.5,,,
Q6MZP7,Q6MZP7;Q6MZP7-3,LIN54_HUMAN,LIN54,,,,,
Q6MZQ0,Q6MZQ0;Q6MZQ0-3,PRR5L_HUMAN,PRR5L,,,,8866.295,2097.55
Q6N043;Q6N043-2,Q6N043;Q6N043-2;Q6N043-5,Z280D_HUMAN,ZNF280D,,,,,
Q6N063,Q6N063;Q6N063-2;Q6N063-4,OGFD2_HUMAN,OGFOD2,,,,,
Q6N069,Q6N069;Q6N069-2;Q6N069-3,NAA16_HUMAN,NAA16,,,8872.26,,
Q6N075;Q6N075-2,Q6N075;Q6N075-2,MFSD5_HUMAN,MFSD5,,,,,
Q6NSI4,Q6NSI4,RADX_HUMAN,RADX,,,,,
Q6NSJ2,Q6NSJ2;Q6NSJ2-2,PHLB3_HUMAN,PHLDB3,,,,8634.85,
Q6NSJ5,Q6NSJ5,LRC8E_HUMAN,LRRC8E,,,,,
Q6NSZ9;Q6NSZ9-2,Q6NSZ9;Q6NSZ9-2;Q6NSZ9-4,ZSC25_HUMAN,ZSCAN25,,,,,
Q6NT16,Q6NT16,S18B1_HUMAN,SLC18B1,,,,,
Q6NT55,Q6NT55,CP4FN_HUMAN,CYP4F22,,,,46431.79,
Q6NTE8-2,Q6NTE8;Q6NTE8-2,MRNIP_HUMAN,MRNIP,,,,,
Q6NUJ1,Q6NUJ1,SAPL1_HUMAN,PSAPL1,,,,21848.0,
Q6NUK1,Q6NUK1,SCMC1_HUMAN,SLC25A24,,,18576.85,39587.3,15391.5
Q6NUK4,Q6NUK4,REEP3_HUMAN,REEP3,,35977.3,91923.05,61381.5,120352.0
Q6NUM9,Q6NUM9;Q6NUM9-2,RETST_HUMAN,RETSAT,,,,,
Q6NUN9-2,Q6NUN9;Q6ZMS7;Q6NUN9-2;Q75MW2;Q6ZMS7-1;Q75MW2-2,ZN746_HUMAN,ZNF746,,,,,
Q6NUQ1,Q6NUQ1,RINT1_HUMAN,RINT1,,,,12046.905,
Q6NUQ4,Q6NUQ4;Q6NUQ4-2,TM214_HUMAN,TMEM214,,,,28944.6,
Q6NUS6;Q6NUS6-2,Q6NUS6;Q6NUS6-2;Q6NUS6-3,TECT3_HUMAN,TCTN3,,62965.5,,,
Q6NVY1,Q6NVY1;Q6NVY1-2,HIBCH_HUMAN,HIBCH,,,7929.06,40671.85000000001,7390.26
Q6NW29,Q6NW29,RWDD4_HUMAN,RWDD4,,,,,4891.25
Q6NW34;Q6NW34-2,Q6NW34;Q6NW34-2,NEPRO_HUMAN,NEPRO,,,,,
Q6NWY9-2,Q6NWY9;Q6NWY9-2;Q6NWY9-3,PR40B_HUMAN,PRPF40B,,,,,
Q6NXE6;Q6NXE6-2,Q6NXE6;Q6NXE6-2,ARMC6_HUMAN,ARMC6,,,,17357.95,
Q6NXG1;Q6NXG1-2;Q6NXG1-3;Q6NXG1-4;Q6NXG1-5,Q6NXG1;Q9H6T0;Q6NXG1-3;Q6NXG1-2;Q6NXG1-4;Q6NXG1-5;Q9H6T0-2,ESRP1_HUMAN,ESRP1,,,,,
Q6NXR4,Q6NXR4,TTI2_HUMAN,TTI2,,,,5772.67,
Q6NXT1,Q6NXT1,ANR54_HUMAN,ANKRD54,,,,8321.32,3472.54
Q6NXT4;Q6NXT4-2,Q6NXT4;Q6NXT4-2;Q6NXT4-3;Q6NXT4-4,ZNT6_HUMAN,SLC30A6,1639.39,,,6138.72,4992.22
Q6NXT6,Q6NXT6;Q6NXT6-2,TAPT1_HUMAN,TAPT1,,,4524.635,13007.65,5187.79
Q6NY19;Q6NY19-1,Q6NY19;Q6NY19-1,KANK3_HUMAN,KANK3,,,,,
Q6NYC1;Q6NYC1-2;Q6NYC1-3,Q6NYC1;Q6NYC1-2;Q6NYC1-3,JMJD6_HUMAN,JMJD6,,323437.0,15656.15,14119.1,10333.15
Q6NYC8,Q6NYC8;Q6NYC8-3;Q6NYC8-4,PPR18_HUMAN,PPP1R18,,,11324.35,17616.2,10708.23
Q6NZ67,Q6NZ67,MZT2B_HUMAN,MZT2B,,,,,
Q6NZI2,Q6NZI2;Q6NZI2-2;Q6NZI2-3,CAVN1_HUMAN,CAVIN1,,,,8201.51,1776.7
Q6NZY4,Q6NZY4,ZCHC8_HUMAN,ZCCHC8,,635622.0,,,
Q6NZY7,Q6NZY7,BORG3_HUMAN,CDC42EP5,,9300.85,,,
Q6P087,Q6P087;Q6P087-2,RUSD3_HUMAN,RPUSD3,,66722.1,,786.421,
Q6P158,Q6P158,DHX57_HUMAN,DHX57,,,,6863.485,
Q6P179;Q6P179-3,Q6P179;Q6P179-2;Q6P179-3;Q6P179-4,ERAP2_HUMAN,ERAP2,9590.55,314449.0,23044.5,17763.6,65755.4
Q6P1A2,Q6P1A2;Q6P1A2-2,MBOA5_HUMAN,LPCAT3,,,17749.4,85889.2,34164.75
Q6P1J6-4,Q6P1J6-4,PLB1_HUMAN,PLB1,,,51556.75,,
Q6P1J9,Q6P1J9,CDC73_HUMAN,CDC73,,,,,6262.6
Q6P1K2,Q6P1K2;Q6P1K2-2;Q6P1K2-4,PMF1_HUMAN,PMF1,6345.48,,,,
Q6P1L5,Q6P1L5,F117B_HUMAN,FAM117B,,,6661.6,,
Q6P1L8,Q6P1L8,RM14_HUMAN,MRPL14,,,1329.12,,
Q6P1M0,Q6P1M0;Q6P1M0-2,S27A4_HUMAN,SLC27A4,,,22762.5,40700.8,23167.75
Q6P1M3;Q6P1M3-2,Q6P1M3;Q6P1M3-2,L2GL2_HUMAN,LLGL2,,,,,11776.055
Q6P1N0,Q6P1N0,C2D1A_HUMAN,CC2D1A,,,21864.3,23880.6,4582.93
Q6P1N9,Q6P1N9;Q6P1N9-2,TATD1_HUMAN,TATDN1,,,,14348.2,10499.3
Q6P1Q0;Q6P1Q0-2;Q6P1Q0-7,Q6P1Q0;Q6P1Q0-2;Q6P1Q0-4;Q6P1Q0-7,LTMD1_HUMAN,LETMD1,,,,93463.8,
Q6P1Q9,Q6P1Q9;Q6P1Q9-2,MET2B_HUMAN,METTL2B,,,,,
Q6P1R3;Q6P1R3-3,Q6P1R3;Q6P1R3-3,MSD2_HUMAN,MSANTD2,,,,,
Q6P1R4,Q6P1R4,DUS1L_HUMAN,DUS1L,,,,,4075.66
Q6P1S2,Q6P1S2;Q6P1S2-2,CC033_HUMAN,C3orf33,,,,,
Q6P1W5,Q6P1W5,CA094_HUMAN,C1orf94,,,,,
Q6P1X5,Q6P1X5,TAF2_HUMAN,TAF2,,,,,
Q6P1X6,Q6P1X6;Q6P1X6-2,CH082_HUMAN,C8orf82,,,,6833.290000000001,
Q6P2C8,Q6P2C8;Q6P2C8-2,MED27_HUMAN,MED27,,,,,
Q6P2E9,Q6P2E9,EDC4_HUMAN,EDC4,,,38984.4,39800.9,18927.5
Q6P2H3;Q6P2H3-2;Q6P2H3-4,Q6P2H3;Q6P2H3-2;Q6P2H3-4,CEP85_HUMAN,CEP85,,,,,
Q6P2P2;Q6P2P2-2,Q6P2P2;Q6P2P2-2,ANM9_HUMAN,PRMT9,,,,,
Q6P2Q9,Q6P2Q9,PRP8_HUMAN,PRPF8,19103.9,667627.0,41446.1,86498.3,48076.7
Q6P3S1,Q6P3S1,DEN1B_HUMAN,DENND1B,,,,2374.4,
Q6P3S6,Q6P3S6,FBX42_HUMAN,FBXO42,,,,,
Q6P3W7,Q6P3W7,SCYL2_HUMAN,SCYL2,,25267.4,27170.9,49877.7,15386.75
Q6P3X3,Q6P3X3,TTC27_HUMAN,TTC27,,,19400.1,25253.0,7674.51
Q6P499;Q6P499-2,Q6P499;Q6P499-2,NPAL3_HUMAN,NIPAL3,,,,108979.5,
Q6P4A7,Q6P4A7;Q6P4A7-2;Q6P4A7-3,SFXN4_HUMAN,SFXN4,,,,7840.8,
Q6P4A7-3,Q6P4A7-3,SFXN4_HUMAN,SFXN4,,,,,
Q6P4A8,Q6P4A8,PLBL1_HUMAN,PLBD1,,,52649.9,52090.5,65997.5
Q6P4E1;Q6P4E1-5,Q6P4E1;Q6P4E1-2;Q6P4E1-5,GOLM2_HUMAN,GOLM2,,299937.0,116867.0,33893.8,
Q6P4I2,Q6P4I2,WDR73_HUMAN,WDR73,,,,,
Q6P4Q7,Q6P4Q7,CNNM4_HUMAN,CNNM4,,,,22006.4,
Q6P4R8;Q6P4R8-3,Q6P4R8;Q6P4R8-2;Q6P4R8-3,NFRKB_HUMAN,NFRKB,,,,,3978.73
Q6P587,Q6P587;Q6P587-2;Q6P587-3,FAHD1_HUMAN,FAHD1,,,14312.0,30726.9,15746.6
Q6P589,Q6P589,TP8L2_HUMAN,TNFAIP8L2,,,,34779.1,17963.7
Q6P597;Q6P597-3,Q6P597;Q6P597-3;Q6P597-2,KLC3_HUMAN,KLC3,,,,,6152.6
Q6P5S2,Q6P5S2,LEG1H_HUMAN,LEG1,,,,,
Q6P5X5,Q6P5X5,CV039_HUMAN,C22orf39,,,,,
Q6P5Z2,Q6P5Z2,PKN3_HUMAN,PKN3,,,,,
Q6P6C2,Q6P6C2;Q6P6C2-1;Q6P6C2-3,ALKB5_HUMAN,ALKBH5,,,,,
Q6P988,Q6P988,NOTUM_HUMAN,NOTUM,,,5398.58,10812.1,43958.4
Q6P996;Q6P996-4;Q6P996-5,Q6P996;Q6P996-2;Q6P996-3;Q6P996-4;Q6P996-5,PDXD1_HUMAN,PDXDC1,,,9005.94,26927.75,15023.85
Q6P9B6,Q6P9B6,MEAK7_HUMAN,MEAK7,,,4980.275,9028.07,
Q6P9B9,Q6P9B9,INT5_HUMAN,INTS5,,,,,
Q6P9F5,Q6P9F5;Q6P9F5-2,TRI40_HUMAN,TRIM40,,,,,
Q6P9F7,Q6P9F7,LRC8B_HUMAN,LRRC8B,,,,18908.0,2242.96
Q6P9H5,Q6P9H5;Q6P9H5-2,GIMA6_HUMAN,GIMAP6,,4641.34,,,
Q6PCB5,Q6PCB5;Q6PCB5-2,RSBNL_HUMAN,RSBN1L,,,,,4418.49
Q6PCB7,Q6PCB7;Q6PCB7-2,S27A1_HUMAN,SLC27A1,7250.53,,,10902.8,3699.92
Q6PCB8;Q6PCB8-2,Q6PCB8;Q6PCB8-2,EMB_HUMAN,EMB,,,4493.37,22479.0,
Q6PCE3,Q6PCE3,PGM2L_HUMAN,PGM2L1,,,24470.6,30519.15,281297.0
Q6PCT2;Q6PCT2-2,Q6PCT2;Q6PCT2-2;Q6PCT2-3,FXL19_HUMAN,FBXL19,,,,,
Q6PD62,Q6PD62,CTR9_HUMAN,CTR9,,198851.0,,,79752.1
Q6PD74,Q6PD74;Q6PD74-2,AAGAB_HUMAN,AAGAB,,,,11174.21,
Q6PEY2,P0DPH7;P0DPH8;Q6PEY2;P0DPH7-2,TBA3E_HUMAN,TUBA3E,,7824.315000000001,,51185.7,16554.5
Q6PFW1;Q6PFW1-2;Q6PFW1-3;Q6PFW1-5;Q6PFW1-7,Q6PFW1;Q6PFW1-2;Q6PFW1-3;Q6PFW1-4;Q6PFW1-5;Q6PFW1-6;Q6PFW1-7,VIP1_HUMAN,PPIP5K1,,,,,7202.55
Q6PGN9;Q6PGN9-2,Q6PGN9;Q6PGN9-2;Q6PGN9-4,PSRC1_HUMAN,PSRC1,,,,,
Q6PGP7,Q6PGP7,SKI3_HUMAN,SKIC3,,1131250.0,10085.31,26426.1,17238.65
Q6PHR2;Q6PHR2-3,Q6PHR2;Q6PHR2-2;Q6PHR2-3;Q6PHR2-4,ULK3_HUMAN,ULK3,,,,164146.5,5824.285
Q6PI47,Q6PI47;Q6PI47-2,KCD18_HUMAN,KCTD18,,,,,
Q6PI48,Q6PI48,SYDM_HUMAN,DARS2,,,54073.1,41463.9,
Q6PI73,Q6PI73;Q6PI73-2,LIRA6_HUMAN,LILRA6,665.26,36601.6,6302.7,9908.84,
Q6PI78,Q6PI78,TMM65_HUMAN,TMEM65,,,4409.43,12681.0,4184.11
Q6PI98,Q6PI98;Q6PI98-3;Q6PI98-4,IN80C_HUMAN,INO80C,,,,,
Q6PID6,Q6PID6,TTC33_HUMAN,TTC33,,,,,
Q6PIF6,Q6PIF6;Q6PIF6-2,MYO7B_HUMAN,MYO7B,,,,,
Q6PIJ6,Q6PIJ6;Q6PIJ6-2;Q6PIJ6-3,FBX38_HUMAN,FBXO38,,,,,
Q6PIJ6-2,Q6PIJ6-2,FBX38_HUMAN,FBXO38,,,,,
Q6PIU2,Q6PIU2;Q6PIU2-2,NCEH1_HUMAN,NCEH1,350794.0,976595.0,5932.37,29880.7,11275.2
Q6PIY7;Q6PIY7-2,Q6PIY7;Q6PIY7-2,GLD2_HUMAN,TENT2,,,,,
Q6PIZ9,Q6PIZ9,TRAT1_HUMAN,TRAT1,,,,,
Q6PJ61,Q6PJ61,FBX46_HUMAN,FBXO46,,,,,
Q6PJ69,Q6PJ69,TRI65_HUMAN,TRIM65,,,,10006.7,
Q6PJF5-2,Q6PJF5;Q6PJF5-2,RHDF2_HUMAN,RHBDF2,,,17346.55,17749.0,10977.99
Q6PJG2,Q6PJG2,MDEAS_HUMAN,MIDEAS,,,,,
Q6PJG6,Q6PJG6,BRAT1_HUMAN,BRAT1,,,40686.1,,
Q6PJI9,Q6PJI9;Q6PJI9-3;Q6PJI9-4,WDR59_HUMAN,WDR59,,,38498.8,,
Q6PJT7-2;Q6PJT7-9,Q6PJT7;Q6PJT7-10;Q6PJT7-11;Q6PJT7-2;Q6PJT7-3;Q6PJT7-4;Q6PJT7-5;Q6PJT7-6;Q6PJT7-8;Q6PJT7-9,ZC3HE_HUMAN,ZC3H14,,,,,
Q6PJW8,Q6PJW8;Q6PJW8-3;Q6PJW8-2,CNST_HUMAN,CNST,,39258.9,44633.2,93987.8,38858.1
Q6PK04,Q6PK04,CC137_HUMAN,CCDC137,,,,,
Q6PK18,Q6PK18,OGFD3_HUMAN,OGFOD3,4167.945,44735.85,,21066.6,197180.0
Q6PKC3;Q6PKC3-2,Q6PKC3;Q6PKC3-2,TXD11_HUMAN,TXNDC11,,,,,
Q6PKG0,Q6PKG0;Q6PKG0-3,LARP1_HUMAN,LARP1,16688.4,,9859.545,25930.65,38216.3
Q6PL18,Q6PL18,ATAD2_HUMAN,ATAD2,1797.07,,,4200.62,78176.0
Q6PL24,Q6PL24,TMED8_HUMAN,TMED8,,6065.98,15979.25,26097.8,4851.35
Q6PML9,Q6PML9,ZNT9_HUMAN,SLC30A9,,23074.5,4871.44,8811.785,
Q6Q0C0,Q6Q0C0;Q6Q0C0-2,TRAF7_HUMAN,TRAF7,,,10901.0,19739.5,
Q6Q788,Q6Q788,APOA5_HUMAN,APOA5,8905.46,9826.42,926999.0,3031280.0,112711.0
Q6QHF9,Q6QHF9;Q6QHF9-4;Q6QHF9-5;Q6QHF9-6,PAOX_HUMAN,PAOX,,,,25178.8,10924.7
Q6QNK2;Q6QNK2-4,Q6QNK2;Q6QNK2-4,AGRD1_HUMAN,ADGRD1,,78340.4,,30989.4,
Q6QNY0,Q6QNY0,BL1S3_HUMAN,BLOC1S3,,,15275.8,28193.4,
Q6QNY1,Q6QNY1,BL1S2_HUMAN,BLOC1S2,,,,11809.6,
Q6R327;Q6R327-3,Q6R327;Q6R327-3,RICTR_HUMAN,RICTOR,3594.26,,7354.99,16916.1,4609.07
Q6RFH5,Q6RFH5;Q6RFH5-2,WDR74_HUMAN,WDR74,,,,,
Q6RW13,Q6RW13,ATRAP_HUMAN,AGTRAP,,,,10079.3,5714.57
Q6RW13-2,Q6RW13;Q6RW13-2,ATRAP_HUMAN,AGTRAP,,,,47429.7,17453.6
Q6SPF0,Q6SPF0,SAMD1_HUMAN,SAMD1,,,,,
Q6SZW1,Q6SZW1;Q6SZW1-2,SARM1_HUMAN,SARM1,,,3775.04,28002.6,
Q6TDP4,Q6TDP4,KLH17_HUMAN,KLHL17,,,,7799.92,
Q6TFL3-3,Q6TFL3;Q6TFL3-3;Q6TFL3-4,CC171_HUMAN,CCDC171,4759.39,330202.0,34356.0,5812570.0,299144.0
Q6TFL4;Q6TFL4-2,Q6TFL4;Q6TFL4-2,KLH24_HUMAN,KLHL24,,,,,
Q6U841;Q6U841-2,Q6U841;Q6U841-2;Q6U841-3,S4A10_HUMAN,SLC4A10,,,,,
Q6UB28,Q6UB28,MAP12_HUMAN,METAP1D,,,,,
Q6UB35,Q6UB35,C1TM_HUMAN,MTHFD1L,,70565.0,,9054.425,
Q6UB98;Q6UB98-2,Q6UB98;Q6UB98-2,ANR12_HUMAN,ANKRD12,,,,7248.58,
Q6UB99,Q6UB99,ANR11_HUMAN,ANKRD11,547.719,,,,
Q6ULP2;Q6ULP2-6;Q6ULP2-8;Q6ULP2-9,Q6ULP2;Q6ULP2-6;Q6ULP2-7;Q6ULP2-8;Q6ULP2-9,AFTIN_HUMAN,AFTPH,,,,20807.55,31952.9
Q6UN15;Q6UN15-5,Q6UN15;Q6UN15-3;Q6UN15-4;Q6UN15-5,FIP1_HUMAN,FIP1L1,,,5268.56,6434.19,
Q6UUV7;Q6UUV7-3,Q6UUV7;Q6UUV7-3,CRTC3_HUMAN,CRTC3,,,,1228.8,
Q6UUV9;Q6UUV9-2;Q6UUV9-3,Q6UUV9;Q6UUV9-2;Q6UUV9-3,CRTC1_HUMAN,CRTC1,,,,,
Q6UVK1,Q6UVK1,CSPG4_HUMAN,CSPG4,1310.58,,93098.3,23689.98,856.664
Q6UW02,Q6UW02;Q6UW02-2,CP20A_HUMAN,CYP20A1,,,6883.36,29131.3,7288.47
Q6UW63,Q6UW63,PLGT2_HUMAN,POGLUT2,,9352.83,,47129.55,
Q6UW68,Q6UW68,TM205_HUMAN,TMEM205,,,,,
Q6UW78,Q6UW78,UQCC3_HUMAN,UQCC3,,,,,
Q6UWB1,Q6UWB1,I27RA_HUMAN,IL27RA,,,,,
Q6UWD8,Q6UWD8,CP054_HUMAN,C16orf54,18766.9,,67055.1,118571.0,16543.5
Q6UWE0,Q6UWE0;Q6UWE0-2,LRSM1_HUMAN,LRSAM1,,,,3583.18,
Q6UWF3;Q6UWF3-3,Q6UWF3;Q6UWF3-3,SCIMP_HUMAN,SCIMP,,,,,
Q6UWH4;Q6UWH4-2,Q6UWH4;Q6UWH4-2,GAK1B_HUMAN,GASK1B,,,12270.9,,6741.55
Q6UWJ1;Q6UWJ1-2;Q6UWJ1-3,Q6UWJ1;Q6UWJ1-2;Q6UWJ1-3,TMCO3_HUMAN,TMCO3,,,,,
Q6UWL2;Q6UWL2-2,Q6UWL2;Q6UWL2-2;Q6UWL2-3,SUSD1_HUMAN,SUSD1,,115644.0,27181.9,92853.9,31186.3
Q6UWP2,Q6UWP2;Q6UWP2-2;Q6UWP2-3,DHR11_HUMAN,DHRS11,,,3497.025,17574.2,7197.09
Q6UWP7;Q6UWP7-3,Q6UWP7;Q6UWP7-2;Q6UWP7-3,LCLT1_HUMAN,LCLAT1,,,4984.16,15494.5,9362.965
Q6UWP8,Q6UWP8,SBSN_HUMAN,SBSN,2182.65,27636.7,3221.745,95025.3,5924.93
Q6UWP8-2,Q6UWP8-2,SBSN_HUMAN,SBSN,,3743.75,,,
Q6UWT4;Q6UWT4-2,Q6UWT4;Q6UWT4-2,CE046_HUMAN,C5orf46,,,6072.62,,
Q6UWU4;Q6UWU4-2;Q6UWU4-3,Q6UWU4;Q6UWU4-2;Q6UWU4-3,CF089_HUMAN,C6orf89,,,,,
Q6UWV2;Q6UWV2-2,Q6UWV2;Q6UWV2-2,MPZL3_HUMAN,MPZL3,,,,,
Q6UWY2,Q6UWY2,PRS57_HUMAN,PRSS57,,,,,
Q6UWZ7;Q6UWZ7-2,Q6UWZ7;Q6UWZ7-2,ABRX1_HUMAN,ABRAXAS1,,,,,
Q6UX04,Q6UX04;Q6UX04-2,CWC27_HUMAN,CWC27,,,,8083.57,
Q6UX06,Q6UX06,OLFM4_HUMAN,OLFM4,,,,13506.4,
Q6UX07,Q6UX07;Q6UX07-2;Q6UX07-3,DHR13_HUMAN,DHRS13,,,,22095.05,10761.4
Q6UX27;Q6UX27-2,Q6UX27;Q6UX27-3;Q6UX27-2,VSTM1_HUMAN,VSTM1,,11980.0,,34439.7,
Q6UX53,Q6UX53,TMT1B_HUMAN,TMT1B,,,,,
Q6UX71,Q6UX71;Q6UX71-2,PXDC2_HUMAN,PLXDC2,17116.5,815459.0,213269.0,44212.5,57837.2
Q6UXB3,Q6UXB3,LYPD2_HUMAN,LYPD2,,,,4731.92,
Q6UXB8,Q6UXB8;Q6UXB8-2,PI16_HUMAN,PI16,35201.1,662547.0,144905.0,77177.2,22052.8
Q6UXD5-3;Q6UXD5-5;Q6UXD5-6,Q6UXD5;Q6UXD5-2;Q6UXD5-3;Q6UXD5-4;Q6UXD5-5;Q6UXD5-6,SE6L2_HUMAN,SEZ6L2,,13548.95,66996.6,,
Q6UXF1,Q6UXF1;Q6UXF1-2,TM108_HUMAN,TMEM108,,13617.3,,,15069.0
Q6UXG2;Q6UXG2-2;Q6UXG2-3;Q6UXG2-4,Q6UXG2;Q6UXG2-3;Q6UXG2-2;Q6UXG2-4,ELAP1_HUMAN,ELAPOR1,,,,,
Q6UXH0,Q6UXH0,ANGL8_HUMAN,ANGPTL8,,,127055.0,62962.4,36864.8
Q6UXH1;Q6UXH1-4;Q6UXH1-5;Q6UXH1-6,Q6UXH1;Q6UXH1-2;Q6UXH1-3;Q6UXH1-4;Q6UXH1-5;Q6UXH1-6,CREL2_HUMAN,CRELD2,4911.13,22173.2,16854.45,14197.7,
Q6UXH9-2,Q6UXH9;Q6UXH9-2,PAMR1_HUMAN,PAMR1,,,,,10403.18
Q6UXI7-4,Q6UXI7;Q6UXI7-2;Q6UXI7-3;Q6UXI7-4;Q6UXI7-5,VITRN_HUMAN,VIT,,39329.25,33789.9,,34927.3
Q6UXI9;Q6UXI9-3;Q6UXI9-6,Q6UXI9;Q6UXI9-2;Q6UXI9-3;Q6UXI9-4;Q6UXI9-5;Q6UXI9-6,NPNT_HUMAN,NPNT,559.965,2490.9,10023.155,105562.0,15019.5
Q6UXN9,Q6UXN9,WDR82_HUMAN,WDR82,3695.97,,,,
Q6UXT9,Q6UXT9,ABH15_HUMAN,ABHD15,,,,,
Q6UXV4,Q6UXV4,MIC27_HUMAN,APOOL,,,11039.155,26511.7,11201.1
Q6UY14;Q6UY14-3,Q6UY14;Q6UY14-3,ATL4_HUMAN,ADAMTSL4,38927.0,99387.2,53667.9,100660.0,210174.0
Q6V0I7;Q6V0I7-3,Q6V0I7;Q6V0I7-2;Q6V0I7-3,FAT4_HUMAN,FAT4,3028.12,,80863.3,48570.9,5525.0
Q6V1X1;Q6V1X1-3,Q6V1X1;Q6V1X1-2;Q6V1X1-3;Q6V1X1-4;Q6V1X1-5;Q6V1X1-6,DPP8_HUMAN,DPP8,,,,,
Q6VMQ6;Q6VMQ6-4;Q6VMQ6-5,Q6VMQ6;Q6VMQ6-2;Q6VMQ6-4;Q6VMQ6-5,MCAF1_HUMAN,ATF7IP,945.403,,,,
Q6VN20;Q6VN20-3,Q6VN20;Q6VN20-3,RBP10_HUMAN,RANBP10,,,2297.85,8102.67,
Q6VY07,Q6VY07;Q6VY07-2,PACS1_HUMAN,PACS1,9483.84,,35048.3,83541.5,27055.7
Q6W5P4-3,Q6W5P4-3,NPSR1_HUMAN,NPSR1,,,,,
Q6WCQ1-2,Q6WCQ1;Q6WCQ1-2;Q6WCQ1-3,MPRIP_HUMAN,MPRIP,,18173.835,14391.65,32486.6,15775.25
Q6WKZ4,Q6WKZ4;Q6WKZ4-1;Q6WKZ4-3,RFIP1_HUMAN,RAB11FIP1,,,,,
Q6WN34;Q6WN34-2,Q6WN34;Q6WN34-2,CRDL2_HUMAN,CHRDL2,,,12580.25,6710.445,13741.3
Q6XPR3,Q6XPR3,RPTN_HUMAN,RPTN,,,,,
Q6XQN6,Q6XQN6;Q6XQN6-2;Q6XQN6-3,PNCB_HUMAN,NAPRT,573.782,,31226.65,56926.85,6769.89
Q6XUX3;Q6XUX3-2,Q6XUX3;Q6XUX3-2;Q6XUX3-3,DUSTY_HUMAN,DSTYK,,,7127.1,21595.55,
Q6XZF7,Q6XZF7,DNMBP_HUMAN,DNMBP,,,1649.0,25039.95,8117.805
Q6Y1H2,Q6Y1H2,HACD2_HUMAN,HACD2,,,,,
Q6Y288,Q6Y288,B3GLT_HUMAN,B3GLCT,,,,,
Q6Y2X3,Q6Y2X3,DJC14_HUMAN,DNAJC14,,,80242.3,,20979.3
Q6Y7W6;Q6Y7W6-4;Q6Y7W6-5,Q6Y7W6;Q6Y7W6-4;Q6Y7W6-5,GGYF2_HUMAN,GIGYF2,,,3379.66,8237.369999999999,
Q6YBV0,Q6YBV0,S36A4_HUMAN,SLC36A4,,,,,
Q6YHK3,Q6YHK3;Q6YHK3-2;Q6YHK3-4,CD109_HUMAN,CD109,10198.3,230163.0,195421.0,73377.2,42031.1
Q6YHU6;Q6YHU6-3,Q6YHU6;Q6YHU6-3;Q6YHU6-5;Q6YHU6-6,THADA_HUMAN,THADA,,,11332.45,3074.34,
Q6YN16;Q6YN16-2,Q6YN16;Q6YN16-2,HSDL2_HUMAN,HSDL2,,,6787.69,23585.55,11700.4
Q6YP21-3,Q6YP21;Q6YP21-3,KAT3_HUMAN,KYAT3,,,5429.14,14366.8,
Q6ZMB0;Q6ZMB0-2;Q6ZMB0-3,Q6ZMB0;Q6ZMB0-2;Q6ZMB0-3,B3GN6_HUMAN,B3GNT6,,,,,
Q6ZMD2,Q6ZMD2;Q6ZMD2-2,SPNS3_HUMAN,SPNS3,,,,,
Q6ZMG9;Q6ZMG9-2,Q6ZMG9;Q6ZMG9-2,CERS6_HUMAN,CERS6,,,,,
Q6ZMI0,Q6ZMI0;Q6ZMI0-5;Q6ZMI0-2;Q6ZMI0-3;Q6ZMI0-4,PPR21_HUMAN,PPP1R21,,,9884.505,15255.9,
Q6ZMJ2-2;Q6ZMJ2-3,Q6ZMJ2;Q6ZMJ2-2;Q6ZMJ2-3,SCAR5_HUMAN,SCARA5,,288054.0,,,
Q6ZMP0;Q6ZMP0-2,Q6ZMP0;Q6ZMP0-2,THSD4_HUMAN,THSD4,,,1160.725,6510.64,1748.37
Q6ZMR5,Q6ZMR5;Q6ZMR5-1,TM11A_HUMAN,TMPRSS11A,,,,879.412,
Q6ZMZ3-2,Q6ZMZ3;Q6ZMZ3-2,SYNE3_HUMAN,SYNE3,,,33415.1,,
Q6ZN18;Q6ZN18-2,Q6ZN18;Q6ZN18-2,AEBP2_HUMAN,AEBP2,,,,,
Q6ZN19-3,Q6ZN19-3,ZN841_HUMAN,ZNF841,,,4388.81,,
Q6ZN28,Q6ZN28,MACC1_HUMAN,MACC1,6075.16,,,,
Q6ZN30,Q6ZN30;Q6ZN30-2,BNC2_HUMAN,BNC2,14896.9,867342.0,1593625.0,229895.0,1054280.0
Q6ZN54,Q6ZN54;Q6ZN54-3;Q6ZN54-4;Q6ZN54-5,DEFI8_HUMAN,DEF8,,,,,
Q6ZN55;Q6ZN55-2,Q6ZN55;Q6ZN55-2,ZN574_HUMAN,ZNF574,,,,,
Q6ZN66,Q6ZN66;Q6ZN66-2,GBP6_HUMAN,GBP6,3168.52,,,,
Q6ZNA5;Q6ZNA5-2,Q6ZNA5;Q6ZNA5-2,FRRS1_HUMAN,FRRS1,,,,,
Q6ZNB6,Q6ZNB6,NFXL1_HUMAN,NFXL1,,,,,
Q6ZNC8;Q6ZNC8-2,Q6ZNC8;Q6ZNC8-2;Q6ZNC8-3,MBOA1_HUMAN,MBOAT1,,,,,
Q6ZNE5,Q6ZNE5;Q6ZNE5-2,BAKOR_HUMAN,ATG14,,,8697.94,27311.1,
Q6ZNJ1,Q6ZNJ1;Q6ZNJ1-2;Q6ZNJ1-3,NBEL2_HUMAN,NBEAL2,,,30486.8,68867.1,19620.0
Q6ZNW5,Q6ZNW5,GDPP1_HUMAN,GDPGP1,,,,,
Q6ZPD9,Q6ZPD9,D19L3_HUMAN,DPY19L3,,,,21375.1,
Q6ZQN7,Q6ZQN7,SO4C1_HUMAN,SLCO4C1,,,,6771.0,
Q6ZQX7;Q6ZQX7-2;Q6ZQX7-4,Q6ZQX7;Q6ZQX7-4;Q6ZQX7-2;Q6ZQX7-3,LIAT1_HUMAN,LIAT1,,,,,
Q6ZRI6;Q6ZRI6-2,Q6ZRI6;Q6ZRI6-2,CO039_HUMAN,C15orf39,,,,,
Q6ZRP7,Q6ZRP7,QSOX2_HUMAN,QSOX2,2032.95,19467.2,24008.2,13183.1,11552.9
Q6ZRQ5,Q6ZRQ5,MMS22_HUMAN,MMS22L,,,,,
Q6ZRS2;Q6ZRS2-2,Q6ZRS2;Q6ZRS2-3;Q6ZRS2-2,SRCAP_HUMAN,SRCAP,460094.0,348600.0,85877.7,142226.0,131995.0
Q6ZRV2,Q6ZRV2,FA83H_HUMAN,FAM83H,,,,,
Q6ZRY4,Q6ZRY4;Q6ZRY4-2,RBPS2_HUMAN,RBPMS2,,379464.0,7649.15,20954.9,
Q6ZS11,Q6ZS11;Q6ZS11-2,RINL_HUMAN,RINL,,,93056.35,35250.2,13163.5
Q6ZS17;Q6ZS17-2;Q6ZS17-3;Q6ZS17-4,Q6ZS17;Q6ZS17-2;Q6ZS17-3;Q6ZS17-4,RIPR1_HUMAN,RIPOR1,7859.74,,10178.9,,
Q6ZS30,Q6ZS30;Q6ZS30-1,NBEL1_HUMAN,NBEAL1,,,35118.1,,
Q6ZS72,Q6ZS72,PEAK3_HUMAN,PEAK3,124568.0,,,24833.8,3171.78
Q6ZS81,Q6ZS81;Q6ZS81-4;Q6ZS81-5,WDFY4_HUMAN,WDFY4,3319.05,,22867.0,314488.0,145966.5
Q6ZSJ8,Q6ZSJ8;Q6ZSJ8-2,CA122_HUMAN,C1orf122,,,,,
Q6ZSS7,Q6ZSS7,MFSD6_HUMAN,MFSD6,2263.3,3747.22,9885.5,23293.05,8374.85
Q6ZSZ5,Q6ZSZ5;Q6ZSZ5-1;Q6ZSZ5-2;Q6ZSZ5-5;Q6ZSZ5-6,ARHGI_HUMAN,ARHGEF18,,,,,
Q6ZT07,Q6ZT07,TBCD9_HUMAN,TBC1D9,,,,,
Q6ZT12;Q6ZT12-4,Q6ZT12;Q6ZT12-4,UBR3_HUMAN,UBR3,,,,3803.59,
Q6ZT21,Q6ZT21,TMPPE_HUMAN,TMPPE,,,,12236.05,2074.5
Q6ZTN6,Q6ZTN6;Q86YJ7;Q6ZTN6-1;Q86YJ7-2,AN13D_HUMAN,ANKRD13D,,,,31420.3,20592.0
Q6ZU35,Q6ZU35,CRACD_HUMAN,CRACD,,,23556.2,33938.8,19054.7
Q6ZU80;Q6ZU80-1,Q6ZU80;Q6ZU80-1,CE128_HUMAN,CEP128,,,,23512.6,
Q6ZUI0,Q6ZUI0,TPRG1_HUMAN,TPRG1,,,,,
Q6ZUJ8,Q6ZUJ8;Q6ZUJ8-2,BCAP_HUMAN,PIK3AP1,,,21220.3,71511.5,
Q6ZUM4,Q6ZUM4;Q6ZUM4-2,RHG27_HUMAN,ARHGAP27,,136186.0,,,
Q6ZUT1;Q6ZUT1-2;Q6ZUT1-3,Q6ZUT1;Q6ZUT1-2;Q6ZUT1-3,NKAP1_HUMAN,NKAPD1,,,,,
Q6ZUT6;Q6ZUT6-2;Q6ZUT6-4,Q6ZUT6;Q6ZUT6-2;Q6ZUT6-4,CCD9B_HUMAN,CCDC9B,,21801.1,3035.93,12231.55,5210.18
Q6ZUX7,Q6ZUX7,LHPL2_HUMAN,LHFPL2,,,32230.495,2762.26,
Q6ZV70,Q6ZV70;Q6ZV70-2,LANC3_HUMAN,LANCL3,,,,16678.75,
Q6ZVD8;Q6ZVD8-2;Q6ZVD8-3,Q6ZVD8;Q6ZVD8-2;Q6ZVD8-3,PHLP2_HUMAN,PHLPP2,,,,,
Q6ZVF9,Q6ZVF9,GRIN3_HUMAN,GPRIN3,,,,27815.6,
Q6ZVK8;Q6ZVK8-2,Q6ZVK8;Q6ZVK8-2,NUD18_HUMAN,NUDT18,,,,,
Q6ZVM7,Q6ZVM7;Q6ZVM7-2;Q6ZVM7-3;Q6ZVM7-4;Q6ZVM7-5,TM1L2_HUMAN,TOM1L2,,,39724.95,112093.0,8882.33
Q6ZVX7,Q6ZVX7,FBX50_HUMAN,NCCRP1,,11947.25,2486.05,36613.7,4547.315000000001
Q6ZW49,Q6ZW49,PAXI1_HUMAN,PAXIP1,,,,,
Q6ZWH5,Q6ZWH5;Q6ZWH5-2;Q6ZWH5-4,NEK10_HUMAN,NEK10,,,32377.1,1494650.0,408920.0
Q6ZWL3;Q6ZWL3-2,Q6ZWL3;Q6ZWL3-2,CP4V2_HUMAN,CYP4V2,,,,,
Q6ZWT7,Q6ZWT7,MBOA2_HUMAN,MBOAT2,,,13753.25,43755.1,15447.9
Q6ZXV5;Q6ZXV5-2,Q6ZXV5;Q6ZXV5-2,TMTC3_HUMAN,TMTC3,,,,,
Q6ZYL4,Q6ZYL4,TF2H5_HUMAN,GTF2H5,4801.23,,,,
Q709C8;Q709C8-3,Q709C8;Q709C8-2;Q709C8-3;Q709C8-4,VP13C_HUMAN,VPS13C,28752.6,3283.82,24033.9,56116.1,15367.7
Q70CQ2,Q70CQ2;Q70CQ2-2;Q70CQ2-3,UBP34_HUMAN,USP34,,,15207.8,,
Q70CQ3,Q70CQ3,UBP30_HUMAN,USP30,,,,,
Q70CQ4,Q70CQ4,UBP31_HUMAN,USP31,,,,,
Q70E73,Q70E73,RAPH1_HUMAN,RAPH1,,,7433.06,,
Q70HW3;Q70HW3-2,Q70HW3;Q70HW3-2,SAMC_HUMAN,SLC25A26,,,,,
Q70IA6,Q70IA6;Q70IA6-2,MOB2_HUMAN,MOB2,,,23222.2,35021.05,
Q70IA8,Q70IA8,MOB3C_HUMAN,MOB3C,,,46635.1,100050.0,34814.45
Q70J99,Q70J99;Q70J99-2;Q70J99-3,UN13D_HUMAN,UNC13D,,159219.5,47211.6,210130.0,24102.6
Q70UQ0,Q70UQ0;Q70UQ0-2,IKIP_HUMAN,IKBIP,,,9225.8,60349.0,
Q70UQ0-4,Q70UQ0-4,IKIP_HUMAN,IKBIP,11183.0,36480.7,3269.77,15718.5,4274.08
Q70Z53,Q70Z53;Q70Z53-2;Q70Z53-3;Q70Z53-4;Q70Z53-5,F10C1_HUMAN,FRA10AC1,,,,,13050.9
Q712K3,P49427;Q712K3,UB2R2_HUMAN,UBE2R2,,,11270.2,8211.56,
Q71F23,Q71F23;Q71F23-3,CENPU_HUMAN,CENPU,1204.32,,,,
Q71F56,Q71F56,MD13L_HUMAN,MED13L,,,,,
Q71RC2;Q71RC2-3;Q71RC2-4;Q71RC2-5;Q71RC2-6,Q71RC2;Q71RC2-2;Q71RC2-3;Q71RC2-4;Q71RC2-5;Q71RC2-6,LARP4_HUMAN,LARP4,,,,,
Q71RC9,Q71RC9,SMIM5_HUMAN,SMIM5,2462.45,,,34346.6,
Q71RG4;Q71RG4-2,Q71RG4;Q71RG4-2,TMUB2_HUMAN,TMUB2,,,,11729.565,
Q71SY5-4,Q71SY5;Q86YD1;Q71SY5-4;Q71SY5-5;Q71SY5-6;Q86YD1-2;Q86YD1-3,MED25_HUMAN,MED25,,,,,
Q71U36-2,Q71U36-2,TBA1A_HUMAN,TUBA1A,,,,,
Q71UM5,Q71UM5,RS27L_HUMAN,RPS27L,,,,,
Q75N03,Q75N03;Q75N03-2,HAKAI_HUMAN,CBLL1,,,10604.9,3803.02,12877.4
Q75QN2,Q75QN2;Q75QN2-2,INT8_HUMAN,INTS8,,,,,
Q75T13,Q75T13;Q75T13-2,PGAP1_HUMAN,PGAP1,,,,,
Q765P7,Q765P7,MTSS2_HUMAN,MTSS2,,,,13376.1,
Q76EJ3;Q76EJ3-2,Q76EJ3;Q76EJ3-2,S35D2_HUMAN,SLC35D2,,,,14042.3,
Q76FK4;Q76FK4-4,Q76FK4;Q76FK4-2;Q76FK4-4,NOL8_HUMAN,NOL8,,44653.3,,,
Q76I76,Q76I76,SSH2_HUMAN,SSH2,,,,,
Q76L83,Q76L83;Q76L83-2,ASXL2_HUMAN,ASXL2,,,,,
Q76LX8;Q76LX8-2;Q76LX8-3,Q76LX8;Q76LX8-2;Q76LX8-3,ATS13_HUMAN,ADAMTS13,26309.8,17373.2,157960.0,51583.7,58150.0
Q76M96;Q76M96-2,Q76M96;Q76M96-2,CCD80_HUMAN,CCDC80,2055.25,372541.0,,43639.5,56120.4
Q76N32,Q76N32,CEP68_HUMAN,CEP68,,,,,
Q7KYR7;Q7KYR7-1;Q7KYR7-5,Q7KYR7;Q7KYR7-1;Q7KYR7-3;Q7KYR7-5,BT2A1_HUMAN,BTN2A1,,11298.0,4778.31,,
Q7KZ85,Q7KZ85;Q7KZ85-2,SPT6H_HUMAN,SUPT6H,,28899.5,351707.0,37462.75,
Q7KZF4,Q7KZF4,SND1_HUMAN,SND1,,36182.1,35130.4,119740.0,16409.2
Q7KZI7-12;Q7KZI7-3;Q7KZI7-6,Q7KZI7;Q7KZI7-11;Q7KZI7-12;Q7KZI7-14;Q7KZI7-3;Q7KZI7-6;Q7KZI7-8,MARK2_HUMAN,MARK2,,,,,
Q7KZI7-15;Q7KZI7-16,Q7KZI7;Q7KZI7-10;Q7KZI7-11;Q7KZI7-12;Q7KZI7-13;Q7KZI7-14;Q7KZI7-15;Q7KZI7-16;Q7KZI7-2;Q7KZI7-3;Q7KZI7-4;Q7KZI7-5;Q7KZI7-6;Q7KZI7-7;Q7KZI7-8;Q7KZI7-9,MARK2_HUMAN,MARK2,,148252.95,14215.55,46443.7,23527.0
Q7KZN9;Q7KZN9-2,Q7KZN9;Q7KZN9-2,COX15_HUMAN,COX15,,,,,
Q7L014,Q7L014,DDX46_HUMAN,DDX46,301706.0,2837980.0,1788770.0,1620680.0,2748060.0
Q7L099;Q7L099-3,Q7L099;Q7L099-2;Q7L099-3;Q7L099-4,RUFY3_HUMAN,RUFY3,,,,,
Q7L0J3,Q7L0J3;Q7L0J3-2,SV2A_HUMAN,SV2A,,49948.5,1754.36,4160.57,
Q7L0Y3,Q7L0Y3,TM10C_HUMAN,TRMT10C,,,,18602.6,
Q7L190,Q7L190,DPPA4_HUMAN,DPPA4,,,,,
Q7L1Q6;Q7L1Q6-3;Q7L1Q6-4,Q7L1Q6;Q7L1Q6-2;Q7L1Q6-3;Q7L1Q6-4,5MP2_HUMAN,BZW1,,,19980.5,22107.8,15362.6
Q7L1T6,Q7L1T6,NB5R4_HUMAN,CYB5R4,,,,,
Q7L1V2;Q7L1V2-2,Q7L1V2;Q7L1V2-2,MON1B_HUMAN,MON1B,,,15843.25,7745.77,
Q7L1W4,Q7L1W4,LRC8D_HUMAN,LRRC8D,,,8126.355,35044.2,9800.89
Q7L211,Q7L211,ABHDD_HUMAN,ABHD13,,,,16441.3,2568.04
Q7L266,Q7L266;Q7L266-2,ASGL1_HUMAN,ASRGL1,,,,10411.31,
Q7L273,Q7L273,KCTD9_HUMAN,KCTD9,,,,24405.8,
Q7L2E3;Q7L2E3-2;Q7L2E3-3,Q7L2E3;Q7L2E3-2;Q7L2E3-3,DHX30_HUMAN,DHX30,,122851.0,,,3636.87
Q7L2H7,Q7L2H7,EIF3M_HUMAN,EIF3M,,,11257.7,27330.0,
Q7L2J0,Q7L2J0;Q7L2J0-2,MEPCE_HUMAN,MEPCE,,,,,
Q7L3B6,Q7L3B6,CD37L_HUMAN,CDC37L1,,,,,
Q7L3T8,Q7L3T8,SYPM_HUMAN,PARS2,,,,,
Q7L4E1,Q7L4E1;Q7L4E1-2;Q7L4E1-3,MIGA2_HUMAN,MIGA2,,,39153.8,22753.85,28925.6
Q7L4I2;Q7L4I2-2,Q7L4I2;Q7L4I2-2,RSRC2_HUMAN,RSRC2,,,,,
Q7L513-10;Q7L513-9,Q7L513;Q7L513-10;Q7L513-11;Q7L513-12;Q7L513-14;Q7L513-2;Q7L513-3;Q7L513-4;Q7L513-5;Q7L513-9,FCRLA_HUMAN,FCRLA,,,420659.0,,
Q7L523,Q5VZM2;Q7L523;Q5VZM2-2,RRAGA_HUMAN,RRAGA,,,,26514.0,
Q7L576,Q7L576,CYFP1_HUMAN,CYFIP1,7650.119999999999,,68677.9,219905.0,27702.3
Q7L590;Q7L590-2,Q7L590;Q7L590-2,MCM10_HUMAN,MCM10,,,,,
Q7L591,Q7L591;Q7L591-3,DOK3_HUMAN,DOK3,1229.34,17352.0,43650.1,138703.0,30311.9
Q7L591-3,Q7L591-3;Q7L591-4,DOK3_HUMAN,DOK3,,,,,
Q7L592,Q7L592;Q7L592-2,NDUF7_HUMAN,NDUFAF7,,,,,
Q7L5D6,Q7L5D6;Q7L5D6-2,GET4_HUMAN,GET4,,,70119.1,20416.0,21264.7
Q7L5L3;Q7L5L3-1,Q7L5L3;Q7L5L3-1,GDPD3_HUMAN,GDPD3,,,,50109.5,23603.2
Q7L5N1,Q7L5N1,CSN6_HUMAN,COPS6,,,30228.5,48144.4,3703.76
Q7L5N7,Q7L5N7,PCAT2_HUMAN,LPCAT2,,,,,
Q7L5Y1;Q7L5Y1-4;Q7L5Y1-5,Q7L5Y1;Q7L5Y1-2;Q7L5Y1-4;Q7L5Y1-5;Q7L5Y1-6;Q7L5Y1-7,ENOF1_HUMAN,ENOSF1,,,,28642.0,
Q7L5Y9,Q7L5Y9;Q7L5Y9-2;Q7L5Y9-3;Q7L5Y9-4;Q7L5Y9-5,MAEA_HUMAN,MAEA,,4386760.0,10104.4,10943.915,
Q7L775,Q7L775,EPMIP_HUMAN,EPM2AIP1,,,,,
Q7L7V1;Q7L7V1-2,Q7L7V1;Q7L7V1-2,DHX32_HUMAN,DHX32,,,,6914.55,
Q7L7X3,Q7L7X3;Q7L7X3-3,TAOK1_HUMAN,TAOK1,22776.5,,20213.9,49224.8,13436.45
Q7L804;Q7L804-2,Q7L804;Q7L804-2,RFIP2_HUMAN,RAB11FIP2,,,,,
Q7L8A9;Q7L8A9-2,Q7L8A9;Q7L8A9-2,VASH1_HUMAN,VASH1,,,1612.02,,
Q7L8J4,Q7L8J4;Q7L8J4-2,3BP5L_HUMAN,SH3BP5L,,,8713.39,1879.96,
Q7L8L6,Q7L8L6,FAKD5_HUMAN,FASTKD5,,,6941.69,19825.85,
Q7L8W6,Q7L8W6,DPH6_HUMAN,DPH6,,,,,
Q7L9B9,Q7L9B9,EEPD1_HUMAN,EEPD1,,,,,
Q7L9L4;Q7L9L4-2,Q7L9L4;Q9H8S9;Q7L9L4-2;Q9H8S9-2,MOB1B_HUMAN,MOB1B,,,19803.75,54638.5,8970.585000000001
Q7LBC6,Q7LBC6;Q9Y4C1;Q7LBC6-2;Q7LBC6-3,KDM3B_HUMAN,KDM3B,,,,,
Q7LDG7;Q7LDG7-4,Q7LDG7;Q7LDG7-2;Q7LDG7-3;Q7LDG7-4,GRP2_HUMAN,RASGRP2,,26383.7,96078.9,287230.0,62614.9
Q7LFX5,Q7LFX5,CHSTF_HUMAN,CHST15,35193.1,,29636.9,,78592.5
Q7LG56,P31350;Q7LG56;P31350-2;Q7LG56-2;Q7LG56-3;Q7LG56-6,RIR2B_HUMAN,RRM2B,,,5714.254999999999,11389.0,
Q7LGA3,Q7LGA3;Q7LGA3-2;Q7LGA3-3,HS2ST_HUMAN,HS2ST1,,,,,
Q7LGC8,Q7LGC8,CHST3_HUMAN,CHST3,,,93131.1,,29954.6
Q7M4L6,Q7M4L6;Q7M4L6-2,SHF_HUMAN,SHF,,,2378930.0,35712.4,49894.8
Q7RTN6-6,Q7RTN6;Q7RTN6-2;Q7RTN6-3;Q7RTN6-4;Q7RTN6-5;Q7RTN6-6,STRAA_HUMAN,STRADA,,,,,
Q7RTP0,Q7RTP0;Q7RTP0-2,NIPA1_HUMAN,NIPA1,,,,,
Q7RTP6,Q7RTP6;Q7RTP6-2;Q7RTP6-3;Q7RTP6-4;Q7RTP6-5,MICA3_HUMAN,MICAL3,4403550.0,,10737.5,71478.04999999999,94948.2
Q7RTR2;Q7RTR2-2;Q7RTR2-4,Q7RTR2;Q7RTR2-2;Q7RTR2-3;Q7RTR2-4,NLRC3_HUMAN,NLRC3,,,6143.9,8764.52,
Q7RTS1,Q7RTS1,BHA15_HUMAN,BHLHA15,,,,,
Q7RTS9,Q7RTS9,DYM_HUMAN,DYM,,,,,
Q7RTV0,Q7RTV0,PHF5A_HUMAN,PHF5A,,,,,
Q7Z2E3-7;Q7Z2E3-9,Q7Z2E3;Q7Z2E3-7;Q7Z2E3-11;Q7Z2E3-13;Q7Z2E3-3;Q7Z2E3-8;Q7Z2E3-9,APTX_HUMAN,APTX,,,,,
Q7Z2H8-3,Q7Z2H8;Q7Z2H8-3;Q7Z2H8-4,S36A1_HUMAN,SLC36A1,,,,,
Q7Z2K6,Q7Z2K6,ERMP1_HUMAN,ERMP1,,,9296.62,21380.85,13019.8
Q7Z2K8,Q7Z2K8;Q7Z2K8-2,GRIN1_HUMAN,GPRIN1,,,,,
Q7Z2T5,Q7Z2T5,TRM1L_HUMAN,TRMT1L,,,,,
Q7Z2W4,Q7Z2W4;Q7Z2W4-2;Q7Z2W4-3,ZCCHV_HUMAN,ZC3HAV1,10499.8,,24806.45,40457.7,15871.7
Q7Z2W4-3,Q7Z2W4-3,ZCCHV_HUMAN,ZC3HAV1,,,,,
Q7Z2W9,Q7Z2W9;Q7Z2W9-2,RM21_HUMAN,MRPL21,,,,17820.8,
Q7Z2X4;Q7Z2X4-2;Q7Z2X4-4,Q7Z2X4;Q7Z2X4-2;Q7Z2X4-3;Q7Z2X4-4,PCLI1_HUMAN,PID1,,,,,
Q7Z2Z2;Q7Z2Z2-2,Q7Z2Z2;Q7Z2Z2-2,EFL1_HUMAN,EFL1,,,9508.4,24515.25,15230.7
Q7Z304,Q7Z304;Q7Z304-2,MAMC2_HUMAN,MAMDC2,,,15827.5,,
Q7Z309;Q7Z309-2;Q7Z309-3;Q7Z309-4;Q7Z309-5,Q7Z309;Q7Z309-2;Q7Z309-3;Q7Z309-4;Q7Z309-5,PBIR2_HUMAN,PABIR2,,,,,
Q7Z333;Q7Z333-4,Q7Z333;Q7Z333-3;Q7Z333-4,SETX_HUMAN,SETX,,,159450.35,,
Q7Z392,Q7Z392;Q7Z392-3;Q7Z392-4,TPC11_HUMAN,TRAPPC11,7580.32,,61409.365,14523.8,23277.2
Q7Z3B0,Q7Z3B0,SIM15_HUMAN,SMIM15,,,,26879.35,
Q7Z3B1,Q7Z3B1;Q7Z3B1-2,NEGR1_HUMAN,NEGR1,3387.47,287816.0,,12655.2,
Q7Z3B3,Q7Z3B3;Q7Z3B3-2;Q7Z3B3-4,KANL1_HUMAN,KANSL1,,,,,
Q7Z3B4;Q7Z3B4-3,Q7Z3B4;Q7Z3B4-2;Q7Z3B4-3,NUP54_HUMAN,NUP54,,,,9156.94,
Q7Z3C6,Q7Z3C6;Q7Z3C6-3;Q7Z3C6-2,ATG9A_HUMAN,ATG9A,,30819.3,12046.1,27314.15,14202.05
Q7Z3D4,Q7Z3D4,LYSM3_HUMAN,LYSMD3,,,7150.1,13125.15,10580.5
Q7Z3D6;Q7Z3D6-2,Q7Z3D6;Q7Z3D6-2;Q7Z3D6-3;Q7Z3D6-4;Q7Z3D6-5,GLUCM_HUMAN,DGLUCY,,,,13335.6,
Q7Z3E2,Q7Z3E2,CC186_HUMAN,CCDC186,4459.82,19036.35,,,
Q7Z3F1,Q7Z3F1,GP155_HUMAN,GPR155,,4409.21,,,
Q7Z3J2,Q7Z3J2;Q7Z3J2-2,VP35L_HUMAN,VPS35L,,,17835.3,40244.3,
Q7Z3K3;Q7Z3K3-2;Q7Z3K3-5;Q7Z3K3-6;Q7Z3K3-7,Q7Z3K3;Q7Z3K3-2;Q7Z3K3-3;Q7Z3K3-5;Q7Z3K3-6;Q7Z3K3-7,POGZ_HUMAN,POGZ,,,,3001.96,
Q7Z3Q1;Q7Z3Q1-2,Q7Z3Q1;Q7Z3Q1-2,S46A3_HUMAN,SLC46A3,,,3062.2,,
Q7Z3T8,Q7Z3T8;Q7Z3T8-3,ZFY16_HUMAN,ZFYVE16,,,,,
Q7Z3U7;Q7Z3U7-2;Q7Z3U7-5;Q7Z3U7-6,Q7Z3U7;Q7Z3U7-2;Q7Z3U7-3;Q7Z3U7-5;Q7Z3U7-6,MON2_HUMAN,MON2,,,5470.39,68603.0,90142.6
Q7Z3V4,Q7Z3V4,UBE3B_HUMAN,UBE3B,,,,15207.55,2428.07
Q7Z3Y8,Q7Z3Y8,K1C27_HUMAN,KRT27,,,,,
Q7Z3Z0,Q7Z3Z0,K1C25_HUMAN,KRT25,,,,,
Q7Z401,Q7Z401;Q7Z401-2,MYCPP_HUMAN,DENND4A,,,35187.89999999999,91120.8,35995.45
Q7Z403,Q7Z403;Q7Z403-3,TMC6_HUMAN,TMC6,,,,20297.1,
Q7Z406-6,Q7Z406;Q7Z406-2;Q7Z406-4;Q7Z406-5;Q7Z406-6,MYH14_HUMAN,MYH14,,4282420.0,561709.5,504960.0,399007.0
Q7Z412,Q7Z412;Q7Z412-2,PEX26_HUMAN,PEX26,,,,,
Q7Z417,Q7Z417,NUFP2_HUMAN,NUFIP2,,,,3390.47,
Q7Z422;Q7Z422-5,Q7Z422;Q7Z422-2;Q7Z422-3;Q7Z422-4;Q7Z422-5,SZRD1_HUMAN,SZRD1,,8732.235,8185.045,13232.3,
Q7Z434,Q7Z434;Q7Z434-4,MAVS_HUMAN,MAVS,,38875.95,65368.5,75179.1,40818.14999999999
Q7Z449,Q7Z449;Q7Z449-2,CP2U1_HUMAN,CYP2U1,,,,23999.2,
Q7Z460,Q7Z460;Q7Z460-2;Q7Z460-3;Q7Z460-4;Q7Z460-5,CLAP1_HUMAN,CLASP1,14739.685,20754.7,11700.75,29169.8,13224.15
Q7Z465,Q7Z465;Q7Z465-2;Q7Z465-3,BNIPL_HUMAN,BNIPL,,,,,8482.98
Q7Z478,Q7Z478,DHX29_HUMAN,DHX29,,,17323.9,22595.65,10848.7
Q7Z4F1,Q7Z4F1;Q7Z4F1-2,LRP10_HUMAN,LRP10,,,,,
Q7Z4G1;Q7Z4G1-2,Q7Z4G1;Q7Z4G1-2,COMD6_HUMAN,COMMD6,,,,16032.0,
Q7Z4G4;Q7Z4G4-2,Q7Z4G4;Q7Z4G4-2,TRM11_HUMAN,TRMT11,,,,,
Q7Z4H3;Q7Z4H3-2,Q7Z4H3;Q7Z4H3-2,HDDC2_HUMAN,HDDC2,,,,4315.19,
Q7Z4H7-2,Q7Z4H7;Q7Z4H7-2;Q7Z4H7-3,HAUS6_HUMAN,HAUS6,2754.76,,81599.2,114612.0,163815.0
Q7Z4H8,Q7Z4H8,PLGT3_HUMAN,POGLUT3,,,,,
Q7Z4K8;Q7Z4K8-5,Q7Z4K8;Q7Z4K8-5,TRI46_HUMAN,TRIM46,,,,,
Q7Z4L5,Q7Z4L5,TT21B_HUMAN,TTC21B,,,,,
Q7Z4Q2,Q7Z4Q2;Q7Z4Q2-2,HEAT3_HUMAN,HEATR3,,,,,
Q7Z4R8,Q7Z4R8,CF120_HUMAN,C6orf120,2795.25,,6615.21,57764.8,4740.62
Q7Z4S6;Q7Z4S6-2;Q7Z4S6-3;Q7Z4S6-4;Q7Z4S6-5,Q7Z4S6;Q7Z4S6-2;Q7Z4S6-3;Q7Z4S6-4;Q7Z4S6-5;Q7Z4S6-6,KI21A_HUMAN,KIF21A,,,,,
Q7Z4V5,Q7Z4V5;Q7Z4V5-2;Q7Z4V5-3;Q7Z4V5-4,HDGR2_HUMAN,HDGFL2,,,,,
Q7Z4V5-4,Q7Z4V5-2;Q7Z4V5-4,HDGR2_HUMAN,HDGFL2,,,,,
Q7Z4W1,Q7Z4W1,DCXR_HUMAN,DCXR,,,43256.5,32900.7,13102.6
Q7Z569,Q7Z569;Q7Z569-2,BRAP_HUMAN,BRAP,,,4893.16,3600.09,
Q7Z589;Q7Z589-4;Q7Z589-5;Q7Z589-7,Q7Z589;Q7Z589-5;Q7Z589-2;Q7Z589-4;Q7Z589-6;Q7Z589-7,EMSY_HUMAN,EMSY,,,,,
Q7Z591,Q7Z591;Q7Z591-2;Q7Z591-5;Q7Z591-7;Q7Z591-8,AKNA_HUMAN,AKNA,,,8052.455,,
Q7Z5G4,Q7Z5G4;Q2TAP0;Q7Z5G4-3,GOGA7_HUMAN,GOLGA7,,,8297.39,12627.7,2865.91
Q7Z5J4;Q7Z5J4-3,Q7Z5J4;Q7Z5J4-2;Q7Z5J4-3,RAI1_HUMAN,RAI1,,,,,
Q7Z5K2;Q7Z5K2-2;Q7Z5K2-3,Q7Z5K2;Q7Z5K2-2;Q7Z5K2-3,WAPL_HUMAN,WAPL,,,,,
Q7Z5L2;Q7Z5L2-2,Q7Z5L2;Q7Z5L2-2;Q7Z5L2-3,R3HCL_HUMAN,R3HCC1L,,,,,
Q7Z5L7;Q7Z5L7-2;Q7Z5L7-3,Q7Z5L7;Q7Z5L7-2;Q7Z5L7-3;Q7Z5L7-4,PODN_HUMAN,PODN,,13133.7,59945.2,34691.8,22607.5
Q7Z5L9-3,Q7Z5L9-3,I2BP2_HUMAN,IRF2BP2,,,,12255.9,24438.15
Q7Z5L9;Q7Z5L9-2,Q7Z5L9;Q7Z5L9-2,I2BP2_HUMAN,IRF2BP2,,,,,
Q7Z5P9,Q7Z5P9;Q7Z5P9-2,MUC19_HUMAN,MUC19,,,,,
Q7Z5Q1;Q7Z5Q1-3;Q7Z5Q1-4;Q7Z5Q1-5;Q7Z5Q1-6;Q7Z5Q1-7;Q7Z5Q1-8;Q7Z5Q1-9,Q7Z5Q1;Q7Z5Q1-3;Q7Z5Q1-4;Q7Z5Q1-5;Q7Z5Q1-6;Q7Z5Q1-7;Q7Z5Q1-8;Q7Z5Q1-9,CPEB2_HUMAN,CPEB2,,,,,
Q7Z5R6,Q7Z5R6,AB1IP_HUMAN,APBB1IP,,,,34841.2,7146.755
Q7Z5U6,Q7Z5U6,WDR53_HUMAN,WDR53,,,,,
Q7Z5Y7,Q7Z5Y7,KCD20_HUMAN,KCTD20,,,,,
Q7Z614,Q7Z614,SNX20_HUMAN,SNX20,,,,,
Q7Z695,Q7Z695,ADCK2_HUMAN,ADCK2,,,,,
Q7Z698,Q7Z698;Q7Z698-2,SPRE2_HUMAN,SPRED2,,,,,
Q7Z6A9;Q7Z6A9-2,Q7Z6A9;Q7Z6A9-2,BTLA_HUMAN,BTLA,,,,,
Q7Z6B0;Q7Z6B0-2,Q7Z6B0;Q7Z6B0-2;Q7Z6B0-3,CCD91_HUMAN,CCDC91,,,3911.08,10476.4,2756.59
Q7Z6E9;Q7Z6E9-2,Q7Z6E9;Q7Z6E9-2;Q7Z6E9-4,RBBP6_HUMAN,RBBP6,,,,,
Q7Z6G8-3,Q7Z6G8-3;Q7Z6G8-2;Q7Z6G8-4;Q7Z6G8-5;Q7Z6G8-7,ANS1B_HUMAN,ANKS1B,,,,,
Q7Z6I6,Q7Z6I6;Q7Z6I6-2;Q7Z6I6-4,RHG30_HUMAN,ARHGAP30,,10935.1,,12653.6,4780.17
Q7Z6I8,Q7Z6I8,CE024_HUMAN,C5orf24,,,,,
Q7Z6J4,Q7Z6J4,FGD2_HUMAN,FGD2,,,58739.5,,
Q7Z6J4-5,Q7Z6J4-5,FGD2_HUMAN,FGD2,,2388580.0,,,
Q7Z6J9,Q7Z6J9;Q7Z6J9-2,SEN54_HUMAN,TSEN54,,,,,
Q7Z6K3,Q7Z6K3,PTAR1_HUMAN,PTAR1,,,,8469.93,
Q7Z6K5-2,P59780;Q7Z6K5-2,ARPIN_HUMAN,ARPIN,,,34173.9,,3655.49
Q7Z6L0-2,Q7Z6L0-2,PRRT2_HUMAN,PRRT2,,,,,
Q7Z6L1;Q7Z6L1-2,Q7Z6L1;Q7Z6L1-2;Q7Z6L1-4,TCPR1_HUMAN,TECPR1,7548.51,,9419.85,6314.24,91578.9
Q7Z6M3;Q7Z6M3-2,Q7Z6M3;Q7Z6M3-2,MILR1_HUMAN,MILR1,,47454.4,,39577.1,
Q7Z6M4,Q7Z6M4,MTEF4_HUMAN,MTERF4,,,,,
Q7Z6P3,Q7Z6P3,RAB44_HUMAN,RAB44,,,33077.5,,
Q7Z6V5,Q7Z6V5;Q7Z6V5-2,ADAT2_HUMAN,ADAT2,,,,5927.35,
Q7Z6Z6;Q7Z6Z6-2,Q7Z6Z6;Q7Z6Z6-2,PLPL5_HUMAN,PNPLA5,7189.38,15982.7,195819.0,16495.5,364512.0
Q7Z6Z7-2,Q7Z6Z7;Q7Z6Z7-2;Q7Z6Z7-3,HUWE1_HUMAN,HUWE1,90209.52,16140.3,30270.6,52660.4,8870.77
Q7Z739,Q7Z739;Q9BYJ9,YTHD3_HUMAN,YTHDF3,,,21073.0,9492.975,
Q7Z745,Q7Z745;Q7Z745-2,MRO2B_HUMAN,MROH2B,,,,,
Q7Z769,Q7Z769,S35E3_HUMAN,SLC35E3,,,,,
Q7Z794,Q7Z794,K2C1B_HUMAN,KRT77,,38670.8,22385.25,38196.2,20684.0
Q7Z7A1;Q7Z7A1-5,Q7Z7A1;Q7Z7A1-2;Q7Z7A1-5,CNTRL_HUMAN,CNTRL,,,,62354.39999999999,
Q7Z7A3,Q7Z7A3,CTU1_HUMAN,CTU1,25991.6,,31542.7,,23810.85
Q7Z7A4;Q7Z7A4-2,Q7Z7A4;Q7Z7A4-2;Q7Z7A4-4;Q7Z7A4-5;Q7Z7A4-6;Q7Z7A4-7,PXK_HUMAN,PXK,4390.38,,3840.78,18708.5,6448.4
Q7Z7B0;Q7Z7B0-2,Q7Z7B0;Q7Z7B0-2;Q7Z7B0-3,FLIP1_HUMAN,FILIP1,,,,7337.54,3878.98
Q7Z7B1,Q7Z7B1,PIGW_HUMAN,PIGW,34140.8,1134670.0,728979.0,937456.0,832147.0
Q7Z7C8;Q7Z7C8-2,Q7Z7C8;Q7Z7C8-2;Q7Z7C8-4,TAF8_HUMAN,TAF8,,,,,
Q7Z7E8,Q7Z7E8;Q7Z7E8-2,UB2Q1_HUMAN,UBE2Q1,,,9527.77,21780.1,
Q7Z7F0,Q7Z7F0;Q7Z7F0-2,KHDC4_HUMAN,KHDC4,,,,,
Q7Z7F7;Q7Z7F7-2,Q7Z7F7;Q7Z7F7-2,RM55_HUMAN,MRPL55,,,,,
Q7Z7G0,Q7Z7G0;Q7Z7G0-2;Q7Z7G0-3;Q7Z7G0-4,TARSH_HUMAN,ABI3BP,15048.0,503777.0,344980.0,409388.0,269853.0
Q7Z7G0-3,Q7Z7G0-3,TARSH_HUMAN,ABI3BP,,51880.3,35988.05,34201.39999999999,43942.8
Q7Z7G8;Q7Z7G8-2;Q7Z7G8-6,Q7Z7G8;Q7Z7G8-2;Q7Z7G8-6,VP13B_HUMAN,VPS13B,,,,,
Q7Z7H5,Q7Z7H5;Q7Z7H5-2;Q7Z7H5-3,TMED4_HUMAN,TMED4,,,14947.9,55792.7,27002.2
Q7Z7H8,Q7Z7H8;Q7Z7H8-2,RM10_HUMAN,MRPL10,,,,8857.56,
Q7Z7K0,Q7Z7K0,COXM1_HUMAN,CMC1,,,,,
Q7Z7K6,Q7Z7K6;Q7Z7K6-3,CENPV_HUMAN,CENPV,,,,,90551.29999999999
Q7Z7L1,Q7Z7L1,SLN11_HUMAN,SLFN11,,,,,
Q7Z7L7,Q7Z7L7,ZER1_HUMAN,ZER1,,,,,
Q7Z7M0;Q7Z7M0-2,Q7Z7M0;Q7Z7M0-2,MEGF8_HUMAN,MEGF8,4914.87,,,,2419.58
Q7Z7M8,Q7Z7M8,B3GN8_HUMAN,B3GNT8,5302.67,,38962.3,7417.975,46568.2
Q7Z7M9,Q7Z7M9,GALT5_HUMAN,GALNT5,,31339.8,5238.61,14589.6,5294.6
Q7Z7N9,Q7Z7N9,T179B_HUMAN,TMEM179B,,,7391.86,11819.3,6744.88
Q86SE9,Q86SE9,PCGF5_HUMAN,PCGF5,,,,,
Q86SF2,Q86SF2,GALT7_HUMAN,GALNT7,1276.29,,7024.75,5974.58,5950.42
Q86SQ4;Q86SQ4-3,Q86SQ4;Q86SQ4-2;Q86SQ4-3;Q86SQ4-4,AGRG6_HUMAN,ADGRG6,6676.66,587290.0,30052.6,54336.8,10097.215
Q86SQ7-4,Q86SQ7;Q86SQ7-3;Q86SQ7-4,SDCG8_HUMAN,SDCCAG8,,,,,
Q86SQ9;Q86SQ9-2;Q86SQ9-4,Q86SQ9;Q86SQ9-2;Q86SQ9-4,DHDDS_HUMAN,DHDDS,,,,,
Q86SR1,Q86SR1;Q86SR1-2;Q86SR1-3,GLT10_HUMAN,GALNT10,,,,27373.75,13824.75
Q86SX6,Q86SX6,GLRX5_HUMAN,GLRX5,,,8490.71,22600.55,
Q86SZ2,Q86SZ2,TPC6B_HUMAN,TRAPPC6B,,,19272.75,30913.85,
Q86T03;Q86T03-2,Q86T03;Q86T03-2,PP4P1_HUMAN,PIP4P1,,,263949.0,25763.2,20806.85
Q86T13,Q86T13,CLC14_HUMAN,CLEC14A,,,7603.77,32301.2,65523.9
Q86T24,Q86T24,KAISO_HUMAN,ZBTB33,,,,,
Q86T26,Q86T26,TM11B_HUMAN,TMPRSS11B,,,,,
Q86TB9,Q86TB9;Q86TB9-2;Q86TB9-4,PATL1_HUMAN,PATL1,,,8125.44,8495.925,57214.33
Q86TD4-1,Q86TD4-1,SRCA_HUMAN,SRL,,96173.6,80418.6,5191.02,
Q86TH1,Q86TH1,ATL2_HUMAN,ADAMTSL2,5679.88,,144458.0,6321.81,18750.5
Q86TI0,Q86TI0;Q86TI0-2,TBCD1_HUMAN,TBC1D1,,71663.0,51475.6,26964.7,
Q86TI2;Q86TI2-2,Q86TI2;Q86TI2-2;Q86TI2-4,DPP9_HUMAN,DPP9,,15344.1,15966.55,22819.1,8803.48
Q86TJ2,Q86TJ2,TAD2B_HUMAN,TADA2B,,,,,
Q86TL0,Q86TL0,ATG4D_HUMAN,ATG4D,,,,3737.17,
Q86TM6;Q86TM6-2;Q86TM6-3,Q86TM6;Q86TM6-2;Q86TM6-3,SYVN1_HUMAN,SYVN1,,,,,
Q86TN4;Q86TN4-3;Q86TN4-4,Q86TN4;Q86TN4-2;Q86TN4-3;Q86TN4-4,TRPT1_HUMAN,TRPT1,,,,,
Q86TP1,Q86TP1,PRUN1_HUMAN,PRUNE1,,,25521.7,99501.6,16051.5
Q86TS9;Q86TS9-3,Q86TS9;Q86TS9-2;Q86TS9-3,RM52_HUMAN,MRPL52,,,,,
Q86TU7,Q86TU7,SETD3_HUMAN,SETD3,,,,,
Q86TV6,Q86TV6;Q86TV6-2,TTC7B_HUMAN,TTC7B,,,26140.4,18481.8,8352.2
Q86TW2;Q86TW2-2,Q86TW2;Q86TW2-2,ADCK1_HUMAN,ADCK1,,,,,
Q86TX2,P49753;Q86TX2;P49753-2,ACOT1_HUMAN,ACOT1,29989.5,,15239.55,36933.6,
Q86TY3-2,Q86TY3;Q86TY3-2,ARMD4_HUMAN,ARMH4,,47523.2,65305.2,23211.7,
Q86U10;Q86U10-3,Q86U10;Q86U10-3,LPP60_HUMAN,ASPG,,,,,
Q86U17,Q86U17,SPA11_HUMAN,SERPINA11,17290.7,28002.0,39464.9,51544.7,53751.0
Q86U28,Q86U28,ISCA2_HUMAN,ISCA2,,,,12249.6,
Q86U38,Q86U38;Q86U38-2,NOP9_HUMAN,NOP9,,,,31630.1,5653.2
Q86U42;Q86U42-2,Q86U42;A6NDY0;A6NDY0-2;A6NDY0-4;Q86U42-2;Q92843-2,PABP2_HUMAN,PABPN1,,,,,5934.33
Q86U44,Q86U44,MTA70_HUMAN,METTL3,,,,,
Q86U70,Q86U70;Q86U70-2;Q86U70-3,LDB1_HUMAN,LDB1,,,,16655.0,
Q86U86;Q86U86-8,Q86U86;Q86U86-2;Q86U86-3;Q86U86-4;Q86U86-5;Q86U86-6;Q86U86-7;Q86U86-8;Q86U86-9,PB1_HUMAN,PBRM1,13969.2,,,,84668.8
Q86U90,Q86U90,YRDC_HUMAN,YRDC,,,,,1271.4
Q86UA1,Q86UA1,PRP39_HUMAN,PRPF39,,,,,
Q86UB9;Q86UB9-2,Q86UB9;Q86UB9-2,TM135_HUMAN,TMEM135,,,,,
Q86UD1,Q86UD1,OAF_HUMAN,OAF,21402.4,149507.0,151836.0,69810.7,68746.7
Q86UD3,Q86UD3,MARH3_HUMAN,MARCHF3,,,45665.5,31908.7,
Q86UD5-2,Q86UD5;Q86UD5-2,SL9B2_HUMAN,SLC9B2,,,,,
Q86UE4,Q86UE4,LYRIC_HUMAN,MTDH,,27963.1,35562.45,86919.25,39751.1
Q86UE8-3,Q86UE8;Q86UE8-2;Q86UE8-3,TLK2_HUMAN,TLK2,,,,,
Q86UF1,Q86UF1,TSN33_HUMAN,TSPAN33,,,15401.5,37054.2,8977.555
Q86UK0,Q86UK0;Q86UK0-2,ABCAC_HUMAN,ABCA12,,20771.8,18756.9,14104.75,
Q86UK7;Q86UK7-2;Q86UK7-3,Q86UK7;Q86UK7-2;Q86UK7-3,ZN598_HUMAN,ZNF598,,,,,4977.5
Q86UL3,Q86UL3,GPAT4_HUMAN,GPAT4,,,,,
Q86UN3,Q86UN3,R4RL2_HUMAN,RTN4RL2,4114.78,,130751.0,,
Q86UP2,Q86UP2;Q86UP2-3;Q86UP2-2;Q86UP2-4,KTN1_HUMAN,KTN1,25822.7,,10155.985,21806.8,9084.75
Q86UR1-3,Q86UR1;Q86UR1-2;Q86UR1-3,NOXA1_HUMAN,NOXA1,,,,9195.7,
Q86US8,Q86US8;Q86US8-2;Q86US8-3,EST1A_HUMAN,SMG6,43884.1,,,48242.2,
Q86UT6,Q86UT6;Q86UT6-2,NLRX1_HUMAN,NLRX1,,,34724.6,64392.6,22375.1
Q86UU0;Q86UU0-2;Q86UU0-3;Q86UU0-4,Q86UU0;Q86UU0-2;Q86UU0-3;Q86UU0-4,BCL9L_HUMAN,BCL9L,,,,,
Q86UU1;Q86UU1-2,Q86UU1;Q86UU1-2;Q86UU1-3,PHLB1_HUMAN,PHLDB1,,,,,
Q86UV5,Q86UV5;Q86UV5-2;Q86UV5-3;Q86UV5-4;Q86UV5-7;Q86UV5-8,UBP48_HUMAN,USP48,,,,,94156.7
Q86UW9;Q86UW9-2,Q86UW9;Q86UW9-2,DTX2_HUMAN,DTX2,,,,,
Q86UX2,Q86UX2;Q86UX2-2,ITIH5_HUMAN,ITIH5,2600.33,632607.0,120103.0,284608.0,83147.1
Q86UX6;Q86UX6-2,Q86UX6;Q86UX6-2,ST32C_HUMAN,STK32C,,,,,
Q86UX7;Q86UX7-2,Q86UX7;Q86UX7-2,URP2_HUMAN,FERMT3,8606.965,15402.4,1175020.0,6153380.0,1005200.0
Q86UY8,Q86UY8;Q86UY8-2,NT5D3_HUMAN,NT5DC3,,,,10218.5,
Q86UZ6,Q86UZ6,ZBT46_HUMAN,ZBTB46,,,43394.7,150317.0,27155.75
Q86V15,Q86V15;Q86V15-2,CASZ1_HUMAN,CASZ1,,,,36815.25,
Q86V21,Q86V21;Q86V21-2,AACS_HUMAN,AACS,,,,12329.755,
Q86V48;Q86V48-2;Q86V48-3,Q86V48;Q86V48-2;Q86V48-3,LUZP1_HUMAN,LUZP1,,,,8945.31,4443.4
Q86V81,Q86V81,THOC4_HUMAN,ALYREF,,,,,
Q86V85,Q86V85,GP180_HUMAN,GPR180,,,,,
Q86V87,Q86V87,FHI2B_HUMAN,FHIP2B,,,,,
Q86V88,Q86V88;Q86V88-2;Q86V88-3,MGDP1_HUMAN,MDP1,,,12937.4,24383.9,4091.17
Q86VB7,Q86VB7;Q86VB7-2;Q86VB7-3;Q86VB7-4,C163A_HUMAN,CD163,7130.84,19232.6,5879.51,,
Q86VD7,Q86VD7,S2542_HUMAN,SLC25A42,,,,5992.43,
Q86VH2;Q86VH2-2;Q86VH2-3,Q86VH2;Q86VH2-2;Q86VH2-3,KIF27_HUMAN,KIF27,,,840482.0,15436.8,23067.0
Q86VM9,Q86VM9,ZCH18_HUMAN,ZC3H18,,,,,
Q86VN1,Q86VN1;Q86VN1-2,VPS36_HUMAN,VPS36,,,14950.75,36597.7,
Q86VP1-2;Q86VP1-4,Q86VP1;Q86VP1-2;Q86VP1-3;Q86VP1-4,TAXB1_HUMAN,TAX1BP1,89205.4,447232.5,44296.7,152202.0,226634.0
Q86VP3-4,Q86VP3;Q86VP3-2;Q86VP3-4,PACS2_HUMAN,PACS2,,,4983.4,13860.9,
Q86VP6,Q86VP6,CAND1_HUMAN,CAND1,1412.4,,268292.0,241979.0,28142.0
Q86VQ1,Q86VQ1,GLCI1_HUMAN,GLCCI1,,,,13971.8,
Q86VR2,Q86VR2,RETR3_HUMAN,RETREG3,,,5908.190000000001,17272.3,9054.75
Q86VR7;Q86VR7-2,Q86VR7;Q86VR7-2,VS10L_HUMAN,VSIG10L,,,,5710.55,
Q86VS8,Q86VS8,HOOK3_HUMAN,HOOK3,,,15427.05,33147.0,
Q86VU5,Q86VU5,CMTD1_HUMAN,COMTD1,,,,8919.64,37932.1
Q86VV8;Q86VV8-3,Q86VV8;Q86VV8-4;Q86VV8-3,RTTN_HUMAN,RTTN,,7909.02,,,
Q86VW0,Q86VW0,SESD1_HUMAN,SESTD1,,,10035.2,14906.3,1760.4
Q86VX2;Q86VX2-2,Q86VX2;Q86VX2-2,COMD7_HUMAN,COMMD7,,,10644.9,9741.25,
Q86VX9;Q86VX9-5,Q86VX9;Q86VX9-2;Q86VX9-3;Q86VX9-4;Q86VX9-5,MON1A_HUMAN,MON1A,,,,,
Q86VZ1,Q86VZ1,P2RY8_HUMAN,P2RY8,,,,7515.06,
Q86W33;Q86W33-2;Q86W33-3,Q86W33;Q86W33-2;Q86W33-3,TPRA1_HUMAN,TPRA1,,,,,
Q86W34,Q86W34,AMZ2_HUMAN,AMZ2,,10036.58,4664.895,8268.51,
Q86W42,Q86W42;Q86W42-2,THOC6_HUMAN,THOC6,,,31798.9,,
Q86W50,Q86W50,MET16_HUMAN,METTL16,,,,,
Q86W56;Q86W56-2,Q86W56;Q86W56-2;Q86W56-3;Q86W56-4;Q86W56-5,PARG_HUMAN,PARG,,,,,
Q86W92;Q86W92-4,Q86W92;Q86W92-3;Q86W92-4,LIPB1_HUMAN,PPFIBP1,,,,,
Q86WA6;Q86WA6-2,Q86WA6;Q86WA6-2,BPHL_HUMAN,BPHL,,,,33110.75,
Q86WA8,Q86WA8;Q86WA8-2,LONP2_HUMAN,LONP2,,,,,
Q86WB0,Q86WB0;Q86WB0-2;Q86WB0-3,ZC3C1_HUMAN,ZC3HC1,,,,16872.4,
Q86WC4,Q86WC4,OSTM1_HUMAN,OSTM1,,83614.95,,,
Q86WG5,Q86WG5;Q86WG5-3,MTMRD_HUMAN,SBF2,,,,12499.4,
Q86WH2,Q86WH2,RASF3_HUMAN,RASSF3,,,,,
Q86WI1,Q86WI1,PKHL1_HUMAN,PKHD1L1,2888.66,48987.4,124171.0,54813.6,18399.4
Q86WI3,Q86WI3;Q86WI3-2;Q86WI3-6,NLRC5_HUMAN,NLRC5,,,,,
Q86WJ1,Q86WJ1;Q86WJ1-2;Q86WJ1-3;Q86WJ1-4;Q86WJ1-5,CHD1L_HUMAN,CHD1L,,,,,119780.0
Q86WN1,Q86WN1;Q86WN1-3,FCSD1_HUMAN,FCHSD1,,,19054.6,6317.32,
Q86WQ0;Q86WQ0-2,Q86WQ0;Q86WQ0-2,NR2CA_HUMAN,NR2C2AP,,,,,
Q86WR0,Q86WR0;Q86WR0-2,CCD25_HUMAN,CCDC25,,,,,
Q86WR7,Q86WR7;Q86WR7-2,PRSR2_HUMAN,PROSER2,11397.8,,37661.95,73869.4,34967.8
Q86WU2;Q86WU2-2,Q86WU2;Q86WU2-2,LDHD_HUMAN,LDHD,,,,,
Q86WV1;Q86WV1-2,Q86WV1;Q86WV1-2,SKAP1_HUMAN,SKAP1,,,,3197.67,
Q86WV6,Q86WV6,STING_HUMAN,STING1,,,47570.95,23856.1,9601.095000000001
Q86WX3,Q86WX3,AROS_HUMAN,RPS19BP1,,,,,
Q86X10-3,Q86X10;Q86X10-2;Q86X10-3,RLGPB_HUMAN,RALGAPB,,,13240.7,21145.0,
Q86X19,Q86X19,TMM17_HUMAN,TMEM17,,,,,9044.055
Q86X27;Q86X27-3,Q86X27;Q86X27-3,RGPS2_HUMAN,RALGPS2,,,,,
Q86X29;Q86X29-4,Q86X29;Q86X29-3;Q86X29-4;Q86X29-5;Q86X29-6,LSR_HUMAN,LSR,1441.0,69605.9,18481.9,25637.5,11790.5
Q86X52,Q86X52,CHSS1_HUMAN,CHSY1,,,2944.69,39286.1,20887.3
Q86X53,Q86X53,ERIC1_HUMAN,ERICH1,,,,,
Q86X55;Q86X55-1,Q86X55;Q86X55-1;Q86X55-2,CARM1_HUMAN,CARM1,91493.3,35338.1,,51993.2,
Q86X76-2,Q86X76;Q86X76-2;Q86X76-3;Q86X76-4;Q86X76-5,NIT1_HUMAN,NIT1,,,12035.645,43361.3,7364.775
Q86X83,Q86X83,COMD2_HUMAN,COMMD2,,,,6536.25,
Q86XA9,Q86XA9;Q86XA9-2,HTR5A_HUMAN,HEATR5A,,,11154.605,20153.8,
Q86XH1;Q86XH1-2;Q86XH1-5,Q86XH1;Q86XH1-2;Q86XH1-5,DRC11_HUMAN,IQCA1,,10826.5,14615.6,,43086.0
Q86XI2;Q86XI2-2,Q86XI2;Q86XI2-2,CNDG2_HUMAN,NCAPG2,,,,,
Q86XK2;Q86XK2-5;Q86XK2-6,Q86XK2;Q86XK2-3;Q86XK2-5;Q86XK2-6,FBX11_HUMAN,FBXO11,,,,,
Q86XL3,Q86XL3;Q86XL3-2,ANKL2_HUMAN,ANKLE2,,21254.65,,7333.594999999999,
Q86XP1;Q86XP1-2,Q86XP1;Q86XP1-2;Q86XP1-3;Q86XP1-5,DGKH_HUMAN,DGKH,,,,11872.25,
Q86XP3,Q86XP3;Q86XP3-2,DDX42_HUMAN,DDX42,63037.1,,2329.39,,32151.5
Q86XR2;Q86XR2-2;Q86XR2-3;Q86XR2-4;Q86XR2-5,Q86XR2;Q86XR2-2;Q86XR2-3;Q86XR2-4;Q86XR2-5;Q86XR2-7,NIBA3_HUMAN,NIBAN3,,,,,
Q86XR7-2,Q9Y3B3;Q86XR7-2;Q9Y3B3-2,TCAM2_HUMAN,TICAM2,,,15865.35,64134.7,16232.4
Q86XR8;Q86XR8-4;Q86XR8-5,Q86XR8;Q86XR8-3;Q86XR8-2;Q86XR8-4;Q86XR8-5,CEP57_HUMAN,CEP57,,,,7333.065,
Q86XS8;Q86XS8-2,Q86XS8;Q86XS8-2,GOLI_HUMAN,RNF130,,,,,
Q86XT9,Q86XT9,TM219_HUMAN,TMEM219,,,,,
Q86XZ4,Q86XZ4,SPAS2_HUMAN,SPATS2,,,,,
Q86Y07,Q86Y07;Q86Y07-2;Q86Y07-5,VRK2_HUMAN,VRK2,,,,32058.7,
Q86Y37,Q86Y37;Q86Y37-2,CACL1_HUMAN,CACUL1,,,,,
Q86Y38,Q86Y38,XYLT1_HUMAN,XYLT1,,43888.5,4142.71,,2955.54
Q86Y39,Q86Y39;Q86Y39-2,NDUAB_HUMAN,NDUFA11,,,,35931.95,
Q86Y46,Q3SY84;Q86Y46;Q86Y46-2,K2C73_HUMAN,KRT73,,129846.0,39484.8,44038.8,56584.2
Q86Y56,Q86Y56;Q86Y56-2,DAAF5_HUMAN,DNAAF5,,,,,
Q86Y79,Q86Y79,PTH_HUMAN,PTRH1,,,,42879.7,13987.0
Q86Y82,Q86Y82,STX12_HUMAN,STX12,,,,147182.0,11819.2
Q86Y97,Q86Y97,KMT5C_HUMAN,KMT5C,,,,,
Q86YB7;Q86YB7-2,Q86YB7;Q86YB7-2,ECHD2_HUMAN,ECHDC2,,,,2788.91,
Q86YB8,Q86YB8,ERO1B_HUMAN,ERO1B,,,,24624.4,
Q86YC3,Q86YC3,LRC33_HUMAN,NRROS,,,,,
Q86YD3;Q86YD3-2;Q86YD3-4;Q86YD3-5,Q86YD3;Q86YD3-2;Q86YD3-4;Q86YD3-5,TMM25_HUMAN,TMEM25,,55497.9,2938.42,,
Q86YL5,Q86YL5;Q86YL5-2,TDRP_HUMAN,TDRP,25890.5,71128.75,57649.0,54675.4,17428.95
Q86YL7-3;Q86YL7-4,Q86YL7;Q86YL7-3;Q86YL7-4;Q86YL7-5;Q86YL7-6,PDPN_HUMAN,PDPN,,,,,
Q86YM7,Q86YM7,HOME1_HUMAN,HOMER1,,,,,
Q86YN1,Q86YN1;Q86YN1-2,DOPP1_HUMAN,DOLPP1,,,,,
Q86YP4;Q86YP4-3,Q86YP4;Q86YP4-3;Q86YP4-2,P66A_HUMAN,GATAD2A,,,,3157.08,834.255
Q86YQ8,Q8IYJ1;Q9HCH3;Q86YQ8;Q8IYJ1-2,CPNE8_HUMAN,CPNE8,,,,24247.9,
Q86YS3,Q86YS3;Q86YS3-2,RFIP4_HUMAN,RAB11FIP4,,,,,
Q86YS6,Q86YS6,RAB43_HUMAN,RAB43,,,,30991.4,
Q86YS7-3,Q86YS7;Q86YS7-2;Q86YS7-3;Q86YS7-4;Q86YS7-5,C2CD5_HUMAN,C2CD5,,,15759.945,18230.0,
Q86YT6,Q86YT6,MIB1_HUMAN,MIB1,,,,78537.0,75013.4
Q86YT9-4,Q86YT9;Q86YT9-2;Q86YT9-3;Q86YT9-4,JAML_HUMAN,JAML,,,,25588.4,
Q86YV0,Q86YV0;Q86YV0-2,RASL3_HUMAN,RASAL3,,,25447.2,27690.1,12844.3
Q86YV5,Q86YV5,PRAG1_HUMAN,PRAG1,,,15221.9,12371.8,
Q86YV9,Q86YV9,HPS6_HUMAN,HPS6,,,,12388.75,4259.39
Q86YW5,Q86YW5;Q86YW5-2,TRML1_HUMAN,TREML1,,21607.15,108834.0,227965.0,94637.9
Q86YW5-2,Q86YW5-2,TRML1_HUMAN,TREML1,,,,,
Q86YZ3,Q86YZ3,HORN_HUMAN,HRNR,,12685.2,6495.434999999999,25080.2,29685.4
Q8IU60;Q8IU60-2,Q8IU60;Q8IU60-2,DCP2_HUMAN,DCP2,,,,,4074.58
Q8IU68,Q8IU68;Q8IU68-2,TMC8_HUMAN,TMC8,,,5614.155,18833.6,4359.99
Q8IU81,Q8IU81,I2BP1_HUMAN,IRF2BP1,,,210487.0,,5093.34
Q8IU85;Q8IU85-2,Q8IU85;Q8IU85-2,KCC1D_HUMAN,CAMK1D,,,,11746.8,
Q8IUD2,Q8IUD2;Q8IUD2-2;Q8IUD2-3;Q8IUD2-4,RB6I2_HUMAN,ERC1,,,18542.895,27475.5,4486.23
Q8IUD6;Q8IUD6-3,Q8IUD6;Q8IUD6-2;Q8IUD6-3,RN135_HUMAN,RNF135,,,,,
Q8IUF8,Q8IUF8;Q8IUF8-3,RIOX2_HUMAN,RIOX2,,,,,
Q8IUG5;Q8IUG5-3,Q8IUG5;Q8IUG5-2;Q8IUG5-3,MY18B_HUMAN,MYO18B,,,,,
Q8IUH3;Q8IUH3-3,Q8IUH3;Q8IUH3-3;Q8IUH3-2,RBM45_HUMAN,RBM45,,,,,3573.17
Q8IUH4,Q8IUH4;Q8IUH4-2;Q8IUH4-3,ZDH13_HUMAN,ZDHHC13,,,,,
Q8IUH5,Q8IUH5;Q8IUH5-3,ZDH17_HUMAN,ZDHHC17,,54976.0,8510.13,27226.6,13037.945
Q8IUI8,Q8IUI8;Q8IUI8-2,CRLF3_HUMAN,CRLF3,33009.5,,12858.3,33248.4,3872.32
Q8IUI8-2,Q8IUI8-2,CRLF3_HUMAN,CRLF3,,,,,
Q8IUK5,Q8IUK5;Q8IUK5-2;Q8IUK5-3;Q8IUK5-4,PLDX1_HUMAN,PLXDC1,3065.05,30348.3,265757.0,28417.8,6882.11
Q8IUK8,Q8IUK8,CBLN2_HUMAN,CBLN2,,25181.3,15029.0,,
Q8IUL8,Q8IUL8,CILP2_HUMAN,CILP2,12161.6,14262.35,29550.2,27551.6,24099.5
Q8IUN9;Q8IUN9-2,Q8IUN9;Q8IUN9-2;Q8IUN9-3,CLC10_HUMAN,CLEC10A,,,11450.6,15007.85,
Q8IUR0,Q8IUR0,TPPC5_HUMAN,TRAPPC5,,,,22710.1,8976.98
Q8IUR5,Q8IUR5;Q8IUR5-4;Q8IUR5-1;Q8IUR5-2,TMTC1_HUMAN,TMTC1,100732.2,38530.7,15540.3,,
Q8IUR6;Q8IUR6-3,Q8IUR6;Q8IUR6-3,CRERF_HUMAN,CREBRF,,,,,
Q8IUR7;Q8IUR7-7,Q8IUR7;Q8IUR7-2;Q8IUR7-3;Q8IUR7-6;Q8IUR7-7,ARMC8_HUMAN,ARMC8,,,15163.9,37157.2,88013.8
Q8IUW3,Q8IUW3;Q8IUW3-2,SPA2L_HUMAN,SPATA2L,,,,,
Q8IUW5,Q8IUW5,RELL1_HUMAN,RELL1,,,,15459.2,
Q8IUX1;Q8IUX1-4,Q8IUX1;Q8IUX1-2;Q8IUX1-4;Q8IUX1-5,T126B_HUMAN,TMEM126B,,,,4993.24,
Q8IUX4,Q8IUX4,ABC3F_HUMAN,APOBEC3F,,,,12038.8,
Q8IUX7,Q8IUX7;Q8IUX7-2,AEBP1_HUMAN,AEBP1,,30156.95,98252.6,15515.8,51146.4
Q8IUZ5,Q8IUZ5,AT2L2_HUMAN,PHYKPL,,,,,
Q8IV03,Q8IV03,LUR1L_HUMAN,LURAP1L,,,1007.49,4563.68,
Q8IV04,Q8IV04;Q8IV04-2,TB10C_HUMAN,TBC1D10C,,,8052.82,17375.85,20838.9
Q8IV08,Q8IV08,PLD3_HUMAN,PLD3,,4648.22,23043.9,,61586.6
Q8IV36;Q8IV36-2,Q8IV36;Q8IV36-2;Q8IV36-3,HID1_HUMAN,HID1,,,44309.75,95771.9,
Q8IV38,Q8IV38,ANKY2_HUMAN,ANKMY2,,,,8372.544999999998,
Q8IV48,Q8IV48,ERI1_HUMAN,ERI1,,,,139486.0,
Q8IV50,Q96S90;Q8IV50,LYSM2_HUMAN,LYSMD2,,,3134.35,,6765.42
Q8IV53,Q8IV53;Q8IV53-2,DEN1C_HUMAN,DENND1C,,,,36582.3,
Q8IV61,Q8IV61,GRP3_HUMAN,RASGRP3,,,,6704.16,
Q8IV63,Q8IV63;Q8IV63-2;Q8IV63-3,VRK3_HUMAN,VRK3,,,,3895.135,
Q8IVB4,Q8IVB4,SL9A9_HUMAN,SLC9A9,,,35701.7,89117.8,41054.05
Q8IVB5,Q8IVB5,LIX1L_HUMAN,LIX1L,,,,,
Q8IVD9,Q8IVD9,NUDC3_HUMAN,NUDCD3,,,,3447.615,
Q8IVE3,Q8IVE3;Q8IVE3-2,PKHH2_HUMAN,PLEKHH2,,,,,14673.42
Q8IVF2,Q8IVF2;Q8IVF2-3,AHNK2_HUMAN,AHNAK2,,318985.0,72269.75,113508.0,23567.4
Q8IVF5;Q8IVF5-2;Q8IVF5-4;Q8IVF5-5,Q8IVF5;Q8IVF5-2;Q8IVF5-4;Q8IVF5-5,TIAM2_HUMAN,TIAM2,,,,,
Q8IVF7;Q8IVF7-2;Q8IVF7-3,Q8IVF7;Q8IVF7-2;Q8IVF7-3,FMNL3_HUMAN,FMNL3,,,,,
Q8IVG5,Q8IVG5,SAM9L_HUMAN,SAMD9L,,4974860.0,,6492100.0,476027.0
Q8IVH2;Q8IVH2-2,Q8IVH2;Q8IVH2-2;Q8IVH2-3,FOXP4_HUMAN,FOXP4,,,,,
Q8IVH4,Q8IVH4,MMAA_HUMAN,MMAA,,25669.5,7867.89,28007.0,
Q8IVM0;Q8IVM0-2,Q8IVM0;Q8IVM0-2,CCD50_HUMAN,CCDC50,,,,,
Q8IVN3,Q8IVN3,MSTN1_HUMAN,MUSTN1,,10977.9,,,
Q8IVP5,Q8IVP5,FUND1_HUMAN,FUNDC1,,,,,
Q8IVQ6,Q8IVQ6,ZDH21_HUMAN,ZDHHC21,,,,,
Q8IVS2,Q8IVS2,FABD_HUMAN,MCAT,2602.21,,6929.06,,
Q8IVS8;Q8IVS8-4;Q8IVS8-5,Q8IVS8;Q8IVS8-2;Q8IVS8-4;Q8IVS8-5;Q8IVS8-7,GLCTK_HUMAN,GLYCTK,,,,,
Q8IVT2,Q8IVT2,MISP_HUMAN,MISP,,,,,
Q8IVT5,Q8IVT5;Q8IVT5-2;Q8IVT5-3;Q8IVT5-4,KSR1_HUMAN,KSR1,7195.32,,12599.8,22229.4,11505.0
Q8IVV7,Q8IVV7,GID4_HUMAN,GID4,,,,5891.87,
Q8IVW4,Q8IVW4;Q8IVW4-2,CDKL3_HUMAN,CDKL3,,,2209.17,21554.1,4868.31
Q8IVW6;Q8IVW6-4,Q8IVW6;Q8IVW6-3;Q8IVW6-4,ARI3B_HUMAN,ARID3B,,,,,
Q8IW19,Q8IW19,APLF_HUMAN,APLF,,,,,
Q8IW35,Q8IW35;Q8IW35-2,CEP97_HUMAN,CEP97,,,,,
Q8IW41;Q8IW41-2,Q8IW41;Q8IW41-2,MAPK5_HUMAN,MAPKAPK5,,,,,2251.08
Q8IW45,Q8IW45;Q8IW45-2,NNRD_HUMAN,NAXD,,,7108.31,10096.4,3979.21
Q8IW50;Q8IW50-4,Q8IW50;Q8IW50-2;Q8IW50-3;Q8IW50-4;Q8IW50-5;Q8IW50-6;Q8IW50-7,F219A_HUMAN,FAM219A,,,,,
Q8IW70-2,Q8IW70-2,T151B_HUMAN,TMEM151B,,,,,
Q8IW75,Q8IW75,SPA12_HUMAN,SERPINA12,,,544.429,3830.0,16593.5
Q8IWA0,Q8IWA0,WDR75_HUMAN,WDR75,,,,,
Q8IWA4,Q8IWA4;Q8IWA4-2;Q8IWA4-3,MFN1_HUMAN,MFN1,,,,16294.8,
Q8IWA5-3,Q8IWA5;Q8IWA5-2;Q8IWA5-3,CTL2_HUMAN,SLC44A2,,,42890.5,182720.0,27542.8
Q8IWB1,Q8IWB1,IPRI_HUMAN,ITPRIP,,,22910.6,,
Q8IWB7,Q8IWB7,WDFY1_HUMAN,WDFY1,20132.6,,12285.6,38397.9,386556.0
Q8IWB9,Q8IWB9;Q8IWB9-2,TEX2_HUMAN,TEX2,,,,14234.1,4972.110000000001
Q8IWC1-4,Q8IWC1;Q8IWC1-2;Q8IWC1-3;Q8IWC1-4,MA7D3_HUMAN,MAP7D3,,,,3022.21,667.6
Q8IWD4;Q8IWD4-3,Q8IWD4;Q8IWD4-2;Q8IWD4-3;Q8IWD4-4,CC117_HUMAN,CCDC117,,,,,
Q8IWE2,Q8IWE2;Q8IWE2-2,NXP20_HUMAN,FAM114A1,16524.8,,52340.6,179512.5,45796.4
Q8IWE4,Q8IWE4,DCNL3_HUMAN,DCUN1D3,,,,6673.79,
Q8IWE5;Q8IWE5-2,Q8IWE5;Q8IWE5-2,PKHM2_HUMAN,PLEKHM2,,,,,
Q8IWF6,Q8IWF6,DEN6A_HUMAN,DENND6A,,8864.69,14285.2,65757.7,21190.6
Q8IWI9;Q8IWI9-3,Q8IWI9;Q8IWI9-3,MGAP_HUMAN,MGA,,,,,
Q8IWJ2,Q8IWJ2,GCC2_HUMAN,GCC2,20598.4,8854.58,86783.5,40384.8,281219.0
Q8IWL3,Q8IWL3,HSC20_HUMAN,HSCB,,,,,
Q8IWP9,Q8IWP9,CC28A_HUMAN,CCDC28A,,,,,
Q8IWR0,Q8IWR0;Q8IWR0-2,Z3H7A_HUMAN,ZC3H7A,,,50516.1,8315.34,21633.8
Q8IWS0;Q8IWS0-3;Q8IWS0-5,Q8IWS0;Q8IWS0-2;Q8IWS0-3;Q8IWS0-4;Q8IWS0-5,PHF6_HUMAN,PHF6,,,,,
Q8IWT0,Q8IWT0,ARCH_HUMAN,ZBTB8OS,,,4044.65,,
Q8IWT3;Q8IWT3-3,Q8IWT3;Q8IWT3-3,CUL9_HUMAN,CUL9,,,83762.6,15394.605,
Q8IWT6,Q8IWT6,LRC8A_HUMAN,LRRC8A,4847.45,,11088.99,25880.6,9735.625
Q8IWU2,Q8IWU2,LMTK2_HUMAN,LMTK2,,,,7378.58,
Q8IWU5,Q8IWU5;Q8IWU5-2,SULF2_HUMAN,SULF2,,122717.0,2536.195,,896.229
Q8IWV1;Q8IWV1-3,Q8IWV1;Q8IWV1-2;Q8IWV1-3,LAX1_HUMAN,LAX1,,,,,
Q8IWV2,Q8IWV2;Q8IWV2-2;Q8IWV2-3;Q8IWV2-4,CNTN4_HUMAN,CNTN4,3591.205,26488.2,,,7190.99
Q8IWV7,Q8IWV7;Q8IWV7-2,UBR1_HUMAN,UBR1,,,22155.9,43052.4,10462.0
Q8IWV8-4,Q8IWV8;Q8IWV8-4,UBR2_HUMAN,UBR2,,,14848.8,109372.0,22763.2
Q8IWW6-3,Q8IWW6;Q8IWW6-2;Q8IWW6-3;Q8IWW6-4,RHG12_HUMAN,ARHGAP12,,,,,
Q8IWW8;Q8IWW8-2;Q8IWW8-3;Q8IWW8-4,Q8IWW8;Q8IWW8-2;Q8IWW8-3;Q8IWW8-4,HOT_HUMAN,ADHFE1,,,,,
Q8IWX8,Q8IWX8,CHERP_HUMAN,CHERP,,,,6064.55,
Q8IWY9;Q8IWY9-1,Q8IWY9;Q8IWY9-1,CDAN1_HUMAN,CDAN1,,1958.64,,2182.31,
Q8IWZ3;Q8IWZ3-4;Q8IWZ3-6,Q8IWZ3;Q8IWZ3-4;Q8IWZ3-6,ANKH1_HUMAN,ANKHD1,,,,35535.3,
Q8IWZ6;Q8IWZ6-2,Q8IWZ6;Q8IWZ6-2,BBS7_HUMAN,BBS7,,29173.9,11149.4,14071.45,55036.9
Q8IWZ8,Q8IWZ8,SUGP1_HUMAN,SUGP1,,,57576.0,12350.6,
Q8IX01;Q8IX01-4,Q8IX01;Q8IX01-3;Q8IX01-4,SUGP2_HUMAN,SUGP2,3450.04,,,3062.73,
Q8IX04;Q8IX04-2;Q8IX04-3;Q8IX04-6,Q8IX04;Q8IX04-2;Q8IX04-3;Q8IX04-4;Q8IX04-6,UEVLD_HUMAN,UEVLD,,,,8479.66,
Q8IX07,Q8IX07,FOG1_HUMAN,ZFPM1,,,,2494.06,
Q8IX12;Q8IX12-2,Q8IX12;Q8IX12-2,CCAR1_HUMAN,CCAR1,,,103780.0,113129.5,6084.375
Q8IX15;Q8IX15-3,Q8IX15;Q8IX15-3,HOMEZ_HUMAN,HOMEZ,,,,,
Q8IX18;Q8IX18-3,Q8IX18;Q8IX18-2;Q8IX18-3,DHX40_HUMAN,DHX40,,,,,
Q8IX19,Q8IX19,MCEM1_HUMAN,MCEMP1,,,16676.8,17751.5,
Q8IXB1,Q8IXB1;Q8IXB1-2;Q8IXB1-3,DJC10_HUMAN,DNAJC10,,,1973.73,19319.2,3666.645
Q8IXH7;Q8IXH7-4,Q8IXH7;Q8IXH7-4,NELFD_HUMAN,NELFCD,,,,,
Q8IXI1,Q8IXI1,MIRO2_HUMAN,RHOT2,,,12977.195,17868.5,9406.77
Q8IXI2-3;Q8IXI2-7,Q8IXI2;Q8IXI2-2;Q8IXI2-3;Q8IXI2-4;Q8IXI2-5;Q8IXI2-6;Q8IXI2-7,MIRO1_HUMAN,RHOT1,,31086.3,16599.2,34090.60000000001,42054.8
Q8IXJ6;Q8IXJ6-4,Q8IXJ6;Q8IXJ6-2;Q8IXJ6-5;Q8IXJ6-3;Q8IXJ6-4,SIR2_HUMAN,SIRT2,,,22705.35,22809.1,
Q8IXK0;Q8IXK0-4;Q8IXK0-5,Q8IXK0;Q8IXK0-5;Q8IXK0-2;Q8IXK0-3;Q8IXK0-4,PHC2_HUMAN,PHC2,,,,,
Q8IXK2,Q8IXK2,GLT12_HUMAN,GALNT12,889.6575,,57381.5,10950.1,15442.3
Q8IXL6,Q8IXL6,FA20C_HUMAN,FAM20C,5170.24,,34657.1,16605.475,
Q8IXL7;Q8IXL7-2,Q8IXL7;Q8IXL7-2,MSRB3_HUMAN,MSRB3,,,,,
Q8IXM2,Q8IXM2;Q8IXM2-3,BAP18_HUMAN,BAP18,,,100781.2,,
Q8IXM3,Q8IXM3,RM41_HUMAN,MRPL41,,,,13879.8,
Q8IXM6,Q8IXM6;Q8IXM6-2,NRM_HUMAN,NRM,,,,,
Q8IXQ3,Q8IXQ3,CI040_HUMAN,C9orf40,,,,,
Q8IXQ4,Q8IXQ4;Q8IXQ4-2;Q8IXQ4-3,GPAM1_HUMAN,GPALPP1,,,,,
Q8IXQ6;Q8IXQ6-2,Q8IXQ6;Q8IXQ6-2,PARP9_HUMAN,PARP9,,,,19044.25,
Q8IXQ9,Q8IXQ9,ETKMT_HUMAN,ETFBKMT,,,,12195.6,
Q8IXS8,Q8IXS8,HYCC2_HUMAN,HYCC2,,,,8883.47,
Q8IXT5,Q8IXT5,RB12B_HUMAN,RBM12B,,937046.0,,19694.0,34463.4
Q8IXW5,Q8IXW5;Q8IXW5-2,RPAP2_HUMAN,RPAP2,,,3852.29,,
Q8IXZ2,Q8IXZ2,ZC3H3_HUMAN,ZC3H3,,77518.8,,,35554.0
Q8IY17;Q8IY17-3,Q6ZV29;Q8IY17;Q6ZV29-2;Q6ZV29-3;Q6ZV29-4;Q6ZV29-5;Q8IY17-2;Q8IY17-3;Q8IY17-5,PLPL6_HUMAN,PNPLA6,,229641.35,14699.75,43874.8,20829.9
Q8IY18,Q8IY18,SMC5_HUMAN,SMC5,,,,,
Q8IY21,Q8IY21,DDX60_HUMAN,DDX60,63942.8,,28013.71,9868.975,6535.19
Q8IY22,Q8IY22;Q8IY22-2;Q8IY22-3,CMIP_HUMAN,CMIP,,,40927.1,131495.0,31422.5
Q8IY26,Q8IY26,PLPP6_HUMAN,PLPP6,,,,,
Q8IY31;Q8IY31-2;Q8IY31-4,Q8IY31;Q8IY31-3;Q8IY31-2;Q8IY31-4,IFT20_HUMAN,IFT20,,,61213.4,,
Q8IY33,Q8IY33;Q8IY33-2;Q8IY33-4;Q8IY33-5,MILK2_HUMAN,MICALL2,20379.1,,13298.4,15684.9,40581.3
Q8IY34,Q8IY34,S15A3_HUMAN,SLC15A3,,,,,
Q8IY37,Q8IY37,DHX37_HUMAN,DHX37,10566.25,126386.0,,,13299.5
Q8IY47,Q8IY47,KBTB2_HUMAN,KBTBD2,,,,9449.61,
Q8IY63;Q8IY63-2,Q8IY63;Q8IY63-2,AMOL1_HUMAN,AMOTL1,,,,,
Q8IY67-2,Q8IY67;Q8IY67-2,RAVR1_HUMAN,RAVER1,,,,,
Q8IY81,Q8IY81,SPB1_HUMAN,FTSJ3,,,,20044.9,
Q8IY92;Q8IY92-2,Q8IY92;Q8IY92-2,SLX4_HUMAN,SLX4,15411.2,,,,
Q8IY95;Q8IY95-2,Q8IY95;Q8IY95-2,TM192_HUMAN,TMEM192,,,,10224.4,5801.335
Q8IYB1,Q8IYB1,M21D2_HUMAN,MB21D2,,,,,
Q8IYB3,Q8IYB3;Q8IYB3-2,SRRM1_HUMAN,SRRM1,,,5798.93,18483.9,
Q8IYB4;Q8IYB4-2;Q8IYB4-3;Q8IYB4-4;Q8IYB4-5;Q8IYB4-6;Q8IYB4-7;Q8IYB4-8,Q8IYB4;Q8IYB4-2;Q8IYB4-3;Q8IYB4-4;Q8IYB4-5;Q8IYB4-6;Q8IYB4-7;Q8IYB4-8,PEX5R_HUMAN,PEX5L,,,,2286.71,
Q8IYB5;Q8IYB5-2;Q8IYB5-3,Q8IYB5;Q8IYB5-2;Q8IYB5-3,SMAP1_HUMAN,SMAP1,,,,17912.55,11142.6
Q8IYB7,Q8IYB7;Q8IYB7-2;Q8IYB7-3,DI3L2_HUMAN,DIS3L2,,,5808.87,12581.4,2408.56
Q8IYB8,Q8IYB8,SUV3_HUMAN,SUPV3L1,,,,24988.4,
Q8IYD1,Q8IYD1,ERF3B_HUMAN,GSPT2,,,4976.01,20321.7,
Q8IYI6,Q8IYI6,EXOC8_HUMAN,EXOC8,,94049.2,21067.9,26923.55,4013.61
Q8IYJ2,Q8IYJ2,CJ067_HUMAN,C10orf67,2590.095,45745.6,15700.1,677252.5,42741.2
Q8IYJ3,Q8IYJ3;Q8IYJ3-2,SYTL1_HUMAN,SYTL1,12532.5205,,37873.9,,
Q8IYL2,Q8IYL2,TRM44_HUMAN,TRMT44,,,,,
Q8IYL3,Q8IYL3,CA174_HUMAN,C1orf174,,,,,
Q8IYM9,Q8IYM9;Q8IYM9-2,TRI22_HUMAN,TRIM22,,,,,
Q8IYQ7,Q8IYQ7,THNS1_HUMAN,THNSL1,,,5185.66,14815.15,5546.57
Q8IYR2,Q8IYR2,SMYD4_HUMAN,SMYD4,,,,,
Q8IYS1,Q8IYS1,P20D2_HUMAN,PM20D2,,,,4111.71,
Q8IYS2;Q8IYS2-2,Q8IYS2;Q8IYS2-2,K2013_HUMAN,KIAA2013,165613.0,,57100.6,7999.26,
Q8IYS5;Q8IYS5-4;Q8IYS5-5;Q8IYS5-7,Q8IYS5;Q8IYS5-4;Q8IYS5-5;Q8IYS5-7,OSCAR_HUMAN,OSCAR,2149.88,397648.0,,15845.6,5180.2
Q8IYT2,Q8IYT2,CMTR2_HUMAN,CMTR2,,,,5964.78,
Q8IYT4,Q8IYT4;Q8IYT4-2,KATL2_HUMAN,KATNAL2,3112.17,,316709.0,820776.0,66603.1
Q8IYU2,Q8IYU2;Q8IYU2-4,HACE1_HUMAN,HACE1,1473.18,,,3428.5,
Q8IYU8,Q8IYU8,MICU2_HUMAN,MICU2,,31657.7,,18042.0,19337.8
Q8IYW5,Q8IYW5,RN168_HUMAN,RNF168,,,,,
Q8IZ07,Q8IZ07,AN13A_HUMAN,ANKRD13A,,,9541.539999999999,11112.5,
Q8IZ16,Q8IZ16,SACDR_HUMAN,SPACDR,,6385.38,37948.9,4028.5,30597.6
Q8IZ21;Q8IZ21-2;Q8IZ21-3,Q8IZ21;Q8IZ21-2;Q8IZ21-3,PHAR4_HUMAN,PHACTR4,,,,8912.25,3845.5
Q8IZ52,Q8IZ52,CHSS2_HUMAN,CHPF,,,19020.6,,5979.38
Q8IZ69,Q8IZ69;Q8IZ69-2,TRM2A_HUMAN,TRMT2A,,,,,
Q8IZ73,Q8IZ73;Q8IZ73-2,RUSD2_HUMAN,RPUSD2,,,,,
Q8IZ81,Q8IZ81,ELMD2_HUMAN,ELMOD2,,,13654.4,45372.3,12641.05
Q8IZ83,Q8IZ83,A16A1_HUMAN,ALDH16A1,3856.39,839120.0,26368.8,124765.0,13418.3
Q8IZA0;Q8IZA0-2,Q8IZA0;Q8IZA0-2;Q8IZA0-3,K319L_HUMAN,KIAA0319L,121139.0,406464.0,,53637.5,
Q8IZC7,Q8IZC7,ZN101_HUMAN,ZNF101,,,,,
Q8IZD0;Q8IZD0-2,Q8IZD0;Q8IZD0-2,SAM14_HUMAN,SAMD14,,,15129.85,23965.55,15304.05
Q8IZD2-8,Q8IZD2;Q8IZD2-3;Q8IZD2-8;Q8IZD2-2;Q8IZD2-4;Q8IZD2-5;Q8IZD2-6;Q8IZD2-7,KMT2E_HUMAN,KMT2E,,,9800.119999999999,9248.705,
Q8IZE3-2,Q8IZE3;Q8IZE3-2,PACE1_HUMAN,SCYL3,,,,,5394.1
Q8IZF2,Q8IZF2;Q8IZF2-2;Q8IZF2-3,AGRF5_HUMAN,ADGRF5,2919.18,401471.0,378630.0,16814.9,20371.3
Q8IZH2;Q8IZH2-2,Q8IZH2;Q8IZH2-2,XRN1_HUMAN,XRN1,,,6937.46,14053.75,4247.5
Q8IZL8,Q8IZL8,PELP1_HUMAN,PELP1,,66043.2,,135909.0,
Q8IZM8,Q8IZM8,ZN654_HUMAN,ZNF654,,,,,
Q8IZM9-2,Q8IZM9-2,S38A6_HUMAN,SLC38A6,,,,,
Q8IZN3;Q8IZN3-2,Q8IZN3;Q8IZN3-2,ZDH14_HUMAN,ZDHHC14,,,,,
Q8IZP0;Q8IZP0-10;Q8IZP0-2;Q8IZP0-3;Q8IZP0-4;Q8IZP0-5;Q8IZP0-6;Q8IZP0-7;Q8IZP0-8;Q8IZP0-9,Q8IZP0;Q8IZP0-5;Q9NYB9;Q9NYB9-2;Q8IZP0-2;Q8IZP0-4;Q8IZP0-10;Q8IZP0-11;Q8IZP0-12;Q8IZP0-3;Q8IZP0-6;Q8IZP0-7;Q8IZP0-8;Q8IZP0-9;Q9NYB9-3;Q9NYB9-4,ABI1_HUMAN,ABI1,200833.5,,51891.1,153880.0,32840.0
Q8IZP7,Q8IZP7,H6ST3_HUMAN,HS6ST3,,,26237.5,29981.4,
Q8IZP9;Q8IZP9-2;Q8IZP9-3;Q8IZP9-4;Q8IZP9-5;Q8IZP9-6;Q8IZP9-7;Q8IZP9-8;Q8IZP9-9,Q8IZP9;Q8IZP9-10;Q8IZP9-2;Q8IZP9-3;Q8IZP9-4;Q8IZP9-5;Q8IZP9-6;Q8IZP9-7;Q8IZP9-8;Q8IZP9-9,AGRG2_HUMAN,ADGRG2,4402.38,535320.0,44637.3,8532.99,
Q8IZQ1;Q8IZQ1-2,Q8IZQ1;Q8IZQ1-2,WDFY3_HUMAN,WDFY3,,23921.0,,,
Q8IZQ5,Q8IZQ5,SELH_HUMAN,SELENOH,,,6328.035,33336.9,
Q8IZS8,Q8IZS8;Q8IZS8-2,CA2D3_HUMAN,CACNA2D3,,,,,
Q8IZY2,Q8IZY2;Q8IZY2-2,ABCA7_HUMAN,ABCA7,,,28325.6,18310.1,
Q8N0U4,Q8N0U4;Q8N0U4-3,F185A_HUMAN,FAM185A,,,,,
Q8N0U7,Q8N0U7,CA087_HUMAN,C1orf87,,,,,
Q8N0U8,Q8N0U8;Q8N0U8-2,VKORL_HUMAN,VKORC1L1,,,18000.85,39214.9,22896.75
Q8N0V3,Q8N0V3;Q8N0V3-2,RBFA_HUMAN,RBFA,,,,,
Q8N0W3,Q8N0W3;Q8N0W3-2,FCSK_HUMAN,FCSK,,,,20829.2,
Q8N0X4,Q8N0X4;Q8N0X4-2,CLYBL_HUMAN,CLYBL,,,,3799.74,41536.5
Q8N0X7,Q8N0X7,SPART_HUMAN,SPART,,,8801.654999999999,18243.75,2604.93
Q8N0Z3,Q8N0Z3,SPICE_HUMAN,SPICE1,,,,,
Q8N0Z6,Q8N0Z6,TTC5_HUMAN,TTC5,,,10839.6,14370.45,8542.89
Q8N0Z8,Q8N0Z8;Q8N0Z8-2,PUSL1_HUMAN,PUSL1,,,,,
Q8N0Z9;Q8N0Z9-2,Q8N0Z9;Q8N0Z9-2,VSI10_HUMAN,VSIG10,,38954.75,7898.355,,
Q8N103,Q8N103;Q8N103-2;Q8N103-3,TAGAP_HUMAN,TAGAP,,,,,
Q8N108-17,Q8N108;Q8N108-16;Q8N108-12;Q8N108-13;Q8N108-14;Q8N108-15;Q8N108-17;Q8N108-18;Q8N108-19,MIER1_HUMAN,MIER1,,,,,13071.2
Q8N122,Q8N122;Q8N122-3,RPTOR_HUMAN,RPTOR,,,14246.3,16939.455,
Q8N128;Q8N128-2,Q8N128;Q8N128-2,F177A_HUMAN,FAM177A1,1241.18,,113920.0,112046.0,8868.7
Q8N129,Q8N129,CNPY4_HUMAN,CNPY4,,,14382.0,9115.46,
Q8N131;Q8N131-2,Q8N131;Q8N131-2,PORIM_HUMAN,TMEM123,,,,36751.4,16532.1
Q8N137;Q8N137-2;Q8N137-3;Q8N137-5,Q8N137;Q8N137-2;Q8N137-3;Q8N137-4;Q8N137-5,CNTRB_HUMAN,CNTROB,,,,,
Q8N138;Q8N138-4,Q8N138;Q8N138-4,ORML3_HUMAN,ORMDL3,,,5111.98,,6943.12
Q8N142,Q8N142;Q8N142-2,PURA1_HUMAN,ADSS1,,,,,
Q8N149;Q8N149-2;Q8N149-3;Q8N149-4,Q8N149;Q8N149-2;Q8N149-3;Q8N149-4,LIRA2_HUMAN,LILRA2,888.233,36102.6,,,
Q8N163,Q8N163;Q8N163-2,CCAR2_HUMAN,CCAR2,,,10635.8,135603.0,10037.1
Q8N183,Q8N183,NDUF2_HUMAN,NDUFAF2,,,,,
Q8N1A6,Q8N1A6,CD033_HUMAN,C4orf33,,,,,53080.4
Q8N1B4,Q8N1B4;Q8N1B4-2,VPS52_HUMAN,VPS52,,,8335.4,12353.2,
Q8N1F7,Q8N1F7;Q8N1F7-2,NUP93_HUMAN,NUP93,404240.0,309278.0,5359.09,21421.7,76526.8
Q8N1F8,Q8N1F8,S11IP_HUMAN,STK11IP,,,7250.8,264373.0,138931.0
Q8N1G0-2,Q8N1G0;Q8N1G0-2,ZN687_HUMAN,ZNF687,,,78049.7,,
Q8N1G1,Q8N1G1,REXO1_HUMAN,REXO1,,,,,
Q8N1G2,Q8N1G2,CMTR1_HUMAN,CMTR1,,,,,
Q8N1G4,Q8N1G4,LRC47_HUMAN,LRRC47,,,20678.5,47982.8,28373.05
Q8N1K5;Q8N1K5-4,Q8N1K5;Q8N1K5-2;Q8N1K5-3;Q8N1K5-4,THMS1_HUMAN,THEMIS,,,,,
Q8N1N4,Q8N1N4;Q8N1N4-2,K2C78_HUMAN,KRT78,,49820.15,31383.9,45054.4,30570.5
Q8N1P7,Q8N1P7,CRBG2_HUMAN,CRYBG2,,,15664.1,,
Q8N1Q1,Q8N1Q1,CAH13_HUMAN,CA13,,,13616.8,24163.7,
Q8N1S5;Q8N1S5-2,Q8N1S5;Q8N1S5-2,S39AB_HUMAN,SLC39A11,,,,6948.57,
Q8N201,Q8N201,INT1_HUMAN,INTS1,,,,16396.3,
Q8N228;Q8N228-2,Q8N228;Q8N228-2,SCML4_HUMAN,SCML4,,,,,
Q8N271,Q8N271;Q8N271-3,PROM2_HUMAN,PROM2,,,,,
Q8N283,Q8N283,ANR35_HUMAN,ANKRD35,,,,,
Q8N292,Q8N292,GAPT_HUMAN,GAPT,,,,2053.04,
Q8N2C7;Q8N2C7-7,Q8N2C7;Q8N2C7-5;Q8N2C7-7,UNC80_HUMAN,UNC80,47062.9,,1728420.0,684656.0,169095.0
Q8N2F6;Q8N2F6-3,Q8N2F6;Q8N2F6-2;Q8N2F6-3;Q8N2F6-4;Q8N2F6-5;Q8N2F6-6,ARM10_HUMAN,ARMC10,,,,9150.27,2778.86
Q8N2G8;Q8N2G8-3,Q8N2G8;Q8N2G8-2;Q8N2G8-3,GHDC_HUMAN,GHDC,,,7597.77,24459.1,11221.5
Q8N2H3,Q8N2H3,PYRD2_HUMAN,PYROXD2,,,,,
Q8N2K0;Q8N2K0-2,Q8N2K0;Q8N2K0-2;Q8N2K0-3,ABD12_HUMAN,ABHD12,,,6353.37,10873.5,5708.844999999999
Q8N2K1;Q8N2K1-2;Q8N2K1-3,Q8N2K1;Q8N2K1-2;Q8N2K1-3,UB2J2_HUMAN,UBE2J2,,,,,
Q8N2M8;Q8N2M8-3,Q8N2M8;Q8N2M8-3;Q8N2M8-4,CLASR_HUMAN,CLASRP,,,,,
Q8N2S1-2,Q8N2S1;Q8N2S1-2;Q8N2S1-3,LTBP4_HUMAN,LTBP4,,35961.89999999999,24173.1,11308.6,
Q8N2U0,Q8N2U0,TM256_HUMAN,TMEM256,,,,52903.9,
Q8N2U9;Q8N2U9-2,Q8N2U9;Q8N2U9-2,S66A2_HUMAN,SLC66A2,,,,,
Q8N2W9,Q8N2W9,PIAS4_HUMAN,PIAS4,,1195295.0,6841.15,,
Q8N302,Q8N302,AGGF1_HUMAN,AGGF1,,,,,
Q8N307;Q8N307-3,Q8N307;Q8N307-3,MUC20_HUMAN,MUC20,,47991.2,51712.95,23753.5,
Q8N323,Q8N323;Q8N323-2,NXPE1_HUMAN,NXPE1,,,,,
Q8N335,Q8N335,GPD1L_HUMAN,GPD1L,,,11837.85,32209.5,30298.8
Q8N357,Q8N357,S35F6_HUMAN,SLC35F6,,,,,
Q8N370;Q8N370-2;Q8N370-3,Q8N370;Q8N370-2;Q8N370-3,LAT4_HUMAN,SLC43A2,,,,10792.9,3108.04
Q8N371,Q8N371;Q8N371-3;Q8N371-2,KDM8_HUMAN,KDM8,,,,,
Q8N386,Q8N386,LRC25_HUMAN,LRRC25,,38443.7,5799.16,30215.4,2543.44
Q8N392,Q8N392;Q8N392-2,RHG18_HUMAN,ARHGAP18,,68515.2,54197.4,173377.0,120342.0
Q8N392-2,Q8N392-2,RHG18_HUMAN,ARHGAP18,,,,,
Q8N3A8,Q8N3A8;Q8N3A8-2,PARP8_HUMAN,PARP8,,,44662.0,,
Q8N3C0,Q8N3C0,ASCC3_HUMAN,ASCC3,,44295.7,6953.7,11426.05,13215.825
Q8N3D4,Q8N3D4,EH1L1_HUMAN,EHBP1L1,,,20933.35,39454.5,13997.7
Q8N3F0;Q8N3F0-2;Q8N3F0-4,Q8N3F0;Q8N3F0-2;Q8N3F0-4,MTURN_HUMAN,MTURN,,,14719.9,,
Q8N3F8,Q8N3F8,MILK1_HUMAN,MICALL1,12497.9,140581.0,13068.3,93979.65,244965.0
Q8N3J5;Q8N3J5-2;Q8N3J5-3,Q8N3J5;Q8N3J5-2;Q8N3J5-3,PPM1K_HUMAN,PPM1K,,,,,
Q8N3J6;Q8N3J6-2;Q8N3J6-3;Q8N3J6-4;Q8N3J6-5,Q8N3J6;Q8N3J6-2;Q8N3J6-3;Q8N3J6-4;Q8N3J6-5,CADM2_HUMAN,CADM2,,34320.0,,,277402.0
Q8N3P4;Q8N3P4-3,Q8N3P4;Q8N3P4-2;Q8N3P4-3,VPS8_HUMAN,VPS8,6530.17,,11315.0,23469.2,77438.5
Q8N3R9;Q8N3R9-2,Q8N3R9;Q8N3R9-2,PALS1_HUMAN,PALS1,,,,,
Q8N3S3-2;Q8N3S3-3;Q8N3S3-4,Q8N3S3;Q8N3S3-2;Q8N3S3-3;Q8N3S3-4;Q8N3S3-5;Q8N3S3-6;Q8N3S3-7,PHTF2_HUMAN,PHTF2,,8766.87,,9714.16,
Q8N3T1,Q8N3T1,GLT15_HUMAN,GALNT15,,,34063.1,5721.3,1519.335
Q8N3T6,Q8N3T6,T132C_HUMAN,TMEM132C,11102.3,16260.9,3212.03,,11983.6
Q8N3U4;Q8N3U4-2,Q8N3U4;Q8WVM7;Q8WVM7-2;Q8N3U4-2,STAG2_HUMAN,STAG2,5693.83,76854.5,,29848.1,
Q8N3V7,Q8N3V7;Q8N3V7-2;Q8N3V7-3,SYNPO_HUMAN,SYNPO,,,,,
Q8N3X1-2,Q8N3X1;Q8N3X1-2,FNBP4_HUMAN,FNBP4,,,,,
Q8N3Y7,Q8N3Y7;Q8N3Y7-2,RDHE2_HUMAN,SDR16C5,,,,3749.05,
Q8N3Z3,Q8N3Z3;Q8N3Z3-2;Q8N3Z3-3,GTPB8_HUMAN,GTPBP8,,,,,
Q8N423;Q8N423-1,Q8N423;Q8N423-1;Q8N423-3,LIRB2_HUMAN,LILRB2,,30580.1,3418.15,4697.215,1873.68
Q8N431;Q8N431-2,Q8N431;Q8N431-2,RGF1C_HUMAN,RASGEF1C,,7886.25,11918.5,44860.3,8133.98
Q8N436,Q8N436,CPXM2_HUMAN,CPXM2,,20851.55,1041.11,,23233.1
Q8N442,Q8N442,GUF1_HUMAN,GUF1,,,21445.6,9688.94,
Q8N448,Q8N448,LNX2_HUMAN,LNX2,,,,,
Q8N465,Q8N465,D2HDH_HUMAN,D2HGDH,,,,12737.4,
Q8N474,Q8N474,SFRP1_HUMAN,SFRP1,,,,,2695.665
Q8N488,Q8N488,RYBP_HUMAN,RYBP,,,,,
Q8N490,Q8N490;Q8N490-3;Q8N490-4,PNKD_HUMAN,PNKD,,,33025.9,85021.2,30877.2
Q8N490-2,Q8N490-2,PNKD_HUMAN,PNKD,,,,2513.26,
Q8N490-3,Q8N490-3,PNKD_HUMAN,PNKD,,,6658.13,11434.7,4524.34
Q8N4A0,Q8N4A0,GALT4_HUMAN,GALNT4,,,,9233.32,8063.95
Q8N4C6-7,Q8N4C6;Q8N4C6-10;Q8N4C6-11;Q8N4C6-2;Q8N4C6-4;Q8N4C6-5;Q8N4C6-6;Q8N4C6-7;Q8N4C6-9,NIN_HUMAN,NIN,,,,,8140.51
Q8N4C8,O95819;Q8N4C8;O95819-2;O95819-3;O95819-4;O95819-5;O95819-6;Q8N4C8-2;Q8N4C8-3;Q8N4C8-4;Q8N4C8-5,MINK1_HUMAN,MINK1,,,17447.85,24052.7,7546.02
Q8N4C8-5,Q8N4C8-4;Q8N4C8-5,MINK1_HUMAN,MINK1,,,,1149.55,
Q8N4F0,Q8N4F0,BPIB2_HUMAN,BPIFB2,,2770.76,,,2090.6
Q8N4H5,Q8N4H5,TOM5_HUMAN,TOMM5,,,8274.6,9426.99,28292.86
Q8N4J0,Q8N4J0,CARME_HUMAN,CARNMT1,,,,,
Q8N4L2,Q8N4L2,PP4P2_HUMAN,PIP4P2,,,16412.15,44424.4,21542.6
Q8N4N3,Q8N4N3;Q8N4N3-2,KLH36_HUMAN,KLHL36,,,40168.8,30802.7,
Q8N4P3,Q8N4P3,MESH1_HUMAN,HDDC3,,,1476.8,,
Q8N4Q0,Q8N4Q0,PTGR3_HUMAN,PTGR3,,,,19416.15,
Q8N4Q1;Q8N4Q1-2,Q8N4Q1;Q8N4Q1-2,MIA40_HUMAN,CHCHD4,,,8752.68,9072.74,
Q8N4S0,Q8N4S0;Q8N4S0-2,CCD82_HUMAN,CCDC82,,,13011.7,,
Q8N4S9;Q8N4S9-3,Q8N4S9;Q8N4S9-3,MALD2_HUMAN,MARVELD2,,,5586.99,,
Q8N4T8-2,Q8N4T8;Q8N4T8-2,CBR4_HUMAN,CBR4,,,2171.24,27403.9,
Q8N4U5,Q8N4U5;Q8N4U5-2,T11L2_HUMAN,TCP11L2,,,,,
Q8N4V1;Q8N4V1-2,Q8N4V1;Q8N4V1-2,EMC5_HUMAN,MMGT1,,,,,
Q8N4X5;Q8N4X5-2;Q8N4X5-4,Q8N4X5;Q8N4X5-2;Q8N4X5-3;Q8N4X5-4,AF1L2_HUMAN,AFAP1L2,,,,,
Q8N511,Q8N511,TM199_HUMAN,TMEM199,,,,,
Q8N531-2,Q8N531-2,FBXL6_HUMAN,FBXL6,,,,,
Q8N543,Q8N543;Q8N543-2,OGFD1_HUMAN,OGFOD1,,,,,
Q8N554;Q8N554-2,Q8N554;Q8N554-2,ZN276_HUMAN,ZNF276,,,,,7180.23
Q8N556;Q8N556-2,Q8N556;Q8N556-2,AFAP1_HUMAN,AFAP1,,18797.0,,18925.8,
Q8N573-8,Q8N573;Q8N573-2;Q8N573-4;Q8N573-5;Q8N573-6;Q8N573-7;Q8N573-8,OXR1_HUMAN,OXR1,,,13425.5,33730.35000000001,
Q8N584;Q8N584-2,Q8N584;Q8N584-2,TT39C_HUMAN,TTC39C,,,,,
Q8N594,Q8N594;Q8N594-2,MPND_HUMAN,MPND,,,,,
Q8N5A5;Q8N5A5-2;Q8N5A5-3,Q8N5A5;Q8N5A5-2;Q8N5A5-3,ZGPAT_HUMAN,ZGPAT,,,10535.3,,
Q8N5C1,Q8N5C1,CAHM5_HUMAN,CALHM5,,,11679.4,88235.0,39305.0
Q8N5C6,Q8N5C6;Q8N5C6-2,SRBD1_HUMAN,SRBD1,,,,,
Q8N5C8;Q8N5C8-2,Q8N5C8;Q8N5C8-2,TAB3_HUMAN,TAB3,,,,,3161.59
Q8N5D0;Q8N5D0-4,Q8N5D0;Q8N5D0-2;Q8N5D0-3;Q8N5D0-4;Q8N5D0-5;Q8N5D0-6,WDTC1_HUMAN,WDTC1,,,,,
Q8N5F7,Q8N5F7,NKAP_HUMAN,NKAP,,,,,
Q8N5G0;Q8N5G0-2,Q8N5G0;Q8N5G0-2,SIM20_HUMAN,SMIM20,,,,10180.685,
Q8N5G2,Q8N5G2;Q8N5G2-2;Q8N5G2-3,MACOI_HUMAN,MACO1,,,,9695.21,
Q8N5H7,Q8N5H7;Q8N5H7-2;Q8N5H7-3;Q8N5H7-4;Q8N5H7-5;Q8N5H7-6,SH2D3_HUMAN,SH2D3C,,,,,10189.9
Q8N5I2,Q8N5I2,ARRD1_HUMAN,ARRDC1,,,14324.95,44254.7,2093.355
Q8N5I4,Q8N5I4,DHRSX_HUMAN,DHRSX,,,,3411.23,3189.54
Q8N5J2,Q8N5J2;Q8N5J2-3;Q8N5J2-2;Q8N5J2-4,MINY1_HUMAN,MINDY1,,73007.0,24066.9,41508.7,6971.2
Q8N5K1,Q8N5K1,CISD2_HUMAN,CISD2,,,30566.0,110144.0,39893.95
Q8N5L8,Q8N5L8,RP25L_HUMAN,RPP25L,,,,,
Q8N5M1,Q8N5M1,ATPF2_HUMAN,ATPAF2,,,,17648.1,
Q8N5M4,Q8N5M4,TTC9C_HUMAN,TTC9C,,,,,
Q8N5M9,Q8N5M9,JAGN1_HUMAN,JAGN1,,,,23646.2,19553.85
Q8N5N7,Q8N5N7;Q8N5N7-2,RM50_HUMAN,MRPL50,,,,4352.59,
Q8N5P1,Q8N5P1,ZC3H8_HUMAN,ZC3H8,,,,,
Q8N5S9;Q8N5S9-2,Q8N5S9;Q8N5S9-2,KKCC1_HUMAN,CAMKK1,,,,,
Q8N5U6;Q8N5U6-2,Q8N5U6;Q8N5U6-2,RNF10_HUMAN,RNF10,,,,,
Q8N5V2;Q8N5V2-3,Q8N5V2;Q8N5V2-2;Q8N5V2-3,NGEF_HUMAN,NGEF,,,,,
Q8N5W9,Q8N5W9,RFLB_HUMAN,RFLNB,,,9056.47,23777.4,
Q8N5Y2-3,Q8N5Y2;Q8N5Y2-2;Q8N5Y2-3;Q8N5Y2-4;Q8N5Y2-5;Q8N5Y2-6,MS3L1_HUMAN,MSL3,,,,,
Q8N5Y8;Q8N5Y8-3,Q8N5Y8;Q8N5Y8-2;Q8N5Y8-3,PAR16_HUMAN,PARP16,,,,92350.0,
Q8N5Z5;Q8N5Z5-2,Q8N5Z5;Q8N5Z5-2,KCD17_HUMAN,KCTD17,,,,,
Q8N608;Q8N608-2;Q8N608-3;Q8N608-4,Q8N608;Q8N608-2;Q8N608-3;Q8N608-4,DPP10_HUMAN,DPP10,,,,,
Q8N612,Q8N612;Q8N612-2;Q8N612-3,FHI1B_HUMAN,FHIP1B,,,,,
Q8N653,Q8N653,LZTR1_HUMAN,LZTR1,,,,9354.76,1123.95
Q8N668,Q8N668;Q8N668-2,COMD1_HUMAN,COMMD1,,,,1775.69,
Q8N680,Q8N680,ZBTB2_HUMAN,ZBTB2,,,,17505.2,
Q8N684;Q8N684-2;Q8N684-3,Q8N684;Q8N684-3;Q8N684-2,CPSF7_HUMAN,CPSF7,,,,,
Q8N697,Q8N697,S15A4_HUMAN,SLC15A4,,,3718.13,11463.5,
Q8N699,Q8N699,MYCT1_HUMAN,MYCT1,,,38423.4,116137.0,24170.0
Q8N6C8;Q8N6C8-3,Q8N6C8;Q8N6C8-2;Q8N6C8-3,LIRA3_HUMAN,LILRA3,12214.115,322359.0,,8730.075,37290.5
Q8N6G5,Q8N6G5,CGAT2_HUMAN,CSGALNACT2,,,,317686.0,
Q8N6H7,Q8N6H7;Q8N6H7-2;Q8N6H7-3,ARFG2_HUMAN,ARFGAP2,,,256878.0,23007.3,12081.6
Q8N6L1;Q8N6L1-2,Q8N6L1;Q8N6L1-2,KTAP2_HUMAN,KRTCAP2,,,,4408.93,
Q8N6M0,Q8N6M0;Q8N6M0-2,OTU6B_HUMAN,OTUD6B,,,206705.355,2956.73,8339.4
Q8N6M3,Q8N6M3,FITM2_HUMAN,FITM2,,,,,
Q8N6N3,Q8N6N3;Q8N6N3-2,CA052_HUMAN,C1orf52,,,,,
Q8N6R0,Q8N6R0;Q8N6R0-3;Q8N6R0-4,EFNMT_HUMAN,METTL13,,,36487.2,19650.35,6621.55
Q8N6S5,Q8N6S5,AR6P6_HUMAN,ARL6IP6,,,,4677.555,
Q8N6T3,Q8N6T3;Q8N6T3-3;Q8N6T3-2;Q8N6T3-4;Q8N6T3-5,ARFG1_HUMAN,ARFGAP1,,,3174.855,8679.9,
Q8N6T7,Q8N6T7;Q8N6T7-2,SIR6_HUMAN,SIRT6,,,,,
Q8N755;Q8N755-2,Q8N755;Q8N755-2,S66A3_HUMAN,SLC66A3,,,,,
Q8N766;Q8N766-2;Q8N766-4,Q8N766;Q8N766-2;Q8N766-3;Q8N766-4,EMC1_HUMAN,EMC1,,,188516.0,53359.1,46072.4
Q8N7A1,Q8N7A1,KLDC1_HUMAN,KLHDC1,,67587.0,759201.0,71825.5,44728.7
Q8N7H5;Q8N7H5-3,Q8N7H5;Q8N7H5-2;Q8N7H5-3,PAF1_HUMAN,PAF1,,,,105781.0,
Q8N7R7,Q8N7R7;Q8N7R7-3,CCYL1_HUMAN,CCNYL1,,,,,
Q8N7W2-2,Q8N7W2;Q8N7W2-2;Q8N7W2-3,BEND7_HUMAN,BEND7,,11177.1,265444.0,,35204.65
Q8N7X2;Q8N7X2-1;Q8N7X2-3;Q8N7X2-4,Q8N7X2;Q8N7X2-1;Q8N7X2-3;Q8N7X2-4,STPG3_HUMAN,STPG3,,,,119583.0,33137.6
Q8N806,Q8N806,UBR7_HUMAN,UBR7,,,,,
Q8N884,Q8N884;Q8N884-2,CGAS_HUMAN,CGAS,,,,,
Q8N8A2,Q8N8A2;Q8N8A2-2;Q8N8A2-3;Q8N8A2-4;Q8N8A2-5,ANR44_HUMAN,ANKRD44,,,172899.0,62894.4,
Q8N8A6,Q8N8A6,DDX51_HUMAN,DDX51,,,,,
Q8N8D1,Q8N8D1,PDCD7_HUMAN,PDCD7,,,,,
Q8N8J7,Q8N8J7,F241A_HUMAN,FAM241A,,,,8224.85,
Q8N8K9;Q8N8K9-3,Q8N8K9;Q8N8K9-3,K1958_HUMAN,KIAA1958,9559.21,39698.2,6679.28,165736.0,15181.9
Q8N8N7,Q8N8N7;Q8N8N7-2,PTGR2_HUMAN,PTGR2,,,,,
Q8N8R3,Q8N8R3;Q8N8R3-3,S2529_HUMAN,SLC25A29,,,,,
Q8N8R5,Q8N8R5,CB069_HUMAN,C2orf69,,,,12400.0,
Q8N8R7,Q8N8R7,AL14E_HUMAN,ARL14EP,,,,,
Q8N8S7;Q8N8S7-2;Q8N8S7-3,Q8N8S7;Q8N8S7-2;Q8N8S7-3,ENAH_HUMAN,ENAH,,,,19684.95,
Q8N8Z6,Q8N8Z6;Q8N8Z6-2,DCBD1_HUMAN,DCBLD1,,,,,4113.635
Q8N907,Q8N907,DAND5_HUMAN,DAND5,,,,,
Q8N954,Q8N954,GPT11_HUMAN,GPATCH11,,,,,
Q8N960;Q8N960-2,Q8N960;Q8N960-2;Q8N960-3,CE120_HUMAN,CEP120,21100.3,,,,
Q8N983-4,Q8N983;Q8N983-3;Q8N983-2;Q8N983-4;Q8N983-6;Q8N983-7,RM43_HUMAN,MRPL43,,,,6953.47,
Q8N999,Q8N999;Q8N999-3,CL029_HUMAN,C12orf29,,,,,
Q8N9A8-2,Q8N9A8;Q8N9A8-2,NEPR1_HUMAN,CNEP1R1,,,,,
Q8N9B5;Q8N9B5-2,Q8N9B5;Q8N9B5-2,JMY_HUMAN,JMY,,,,,
Q8N9F7,Q8N9F7;Q8N9F7-2;Q8N9F7-3,GDPD1_HUMAN,GDPD1,,,,6099.09,
Q8N9I9;Q8N9I9-2,Q8N9I9;Q8N9I9-2,DTX3_HUMAN,DTX3,,,661741.0,,
Q8N9M1;Q8N9M1-2,Q8N9M1;Q8N9M1-2;Q8N9M1-3,CS047_HUMAN,C19orf47,,,,,
Q8N9M5,Q8N9M5,TM102_HUMAN,TMEM102,,,,,
Q8N9N2-2,Q8N9N2;Q8N9N2-2,ASCC1_HUMAN,ASCC1,,,,9704.68,
Q8N9N5;Q8N9N5-7,Q8N9N5;Q8N9N5-2;Q8N9N5-7;Q8N9N5-3;Q8N9N5-4;Q8N9N5-5;Q8N9N5-6,BANP_HUMAN,BANP,,,35258.8,14618.3,
Q8N9N7,Q8N9N7,LRC57_HUMAN,LRRC57,,,39659.5,82319.5,10836.85
Q8N9N8,Q8N9N8,EIF1A_HUMAN,EIF1AD,10946.4,,,,
Q8N9R8;Q8N9R8-2,Q8N9R8;Q8N9R8-2,SCAI_HUMAN,SCAI,,,,61718.0,
Q8N9T8,Q8N9T8,KRI1_HUMAN,KRI1,,,,,
Q8N9U0,Q8N9U0;Q8N9U0-2,TAC2N_HUMAN,TC2N,54109.14999999999,,45668.1,92702.9,33812.9
Q8N9V3,Q8N9V3;Q8N9V3-2,WSDU1_HUMAN,WDSUB1,,,,5316.7,
Q8N9Z2,Q8N9Z2,CC71L_HUMAN,CCDC71L,,,,,
Q8NA23,Q8NA23,WDR31_HUMAN,WDR31,,61811.7,,72764.95,
Q8NA72;Q8NA72-3,Q8NA72;Q8NA72-3,POC5_HUMAN,POC5,,,7697.34,,
Q8NAA4;Q8NAA4-2,Q8NAA4;Q8NAA4-2;Q8NAA4-3,A16L2_HUMAN,ATG16L2,,,,,
Q8NAA5,Q8NAA5;Q8NAA5-2,LR75A_HUMAN,LRRC75A,,,,,
Q8NAF0,Q8NAF0,ZN579_HUMAN,ZNF579,,,,,
Q8NAT1,Q8NAT1,PMGT2_HUMAN,POMGNT2,,,,,
Q8NAV1,Q8NAV1,PR38A_HUMAN,PRPF38A,8777.99,,,,12890.6
Q8NAV1-2,Q8NAV1-2,PR38A_HUMAN,PRPF38A,,,,,
Q8NB15-1,Q8NB15;Q8NB15-1,ZN511_HUMAN,ZNF511,,,,,
Q8NB16,Q8NB16,MLKL_HUMAN,MLKL,,,9613.99,20488.9,
Q8NB37,Q8NB37;Q8NB37-2,GALD1_HUMAN,GATD1,,,,6243.674999999999,
Q8NB46,Q8NB46,ANR52_HUMAN,ANKRD52,,,,,
Q8NB49;Q8NB49-2;Q8NB49-3;Q8NB49-4,Q8NB49;Q8NB49-2;Q8NB49-3;Q8NB49-4,AT11C_HUMAN,ATP11C,,,16435.7,23212.15,12192.3
Q8NB50;Q8NB50-3,Q8NB50;Q8NB50-2;Q8NB50-3,ZFP62_HUMAN,ZFP62,,,,,
Q8NB78,Q8NB78,KDM1B_HUMAN,KDM1B,2164.2,,,,
Q8NB90,Q8NB90;Q8NB90-2;Q8NB90-3,SPAT5_HUMAN,SPATA5,,,9079.32,6754.075000000001,
Q8NBF2,Q8NBF2,NHLC2_HUMAN,NHLRC2,26650.3,13010.4,31125.3,46937.3,9551.63
Q8NBF6,Q8NBF6;Q8NBF6-2,AVL9_HUMAN,AVL9,,125528.0,,9971.28,1585.65
Q8NBI5-2,Q8NBI5;Q8NBI5-2,S43A3_HUMAN,SLC43A3,,,26665.1,81545.15,31262.6
Q8NBI6,Q8NBI6,XXLT1_HUMAN,XXYLT1,,,,,5199.83
Q8NBJ4;Q8NBJ4-2,Q8NBJ4;Q8NBJ4-2,GOLM1_HUMAN,GOLM1,3160.4,1182640.0,703999.0,20441.7,8200.715
Q8NBJ5,Q8NBJ5,GT251_HUMAN,COLGALT1,97887.2,,19506.25,22630.9,4415.28
Q8NBJ7,Q8NBJ7;Q8NBJ7-2;Q8NBJ7-3,SUMF2_HUMAN,SUMF2,,,12555.0,30224.0,15242.9
Q8NBJ9;Q8NBJ9-2,Q8NBJ9;Q8NBJ9-2,SIDT2_HUMAN,SIDT2,,,,,
Q8NBK3;Q8NBK3-5,Q8NBK3;Q8NBK3-2;Q8NBK3-3;Q8NBK3-5,SUMF1_HUMAN,SUMF1,,4253.35,5442.43,11466.35,
Q8NBL1,Q8NBL1,PGLT1_HUMAN,POGLUT1,,,,11684.3,
Q8NBM4,Q8NBM4;Q8NBM4-4;Q8NBM4-2;Q8NBM4-3,UBAC2_HUMAN,UBAC2,,,,14048.4,5046.184999999999
Q8NBM8,Q8NBM8,PCYXL_HUMAN,PCYOX1L,,,27508.4,78399.3,3579.835
Q8NBN3;Q8NBN3-3,Q8NBN3;Q8NBN3-2;Q8NBN3-3,TM87A_HUMAN,TMEM87A,,,,,7083.58
Q8NBN7,Q8NBN7;Q8NBN7-2,RDH13_HUMAN,RDH13,,,5993.39,17074.85,
Q8NBP0,Q8NBP0;Q8NBP0-2,TTC13_HUMAN,TTC13,,,,,
Q8NBP5,Q8NBP5,MFSD9_HUMAN,MFSD9,,,189116.0,,84849.04999999999
Q8NBP7,Q8NBP7;Q8NBP7-2,PCSK9_HUMAN,PCSK9,16443.5,11170.2,765114.0,137954.0,85215.9
Q8NBQ5,Q8NBQ5,DHB11_HUMAN,HSD17B11,,,6834.27,14723.9,11821.155
Q8NBR6;Q8NBR6-2,Q8NBR6;Q8NBR6-2,MINY2_HUMAN,MINDY2,,,3924.74,15039.0,
Q8NBS9,Q8NBS9;Q8NBS9-2,TXND5_HUMAN,TXNDC5,1597.86,,46906.0,85821.2,9462.93
Q8NBT2,Q8NBT2;Q8NBT2-2,SPC24_HUMAN,SPC24,,,,,
Q8NBU5,Q8NBU5;Q8NBU5-2,ATAD1_HUMAN,ATAD1,1300.15,,512731.05,15088.2,
Q8NBV4,Q8NBV4,PLPP7_HUMAN,PLPP7,,,,,
Q8NBW4;Q8NBW4-2;Q8NBW4-3;Q8NBW4-4,Q8NBW4;Q8NBW4-2;Q8NBW4-3;Q8NBW4-4,S38A9_HUMAN,SLC38A9,,,,,
Q8NBX0,Q8NBX0,SCPDL_HUMAN,SCCPDH,,,38562.0,126025.0,35349.85
Q8NBZ0,Q8NBZ0,IN80E_HUMAN,INO80E,,,,,
Q8NBZ7;Q8NBZ7-2,Q8NBZ7;Q8NBZ7-2;Q8NBZ7-3,UXS1_HUMAN,UXS1,,,25052.4,18735.5,11404.5
Q8NC06-2,Q8NC06-2,ACBD4_HUMAN,ACBD4,,,,,
Q8NC42,Q8NC42,RN149_HUMAN,RNF149,,25894.6,,,
Q8NC44,Q8NC44,RETR2_HUMAN,RETREG2,,,,4370.45,4223.91
Q8NC51,Q8NC51;Q8NC51-2,PAIRB_HUMAN,SERBP1,,,,,
Q8NC51-3,Q8NC51;Q8NC51-2;Q8NC51-3;Q8NC51-4,PAIRB_HUMAN,SERBP1,,,2539.05,12606.35,4641.9
Q8NC54,Q8NC54,KCT2_HUMAN,KCT2,,33183.1,,,
Q8NC56,Q8NC56;Q8NC56-2,LEMD2_HUMAN,LEMD2,,,,17997.4,2782.73
Q8NC60,Q8NC60,NOA1_HUMAN,NOA1,,,,,
Q8NC69,Q8NC69,KCTD6_HUMAN,KCTD6,,,,,
Q8NC96,Q8NC96,NECP1_HUMAN,NECAP1,,,,9161.68,
Q8NCA5,Q8NCA5,FA98A_HUMAN,FAM98A,,,,81653.75,23203.6
Q8NCB2;Q8NCB2-2;Q8NCB2-3,Q8NCB2;Q8NCB2-2;Q8NCB2-3,CAMKV_HUMAN,CAMKV,,,,,
Q8NCC3,Q8NCC3,PAG15_HUMAN,PLA2G15,,,,8922.655,
Q8NCE0;Q8NCE0-2;Q8NCE0-4,Q8NCE0;Q8NCE0-2;Q8NCE0-3;Q8NCE0-4;Q8NCE0-5,SEN2_HUMAN,TSEN2,,,,,
Q8NCE2;Q8NCE2-2,Q8NCE2;Q8NCE2-2;Q8NCE2-3,MTMRE_HUMAN,MTMR14,,,,,
Q8NCF5,Q8NCF5,NF2IP_HUMAN,NFATC2IP,,,,6706.81,
Q8NCG7,Q8NCG7;Q8NCG7-2;Q8NCG7-4,DGLB_HUMAN,DAGLB,,,13060.1,25238.15,7565.655000000001
Q8NCH0,Q8NCH0,CHSTE_HUMAN,CHST14,,,,,4857.0
Q8NCJ5,Q8NCJ5,SPRY3_HUMAN,SPRYD3,,,14872.8,9840.24,8878.16
Q8NCL4,Q8NCL4,GALT6_HUMAN,GALNT6,,,,6540.45,
Q8NCN4,Q8NCN4,RN169_HUMAN,RNF169,,3945.84,,,
Q8NCN5,Q8NCN5,PDPR_HUMAN,PDPR,3178.44,,,19568.6,
Q8NCP5;Q8NCP5-2;Q8NCP5-3;Q8NCP5-4,Q8NCP5;Q8NCP5-2;Q8NCP5-3;Q8NCP5-4,ZBT44_HUMAN,ZBTB44,,,,,
Q8NCS4,Q8NCS4,TM35B_HUMAN,TMEM35B,,,,,
Q8NCT1,Q8NCT1,ARRD4_HUMAN,ARRDC4,,,,,
Q8NCW5,Q8NCW5,NNRE_HUMAN,NAXE,216303.0,,22262.35,28772.25,8485.305
Q8NCW6,Q8NCW6,GLT11_HUMAN,GALNT11,,,18901.9,,
Q8ND04;Q8ND04-2,Q8ND04;Q8ND04-2;Q8ND04-3,SMG8_HUMAN,SMG8,68060.3,68747.3,223562.0,24680.83,93947.75
Q8ND24,Q8ND24,RN214_HUMAN,RNF214,,11328.9,3544.13,10937.3,
Q8ND30,Q86W92;Q8ND30;Q86W92-2;Q86W92-3;Q86W92-4;Q8ND30-2;Q8ND30-3,LIPB2_HUMAN,PPFIBP2,,,,43754.3,31755.9
Q8ND56;Q8ND56-2;Q8ND56-3,Q8ND56;Q8ND56-2;Q8ND56-3,LS14A_HUMAN,LSM14A,,,,10673.2,3722.71
Q8ND71,Q8ND71,GIMA8_HUMAN,GIMAP8,,12475.1,3534.63,26968.5,15055.0
Q8ND76,Q8ND76;Q8ND76-2;Q8ND76-3,CCNY_HUMAN,CCNY,,,51046.5,70649.4,27062.45
Q8ND76-3,Q8ND76-3,CCNY_HUMAN,CCNY,,,,,
Q8ND82,Q8ND82,Z280C_HUMAN,ZNF280C,,,,,2192.92
Q8ND83;Q8ND83-4,Q8ND83;Q8ND83-4,SLAI1_HUMAN,SLAIN1,,,,,
Q8ND90,Q8ND90,PNMA1_HUMAN,PNMA1,,,,5850.110000000001,
Q8NDA2,Q8NDA2,HMCN2_HUMAN,HMCN2,5493.46,32290.9,24289.6,19733.5,8283.08
Q8NDA8,Q8NDA8;Q8NDA8-2,MROH1_HUMAN,MROH1,,,2710.37,17192.2,10796.9
Q8NDB2,Q8NDB2;Q8NDB2-2;Q8NDB2-3,BANK1_HUMAN,BANK1,,,10804.1,25157.1,6702.18
Q8NDC0,Q8NDC0,MISSL_HUMAN,MAPK1IP1L,,,,,
Q8NDF8-3;Q8NDF8-5,Q8NDF8;Q8NDF8-2;Q8NDF8-3;Q8NDF8-5,PAPD5_HUMAN,TENT4B,,,37423.05,,
Q8NDH2,Q8NDH2,CC168_HUMAN,CCDC168,,,,6767.29,9342.84
Q8NDH3,Q8NDH3;Q8NDH3-5;Q8NDH3-2;Q8NDH3-4,PEPL1_HUMAN,NPEPL1,,,16271.3,10040.3,6250.78
Q8NDI1;Q8NDI1-2;Q8NDI1-3,Q8NDI1;Q8NDI1-2;Q8NDI1-3,EHBP1_HUMAN,EHBP1,,,,23719.35,21331.2
Q8NDN9,Q8NDN9;Q8NDN9-2,RCBT1_HUMAN,RCBTB1,,,,,
Q8NDT2,Q8NDT2,RB15B_HUMAN,RBM15B,,,,,
Q8NDV7;Q8NDV7-2;Q8NDV7-5;Q8NDV7-6,Q8NDV7;Q8NDV7-2;Q8NDV7-5;Q8NDV7-6,TNR6A_HUMAN,TNRC6A,,,,,
Q8NDX1,Q8NDX1;Q8NDX1-2,PSD4_HUMAN,PSD4,,,,,15033.0
Q8NDX5;Q8NDX5-2;Q8NDX5-7,Q8NDX5;Q8NDX5-7;Q8NDX5-2,PHC3_HUMAN,PHC3,,,,,
Q8NDX6,Q8NDX6,ZN740_HUMAN,ZNF740,,,,,
Q8NDZ2,Q8NDZ2;Q8NDZ2-5;Q8NDZ2-3;Q8NDZ2-4,SIMC1_HUMAN,SIMC1,,,,,
Q8NDZ4,Q8NDZ4;Q8NDZ4-2,DIK2A_HUMAN,DIPK2A,,,12547.0,19565.3,15598.2
Q8NDZ6;Q8NDZ6-2,Q8NDZ6;Q8NDZ6-2,T161B_HUMAN,TMEM161B,,,,,
Q8NE00,Q8NE00;Q8NE00-2,TM104_HUMAN,TMEM104,,,,22249.05,
Q8NE01;Q8NE01-2;Q8NE01-3,Q8NE01;Q8NE01-3;Q8NE01-2,CNNM3_HUMAN,CNNM3,22855.2,,,10045.6,
Q8NE22;Q8NE22-2,Q8NE22;Q8NE22-2,SETD9_HUMAN,SETD9,,,,,
Q8NE71,Q8NE71;Q8NE71-2,ABCF1_HUMAN,ABCF1,,19830.95,8759.345000000001,31420.1,18356.1
Q8NE86;Q8NE86-3,Q8NE86;Q8NE86-2;Q8NE86-3,MCU_HUMAN,MCU,10229.7,,12522.375,44969.3,16463.5
Q8NEB9,Q8NEB9,PK3C3_HUMAN,PIK3C3,,184638.0,7622.73,27812.4,11178.55
Q8NEC7,Q8NEC7;Q8NEC7-3,GSTCD_HUMAN,GSTCD,,,,,
Q8NEF9,Q8NEF9,SRFB1_HUMAN,SRFBP1,,,,,
Q8NEG0,Q8NEG0,GAR6_HUMAN,GARIN6,,,,,
Q8NEG4,Q8NEG4,FA83F_HUMAN,FAM83F,,,,,
Q8NEJ9;Q8NEJ9-2,Q8NEJ9;Q8NEJ9-2,NGDN_HUMAN,NGDN,,,,,
Q8NEL9,Q8NEL9;Q8NEL9-2;Q8NEL9-4,DDHD1_HUMAN,DDHD1,,,,,
Q8NEM7;Q8NEM7-2;Q8NEM7-3,Q8NEM7;Q8NEM7-2;Q8NEM7-3,SP20H_HUMAN,SUPT20H,,,,,
Q8NEN9,Q8NEN9,PDZD8_HUMAN,PDZD8,,,74711.6,121714.0,75365.8
Q8NEQ5,Q8NEQ5;Q8NEQ5-2,CA162_HUMAN,C1orf162,,,,5034.82,
Q8NES3;Q8NES3-3,Q8NES3;Q8NES3-3,LFNG_HUMAN,LFNG,,8449.915,2732.86,3137.98,3682.13
Q8NET5,Q8NET5,NFAM1_HUMAN,NFAM1,,,14764.8,,
Q8NET6;Q8NET6-2,Q8NET6;Q8NET6-2,CHSTD_HUMAN,CHST13,,9516.71,9649.36,2219.8,4583.95
Q8NEU8,Q8NEU8;Q8NEU8-2;Q8NEU8-3,DP13B_HUMAN,APPL2,,,22140.4,81356.3,14575.455
Q8NEV8,Q8NEV8;Q8NEV8-2,EXPH5_HUMAN,EXPH5,,,,,
Q8NEW0,Q8NEW0,ZNT7_HUMAN,SLC30A7,,,9614.11,8354.005000000001,
Q8NEX9,Q8NEX9,DR9C7_HUMAN,SDR9C7,,,,118865.0,38974.2
Q8NEY1;Q8NEY1-2;Q8NEY1-3;Q8NEY1-4;Q8NEY1-7,Q8NEY1;Q8NEY1-2;Q8NEY1-3;Q8NEY1-4;Q8NEY1-5;Q8NEY1-7,NAV1_HUMAN,NAV1,,,4050.88,,
Q8NEY8,Q8NEY8;Q8NEY8-3,PPHLN_HUMAN,PPHLN1,,,,,
Q8NEY8-6,Q8NEY8-2;Q8NEY8-6;Q8NEY8-8;Q8NEY8-9,PPHLN_HUMAN,PPHLN1,,,,,
Q8NEZ2;Q8NEZ2-2,Q8NEZ2;Q8NEZ2-2,VP37A_HUMAN,VPS37A,,,14377.4,28053.1,
Q8NEZ4;Q8NEZ4-2;Q8NEZ4-3,Q8NEZ4;Q8NEZ4-2;Q8NEZ4-3,KMT2C_HUMAN,KMT2C,,,,172708.0,127136.0
Q8NEZ5,Q8NEZ5;Q8NEZ5-3,FBX22_HUMAN,FBXO22,,,,,
Q8NF37,Q8NF37,PCAT1_HUMAN,LPCAT1,,,,18903.5,21786.2
Q8NF50,Q8NF50;Q8NF50-2;Q8NF50-3;Q8NF50-4,DOCK8_HUMAN,DOCK8,,,18000.6,45138.1,11481.65
Q8NF91,Q8NF91;Q8NF91-2;Q8NF91-4;Q8NF91-8,SYNE1_HUMAN,SYNE1,,81408.8,241922.0,38394.0,15504.3
Q8NF91-9,Q8NF91-3;Q8NF91-4;Q8NF91-9,SYNE1_HUMAN,SYNE1,,,,,
Q8NF99,Q8NF99;P17025;P17025-2,ZN397_HUMAN,ZNF397,,,,,
Q8NFA0,Q8NFA0,UBP32_HUMAN,USP32,,,,,
Q8NFB2,Q8NFB2,T185A_HUMAN,TMEM185A,,,,,
Q8NFC6,Q8NFC6,BD1L1_HUMAN,BOD1L1,,,36195.05,17859.7,
Q8NFD5-1,Q8NFD5;Q8NFD5-1;Q8NFD5-2;Q8NFD5-3,ARI1B_HUMAN,ARID1B,,117975.0,,25858.2,
Q8NFF5;Q8NFF5-2,Q8NFF5;Q8NFF5-2;Q8NFF5-3,FAD1_HUMAN,FLAD1,,,7519.33,12348.05,
Q8NFG4,Q8NFG4,FLCN_HUMAN,FLCN,,,,,
Q8NFH3,Q8NFH3,NUP43_HUMAN,NUP43,,,7851.9,,
Q8NFH4,Q8NFH4,NUP37_HUMAN,NUP37,,,,163794.1,
Q8NFH5,Q8NFH5;Q8NFH5-2;Q8NFH5-3,NUP35_HUMAN,NUP35,,,,1368.5,
Q8NFH8;Q8NFH8-4,Q8NFH8;Q8NFH8-4,REPS2_HUMAN,REPS2,,,12235.2,16541.1,5597.55
Q8NFI3,Q8NFI3;Q8NFI3-2;Q8NFI3-3,ENASE_HUMAN,ENGASE,,,,,
Q8NFJ5,Q8NFJ5,RAI3_HUMAN,GPRC5A,,,,,
Q8NFL0,Q8NFL0,B3GN7_HUMAN,B3GNT7,,39728.3,19294.5,,8588.42
Q8NFP9,Q8NFP9;Q8NFP9-3,NBEA_HUMAN,NBEA,,,,51119.64999999999,
Q8NFQ8,Q8NFQ8,TOIP2_HUMAN,TOR1AIP2,,,18224.8,15477.6,
Q8NFT8,Q8NFT8,DNER_HUMAN,DNER,,25318.7,52095.25,,
Q8NFU3;Q8NFU3-3,Q8NFU3;Q8NFU3-2;Q8NFU3-3;Q8NFU3-4,TSTD1_HUMAN,TSTD1,,,,8726.26,
Q8NFU4,Q8NFU4,FDSCP_HUMAN,FDCSP,,15469.0,64777.5,72256.85,21772.8
Q8NFV4,Q8NFV4;Q8NFV4-4;Q8NFV4-6,ABHDB_HUMAN,ABHD11,,16412.5,22773.2,78366.8,
Q8NFW8,Q8NFW8,NEUA_HUMAN,CMAS,10472.9,,,6775.174999999999,6367.74
Q8NFY9,Q8NFY9,KBTB8_HUMAN,KBTBD8,1051.89,,,,
Q8NFZ0;Q8NFZ0-2,Q8NFZ0;Q8NFZ0-2,FBH1_HUMAN,FBH1,,,14018.8,26414.4,17587.0
Q8NFZ4,Q8N0W4;Q8N2Q7;Q8NFZ3;Q8NFZ4;Q8NFZ3-2;Q8N0W4-2;Q8N2Q7-2,NLGN2_HUMAN,NLGN2,,,2860.645,,
Q8NFZ5,Q8NFZ5;Q8NFZ5-2,TNIP2_HUMAN,TNIP2,,,119261.0,,119709.0
Q8NG06,Q8NG06,TRI58_HUMAN,TRIM58,,2836270.0,28845.9,66413.3,11553.2
Q8NG08,Q8NG08;Q8NG08-2,HELB_HUMAN,HELB,,,,,
Q8NG11,Q8NG11;Q8NG11-2;Q8NG11-3,TSN14_HUMAN,TSPAN14,,5862.69,30426.9,52400.2,5708.535
Q8NG31;Q8NG31-2,Q8NG31;Q8NG31-2;Q8NG31-3;Q8NG31-4,KNL1_HUMAN,KNL1,,95159.5,,,
Q8NHG7,Q8NHG7,SVIP_HUMAN,SVIP,,69563.6,17638.5,60898.3,12534.3
Q8NHG8,Q8NHG8,ZNRF2_HUMAN,ZNRF2,,,,,
Q8NHH9;Q8NHH9-5,Q8NHH9;Q8NHH9-2;Q8NHH9-3;Q8NHH9-4;Q8NHH9-5,ATLA2_HUMAN,ATL2,,,,23293.5,18443.2
Q8NHJ6-3,Q8NHJ6-3,LIRB4_HUMAN,LILRB4,,,,,
Q8NHJ6;Q8NHJ6-2,Q8NHJ6;Q8NHJ6-2;Q8NHJ6-3,LIRB4_HUMAN,LILRB4,,,,,
Q8NHL6;Q8NHL6-2,Q8NHL6;Q8NHL6-2,LIRB1_HUMAN,LILRB1,,,,11672.4,
Q8NHM5;Q8NHM5-3;Q8NHM5-4,Q8NHM5;Q8NHM5-2;Q8NHM5-3;Q8NHM5-4;Q8NHM5-5,KDM2B_HUMAN,KDM2B,,,,,
Q8NHP6,Q8NHP6;Q8NHP6-2,MSPD2_HUMAN,MOSPD2,70029.8,,9454.605,16015.25,5890.65
Q8NHP8,Q8NHP8,PLBL2_HUMAN,PLBD2,,,4562.78,25570.0,
Q8NHQ9,Q8NHQ9;Q8NHQ9-2,DDX55_HUMAN,DDX55,800473.0,169985.0,591956.0,25398.0,46667.21
Q8NHS3,Q8NHS3,MFSD8_HUMAN,MFSD8,,,,,
Q8NHU6,Q8NHU6;Q8NHU6-2,TDRD7_HUMAN,TDRD7,,16489.7,,7983.155000000001,24437.4
Q8NHV1,Q8NHV1,GIMA7_HUMAN,GIMAP7,,,9241.4,,
Q8NHV4-3,Q8NHV4;Q8NHV4-2;Q8NHV4-3,NEDD1_HUMAN,NEDD1,,,,12128.5,
Q8NHX9,Q8NHX9,TPC2_HUMAN,TPCN2,,,,,
Q8NHY2,Q8NHY2;Q8NHY2-2;Q8NHY2-3;Q8NHY2-4,COP1_HUMAN,COP1,,,,,
Q8NHZ8,Q8NHZ8,CDC26_HUMAN,CDC26,,,,,
Q8NI08,Q8NI08;Q8NI08-2;Q8NI08-3;Q8NI08-4,NCOA7_HUMAN,NCOA7,,,27378.4,9516.68,4456.89
Q8NI22-2,Q8NI22;Q8NI22-2;Q8NI22-3,MCFD2_HUMAN,MCFD2,,,14083.75,13959.95,
Q8NI27,Q8NI27,THOC2_HUMAN,THOC2,54265.35,911712.0,,,184054.0
Q8NI35,Q8NI35;Q8NI35-2;Q8NI35-3;Q8NI35-4;Q8NI35-5,INADL_HUMAN,PATJ,,,,,
Q8NI36,Q8NI36,WDR36_HUMAN,WDR36,,,,,25669.3
Q8NI37,Q8NI37,PPTC7_HUMAN,PPTC7,,,,12899.3,
Q8NI60,Q8NI60;Q8NI60-2;Q8NI60-3;Q8NI60-4,COQ8A_HUMAN,COQ8A,,83865.8,12110.0,24637.9,110206.0
Q8NI99,Q8NI99;Q9UKU9;Q9UKU9-2,ANGL6_HUMAN,ANGPTL6,7900.81,17435.155,585304.0,761396.0,107761.0
Q8TA86,Q8TA86,RP9_HUMAN,RP9,,,,,
Q8TAA3;Q8TAA3-5,Q8TAA3;Q8TAA3-2;Q8TAA3-5,PSMA8_HUMAN,PSMA8,,,,,
Q8TAA5,Q8TAA5,GRPE2_HUMAN,GRPEL2,,,,,
Q8TAA9;Q8TAA9-2,Q8TAA9;Q8TAA9-2,VANG1_HUMAN,VANGL1,,,,,
Q8TAC1;Q8TAC1-2,Q8TAC1;Q8TAC1-2,RFESD_HUMAN,RFESD,,,,,
Q8TAC2;Q8TAC2-2,Q8TAC2;Q8TAC2-2,JOS2_HUMAN,JOSD2,,,,,
Q8TAC9;Q8TAC9-2,Q8TAC9;Q8TAC9-2,SCAM5_HUMAN,SCAMP5,,,,,
Q8TAD4,Q8TAD4,ZNT5_HUMAN,SLC30A5,16116.4,,23074.2,181893.0,72589.0
Q8TAD7,Q8TAD7,OCC1_HUMAN,OCC1,,,5411.575,20102.0,5122.64
Q8TAD8,Q8TAD8,SNIP1_HUMAN,SNIP1,,,,,
Q8TAE8,Q8TAE8,G45IP_HUMAN,GADD45GIP1,,,10471.4,,
Q8TAF3,Q8TAF3;Q8TAF3-2;Q8TAF3-3;Q8TAF3-4;Q8TAF3-5,WDR48_HUMAN,WDR48,,,,18890.2,
Q8TAG9;Q8TAG9-2,Q8TAG9;Q8TAG9-2,EXOC6_HUMAN,EXOC6,,,18864.8,24646.6,
Q8TAK5,Q8TAK5,GABP2_HUMAN,GABPB2,,,,,
Q8TAL6,Q8TAL6,FIBIN_HUMAN,FIBIN,,,,34450.60000000001,
Q8TAP6,Q8TAP6,CEP76_HUMAN,CEP76,,,,,
Q8TAQ2-2;Q8TAQ2-3,Q8TAQ2;Q8TAQ2-2;Q8TAQ2-3,SMRC2_HUMAN,SMARCC2,,,,37194.25,
Q8TAS1,Q8TAS1;Q8TAS1-3,UHMK1_HUMAN,UHMK1,,,,,
Q8TAT6;Q8TAT6-2,Q8TAT6;Q8TAT6-2,NPL4_HUMAN,NPLOC4,,,20183.4,46577.4,28949.6
Q8TAV0;Q8TAV0-2;Q8TAV0-3;Q8TAV0-4,Q8TAV0;Q8TAV0-2;Q8TAV0-3;Q8TAV0-4;Q8TAV0-5,FA76A_HUMAN,FAM76A,,,,,
Q8TAX7,Q8TAX7,MUC7_HUMAN,MUC7,,30844.6,29853.95,23019.1,
Q8TAX9-2,Q8TAX9;Q8TAX9-1;Q8TAX9-2;Q8TAX9-3;Q8TAX9-5;Q8TAX9-6,GSDMB_HUMAN,GSDMB,,,,,
Q8TB03,Q8TB03;Q8TB03-3,CX038_HUMAN,CXorf38,,,,9755.89,68895.0
Q8TB24,Q8TB24;Q8TB24-4,RIN3_HUMAN,RIN3,27582.6,,9133.02,25206.2,8031.494999999999
Q8TB36;Q8TB36-2,Q8TB36;Q8TB36-2,GDAP1_HUMAN,GDAP1,,,22325.3,16518.55,
Q8TB37,Q8TB37;Q8TB37-2,NUBPL_HUMAN,NUBPL,,,,,
Q8TB40,Q8TB40;Q8TB40-2,ABHD4_HUMAN,ABHD4,,,,10467.8,
Q8TB52,Q8TB52,FBX30_HUMAN,FBXO30,,,,4936.14,
Q8TB61-3,Q8TB61;Q8TB61-2;Q8TB61-3;Q8TB61-4;Q8TB61-5,S35B2_HUMAN,SLC35B2,19080.6,,,21866.7,26657.6
Q8TB72-3,Q8TB72;Q8TB72-2;Q8TB72-3;Q8TB72-4,PUM2_HUMAN,PUM2,,,,5785.44,
Q8TB73,Q8TB73,NDNF_HUMAN,NDNF,,,5468.9,5008.97,3657.245
Q8TB96,Q8TB96,TIP_HUMAN,ITFG1,,18972.4,9815.49,13798.45,
Q8TBA6,Q8TBA6;Q8TBA6-2,GOGA5_HUMAN,GOLGA5,,,,16650.7,5604.865
Q8TBB5,Q8TBB5;Q8TBB5-3,KLDC4_HUMAN,KLHDC4,,,4130.95,2974.79,2761.19
Q8TBC3,Q8TBC3,SHKB1_HUMAN,SHKBP1,,,,,67632.1
Q8TBC4,Q8TBC4;Q8TBC4-2,UBA3_HUMAN,UBA3,572522.5,,15649.9,29452.35,4319.94
Q8TBC5;Q8TBC5-2;Q8TBC5-3,Q8TBC5;Q8TBC5-2;Q8TBC5-3;Q8TBC5-4,ZSC18_HUMAN,ZSCAN18,,,,,
Q8TBE0;Q8TBE0-2;Q8TBE0-3,Q8TBE0;Q8TBE0-2;Q8TBE0-3,BAHD1_HUMAN,BAHD1,,,,,
Q8TBE9,Q8TBE9,NANP_HUMAN,NANP,17357.1,,,27436.7,6547.31
Q8TBF2;Q8TBF2-3,Q8TBF2;Q8TBF2-2;Q8TBF2-3;Q8TBF2-4;Q8TBF2-6;Q8TBF2-7,PXL2B_HUMAN,PRXL2B,49586.3,51011.0,4167.28,23050.6,70743.1
Q8TBF4,Q8TBF4,ZCRB1_HUMAN,ZCRB1,,,,,
Q8TBM7;Q8TBM7-2;Q8TBM7-3,Q8TBM7;Q8TBM7-2;Q8TBM7-3,TM254_HUMAN,TMEM254,,,,,
Q8TBM8,Q8TBM8;Q8TBM8-2,DJB14_HUMAN,DNAJB14,,,,,
Q8TBN0,Q8TBN0,R3GEF_HUMAN,RAB3IL1,,,,,
Q8TBP5,Q8TBP5,F174A_HUMAN,FAM174A,,14567.25,,19486.0,4540.38
Q8TBP6,Q8TBP6,S2540_HUMAN,SLC25A40,,1431870.0,,2051.755,
Q8TBQ9,Q8TBQ9,KISHA_HUMAN,TMEM167A,,,8529.84,47620.45,15412.2
Q8TBX8,Q8TBX8;Q8TBX8-2;Q8TBX8-3,PI42C_HUMAN,PIP4K2C,,,4835.81,12697.6,
Q8TBZ3-2;Q8TBZ3-6,Q8TBZ3;Q8TBZ3-2;Q8TBZ3-3;Q8TBZ3-4;Q8TBZ3-5;Q8TBZ3-6;Q8TBZ3-7;Q8TBZ3-8,WDR20_HUMAN,WDR20,,6442.99,,,
Q8TBZ6,Q8TBZ6,TM10A_HUMAN,TRMT10A,,,,,
Q8TC05,Q8TC05;Q8TC05-4,MDM1_HUMAN,MDM1,,,2323.14,8343.18,
Q8TC07-2,Q8TC07;Q8TC07-2;Q8TC07-3,TBC15_HUMAN,TBC1D15,,,12694.2,42226.4,
Q8TC12,Q8TC12;Q8TC12-3,RDH11_HUMAN,RDH11,,,74132.7,209736.0,73285.9
Q8TC26,Q8TC26,TM163_HUMAN,TMEM163,,8286.6,8931.66,18780.25,10815.455
Q8TC44,Q8TC44;Q8TC44-2,POC1B_HUMAN,POC1B,,,,,
Q8TCA0,Q8TCA0;Q8TCA0-2;Q8TCA0-3,LRC20_HUMAN,LRRC20,4979.32,,,,
Q8TCB0,Q8TCB0,IFI44_HUMAN,IFI44,,,,,
Q8TCC3;Q8TCC3-2,Q8TCC3;Q8TCC3-2;Q8TCC3-3,RM30_HUMAN,MRPL30,,,,,
Q8TCD1,Q8TCD1,CR032_HUMAN,C18orf32,,,7016.88,,
Q8TCD5,Q8TCD5,NT5C_HUMAN,NT5C,,,9578.56,19543.4,9901.17
Q8TCE6,Q8TCE6;Q6NSW5;Q8TCE6-2,DEN10_HUMAN,DENND10,,,,,
Q8TCF1,Q8TCF1;Q8TCF1-2;Q8TCF1-4,ZFAN1_HUMAN,ZFAND1,,,,9976.865,
Q8TCG1,Q8TCG1;Q8TCG1-2,CIP2A_HUMAN,CIP2A,,,,,
Q8TCG2,Q8TCG2,P4K2B_HUMAN,PI4K2B,,,,3514.745,
Q8TCJ2,Q8TCJ2,STT3B_HUMAN,STT3B,,,18369.7,91135.9,39478.6
Q8TCQ1;Q8TCQ1-2,Q8TCQ1;Q8TCQ1-2,MARH1_HUMAN,MARCHF1,,,8970.67,,
Q8TCS8,Q8TCS8,PNPT1_HUMAN,PNPT1,,9774.7,,21628.5,41154.6
Q8TCT1;Q8TCT1-2;Q8TCT1-3,Q8TCT1;Q8TCT1-2;Q8TCT1-3,PHOP1_HUMAN,PHOSPHO1,,,4548.555,,
Q8TCT7,Q8TCT7;Q8TCT7-2;Q8TCT7-4,SPP2B_HUMAN,SPPL2B,,,,42561.9,19427.4
Q8TCT8,Q8TCT8,SPP2A_HUMAN,SPPL2A,,16465.5,9617.87,24872.1,
Q8TCT9;Q8TCT9-5,Q8TCT9;Q8TCT9-2;Q8TCT9-4;Q8TCT9-5,HM13_HUMAN,HM13,,,7779.71,43083.85,24644.5
Q8TCU4;Q8TCU4-2,Q8TCU4;Q8TCU4-2;Q8TCU4-3,ALMS1_HUMAN,ALMS1,,,,,
Q8TCU6,Q8TCU6;Q8TCU6-2;Q8TCU6-3,PREX1_HUMAN,PREX1,5686.175,,,73868.3,40235.75
Q8TCY9;Q8TCY9-2;Q8TCY9-3;Q8TCY9-4,Q8TCY9;Q8TCY9-2;Q8TCY9-3;Q8TCY9-4,URGCP_HUMAN,URGCP,,,,,
Q8TCZ2,Q8TCZ2;Q8TCZ2-2;Q8TCZ2-3;Q8TCZ2-5;Q8TCZ2-6,C99L2_HUMAN,CD99L2,2734.42,67364.3,5980.535,54145.7,8969.37
Q8TD06,Q8TD06,AGR3_HUMAN,AGR3,,,21200.75,23172.8,9011.46
Q8TD16;Q8TD16-2,Q8TD16;Q8TD16-2,BICD2_HUMAN,BICD2,,,7114.97,20996.95,9109.87
Q8TD19,Q8TD19,NEK9_HUMAN,NEK9,,,11916.8,36900.6,6096.96
Q8TD22,Q8TD22,SFXN5_HUMAN,SFXN5,,,,,
Q8TD26,Q8TD26;Q8TD26-2;Q8TD26-3,CHD6_HUMAN,CHD6,,,,,
Q8TD30,Q8TD30,ALAT2_HUMAN,GPT2,,138735.0,20544.25,35051.8,
Q8TD43,Q8TD43;Q8TD43-2;Q8TD43-3,TRPM4_HUMAN,TRPM4,,,,24775.5,6333.15
Q8TD46;Q8TD46-1,Q8TD46;Q8TD46-1;Q8TD46-2;Q8TD46-3,MO2R1_HUMAN,CD200R1,96138.1,124774.0,78496.1,3182280.0,245974.0
Q8TD55,Q8TD55,PKHO2_HUMAN,PLEKHO2,45900.5,18561.7,64662.4,154844.0,23398.6
Q8TDB6,Q8TDB6;Q8TDB6-2,DTX3L_HUMAN,DTX3L,,333675.0,6778.030000000001,11142.8,213123.0
Q8TDB8;Q8TDB8-2;Q8TDB8-4;Q8TDB8-5,Q8TDB8;Q8TDB8-2;Q8TDB8-4;Q8TDB8-5,GTR14_HUMAN,SLC2A14,,,,,11127.2
Q8TDC3;Q8TDC3-2,Q8TDC3;Q8TDC3-2,BRSK1_HUMAN,BRSK1,,,,,5114.01
Q8TDD1;Q8TDD1-2,Q8TDD1;Q8TDD1-2,DDX54_HUMAN,DDX54,67025.4,,,,
Q8TDF6;Q8TDF6-2,Q8TDF6;Q8TDF6-2;Q8TDF6-5;Q8TDF6-9,GRP4_HUMAN,RASGRP4,,,,,
Q8TDH9,Q8TDH9;Q8TDH9-2,BL1S5_HUMAN,BLOC1S5,,,7901.29,50003.35,
Q8TDJ6;Q8TDJ6-3,Q8TDJ6;Q8TDJ6-2;Q8TDJ6-3,DMXL2_HUMAN,DMXL2,18029.6,,,82007.6,12595.5
Q8TDL5,Q8TDL5,BPIB1_HUMAN,BPIFB1,9077.44,191440.0,876364.0,90401.9,52167.6
Q8TDM6;Q8TDM6-4,Q8TDM6;Q8TDM6-2;Q8TDM6-3;Q8TDM6-4,DLG5_HUMAN,DLG5,,,,6104.37,18471.2
Q8TDN2,Q8TDN2,KCNV2_HUMAN,KCNV2,,,,,
Q8TDN4,Q8TDN4;Q8TDN4-2,CABL1_HUMAN,CABLES1,,,,31036.35,
Q8TDN6,Q8TDN6,BRX1_HUMAN,BRIX1,,,88096.0,138998.0,
Q8TDN7,Q8TDN7,ACER1_HUMAN,ACER1,,,,,
Q8TDP1,Q8TDP1,RNH2C_HUMAN,RNASEH2C,,,,,
Q8TDQ0,Q8TDQ0;Q8TDQ0-2,HAVR2_HUMAN,HAVCR2,,29037.6,,,
Q8TDQ1;Q8TDQ1-6,Q8TDQ1;Q8TDQ1-2;Q8TDQ1-3;Q8TDQ1-4;Q8TDQ1-5;Q8TDQ1-6,CLM1_HUMAN,CD300LF,,,48890.1,21763.65,
Q8TDQ7-2,Q8TDQ7;Q8TDQ7-2;Q8TDQ7-3;Q8TDQ7-4;Q8TDQ7-5,GNPI2_HUMAN,GNPDA2,,,,19106.95,
Q8TDR0;Q8TDR0-2,Q8TDR0;Q8TDR0-2,MIPT3_HUMAN,TRAF3IP1,,,,,
Q8TDS5,Q8TDS5,OXER1_HUMAN,OXER1,,613576.0,,,
Q8TDW0,Q8TDW0,LRC8C_HUMAN,LRRC8C,,,,,85253.8
Q8TDW7;Q8TDW7-1,Q8TDW7;Q8TDW7-1,FAT3_HUMAN,FAT3,,,12492.65,,11456.8
Q8TDX6,Q8TDX6;Q8TDX6-3,CGAT1_HUMAN,CSGALNACT1,,,,,6666.74
Q8TDX7,Q8TDX7,NEK7_HUMAN,NEK7,,,12380.55,40031.1,8943.03
Q8TDY2;Q8TDY2-2,Q8TDY2;Q8TDY2-2,RBCC1_HUMAN,RB1CC1,,3105.43,254874.0,26386.15,13687.9
Q8TDY4;Q8TDY4-3,Q8TDY4;Q8TDY4-3,ASAP3_HUMAN,ASAP3,,,,,
Q8TDY8,Q8TDY8,IGDC4_HUMAN,IGDCC4,2576.09,9781.12,,,8016.13
Q8TDZ2;Q8TDZ2-4,Q8TDZ2;Q8TDZ2-2;Q8TDZ2-4,MICA1_HUMAN,MICAL1,,,36476.95,63013.9,13210.9
Q8TE02;Q8TE02-4,Q8TE02;Q8TE02-2;Q8TE02-3;Q8TE02-4,ELP5_HUMAN,ELP5,,,,,
Q8TE67;Q8TE67-2;Q8TE67-3,Q8TE67;Q8TE67-2;Q8TE67-3,ES8L3_HUMAN,EPS8L3,,,,,
Q8TE68,Q8TE68;Q8TE68-2;Q8TE68-3;Q8TE68-4,ES8L1_HUMAN,EPS8L1,,,,7668.62,
Q8TE77,Q8TE77;Q8TE77-2;Q8TE77-4,SSH3_HUMAN,SSH3,,,10353.4,67351.0,
Q8TE82,Q8TE82,S3TC1_HUMAN,SH3TC1,,,,,
Q8TE99;Q8TE99-2,Q8TE99;Q8TE99-2,PXYP1_HUMAN,PXYLP1,,,,,
Q8TEA1,Q8TEA1,NSUN6_HUMAN,NSUN6,,,,197084.0,27751.5
Q8TEA7,Q8TEA7;Q8TEA7-2;Q8TEA7-3,TBCK_HUMAN,TBCK,,22071.5,,7463.52,10449.18
Q8TEA8,Q8TEA8,DTD1_HUMAN,DTD1,,39692.45,15067.0,34570.3,26808.6
Q8TEB1,Q8TEB1;Q8TEB1-2,DCA11_HUMAN,DCAF11,,,8257.015,14885.0,7214.26
Q8TEB9,Q8TEB9,RHBL4_HUMAN,RHBDD1,,,,18892.05,
Q8TEC5,Q8TEC5,SH3R2_HUMAN,SH3RF2,,,,,
Q8TED0;Q8TED0-3,Q8TED0;Q8TED0-3,UTP15_HUMAN,UTP15,,,,,
Q8TED4;Q8TED4-2;Q8TED4-3,Q8TED4;Q8TED4-2;Q8TED4-3,G6PT3_HUMAN,SLC37A2,,,,,
Q8TEH3,Q8TEH3;Q8TEH3-2;Q8TEH3-3;Q8TEH3-4;Q8TEH3-5;Q8TEH3-6,DEN1A_HUMAN,DENND1A,,,,13261.6,
Q8TEL6;Q8TEL6-2;Q8TEL6-3,Q8TEL6;Q8TEL6-2;Q8TEL6-3,TP4AP_HUMAN,TRPC4AP,,,,,
Q8TEM1,Q8TEM1,PO210_HUMAN,NUP210,,,,,
Q8TEP8,Q8TEP8;Q8TEP8-1;Q8TEP8-2,CE192_HUMAN,CEP192,,,38187.4,9236.6,22497.3
Q8TEQ0;Q8TEQ0-2,Q8TEQ0;Q8TEQ0-2,SNX29_HUMAN,SNX29,,,9202.62,24123.6,6531.61
Q8TEQ6,Q8TEQ6,GEMI5_HUMAN,GEMIN5,,39983.8,16867.3,15044.45,23026.7
Q8TEQ8,Q8TEQ8;Q8TEQ8-2,PIGO_HUMAN,PIGO,,,,,
Q8TER0;Q8TER0-3;Q8TER0-4;Q8TER0-5,Q8TER0;Q8TER0-3;Q8TER0-4;Q8TER0-5,SNED1_HUMAN,SNED1,7273.05,6305.0,70239.2,15893.25,62098.5
Q8TER5;Q8TER5-3;Q8TER5-4,Q8TER5;Q8TER5-2;Q8TER5-3;Q8TER5-4,ARH40_HUMAN,ARHGEF40,,,,,
Q8TES7;Q8TES7-5;Q8TES7-6,Q8TES7;Q8TES7-6;Q8TES7-2;Q8TES7-5,FBF1_HUMAN,FBF1,,,,,
Q8TEU7,Q8TEU7;Q8TEU7-2;Q8TEU7-3;Q8TEU7-4;Q8TEU7-5;Q8TEU7-6,RPGF6_HUMAN,RAPGEF6,,,,5152.48,102510.575
Q8TEV9,Q8TEV9,SMCR8_HUMAN,SMCR8,,,,15482.3,
Q8TEW0-9,Q8TEW0-10;Q8TEW0-8;Q8TEW0-9,PARD3_HUMAN,PARD3,1921.95,,,,
Q8TEW0;Q8TEW0-2,Q8TEW0;Q8TEW0-11;Q8TEW0-2;Q8TEW0-3;Q8TEW0-4;Q8TEW0-5;Q8TEW0-6;Q8TEW0-7,PARD3_HUMAN,PARD3,,,18470.98,30894.7,10723.8
Q8TEX9;Q8TEX9-2,Q8TEX9;Q8TEX9-2,IPO4_HUMAN,IPO4,,,10196.605,13811.9,
Q8TEY7;Q8TEY7-2,Q8TEY7;Q8TEY7-2;Q8TEY7-3,UBP33_HUMAN,USP33,,,,,1097.26
Q8TF01,Q8TF01,PNISR_HUMAN,PNISR,,,,,
Q8TF05;Q8TF05-2,Q8TF05;Q8TF05-2,PP4R1_HUMAN,PPP4R1,,,,7791.099999999999,
Q8TF17;Q8TF17-5,Q8TF17;Q8TF17-5,S3TC2_HUMAN,SH3TC2,,,,,
Q8TF40;Q8TF40-3,Q8TF40;Q8TF40-2;Q8TF40-3,FNIP1_HUMAN,FNIP1,,,,,
Q8TF42,Q8TF42,UBS3B_HUMAN,UBASH3B,27366.6,,96781.2,247496.0,54790.0
Q8TF46,Q8TF46;Q8TF46-2;Q8TF46-4,DI3L1_HUMAN,DIS3L,,,38283.4,,
Q8TF50,Q8TF50,ZN526_HUMAN,ZNF526,,,,,
Q8TF62,Q8TF62,AT8B4_HUMAN,ATP8B4,,,,172967.0,
Q8TF64,O14908;O14908-2;Q8TF64,GIPC3_HUMAN,GIPC3,,,14662.3,34786.85000000001,
Q8TF65,Q8TF65,GIPC2_HUMAN,GIPC2,,,,,8186.23
Q8TF66;Q8TF66-2,Q8TF66;Q8TF66-2,LRC15_HUMAN,LRRC15,,,12305.6,7469.33,
Q8TF68,Q8TF68,ZN384_HUMAN,ZNF384,,,25816.5,,
Q8TF71,Q8TF71,MOT10_HUMAN,SLC16A10,,,2713.18,,
Q8TF74,Q8TF74;Q8TF74-2,WIPF2_HUMAN,WIPF2,,,,7435.05,
Q8WTR2,Q8WTR2,DUS19_HUMAN,DUSP19,,,11277.0,,
Q8WTS1,Q8WTS1,ABHD5_HUMAN,ABHD5,,,,6158.89,
Q8WTS6,Q8WTS6,SETD7_HUMAN,SETD7,,,,22888.95,
Q8WTT2,Q8WTT2,NOC3L_HUMAN,NOC3L,82332.54999999999,104978.0,52391.1,303556.5,338807.0
Q8WTU0,Q8WTU0,DDI1_HUMAN,DDI1,,,,14267.6,
Q8WTW3,Q8WTW3,COG1_HUMAN,COG1,,,11288.6,15484.55,
Q8WTW4,Q8WTW4;Q8WTW4-2,NPRL2_HUMAN,NPRL2,,,,,
Q8WU17,Q8WU17,RN139_HUMAN,RNF139,,,,5861.37,
Q8WU20,Q8WU20,FRS2_HUMAN,FRS2,,,,,
Q8WU39,Q8WU39;Q8WU39-3,MZB1_HUMAN,MZB1,,,,15617.4,
Q8WU67,Q8WU67,ABHD3_HUMAN,ABHD3,,,,,
Q8WU76,Q8WU76;Q8WU76-2,SCFD2_HUMAN,SCFD2,,,7401.26,8441.48,
Q8WU79;Q8WU79-2;Q8WU79-3,Q8WU79;Q8WU79-2;Q8WU79-3,SMAP2_HUMAN,SMAP2,,,17113.2,35795.0,5664.705
Q8WU90,Q8WU90,ZC3HF_HUMAN,ZC3H15,,,,,
Q8WUA2,Q8WUA2,PPIL4_HUMAN,PPIL4,,,,14560.0,
Q8WUA4,Q8WUA4;Q8WUA4-2,TF3C2_HUMAN,GTF3C2,,,,,
Q8WUA7;Q8WUA7-4,Q8WUA7;Q8WUA7-2;Q8WUA7-3;Q8WUA7-4,TB22A_HUMAN,TBC1D22A,,,,12146.35,
Q8WUA8,Q8WUA8,TSK_HUMAN,TSKU,18508.7,,485095.0,111569.0,81391.0
Q8WUB8;Q8WUB8-2,Q8WUB8;Q8WUB8-2;Q8WUB8-3,PHF10_HUMAN,PHF10,,,,,
Q8WUD1,Q8WUD1;Q8WUD1-2,RAB2B_HUMAN,RAB2B,,,24288.6,11933.87,11813.2
Q8WUD4,Q8WUD4,CCD12_HUMAN,CCDC12,,,,,
Q8WUD6,Q8WUD6;Q8WUD6-2,CHPT1_HUMAN,CHPT1,,,,,
Q8WUF5,Q8WUF5,IASPP_HUMAN,PPP1R13L,,23136.8,,,
Q8WUF8,Q8WUF8;Q8WUF8-2;Q8WUF8-3;Q8WUF8-4,F172A_HUMAN,FAM172A,,,,,
Q8WUH1;Q8WUH1-1,Q8WUH1;Q8WUH1-1,CHUR_HUMAN,CHURC1,,,,,
Q8WUH2,Q8WUH2,TGFA1_HUMAN,TGFBRAP1,,,10986.6,13978.6,
Q8WUH6,Q8WUH6,TM263_HUMAN,TMEM263,,27846.3,10762.6,16960.85,
Q8WUI4;Q8WUI4-3;Q8WUI4-4;Q8WUI4-5;Q8WUI4-6;Q8WUI4-7,Q8WUI4;Q8WUI4-6;Q8WUI4-3;Q8WUI4-4;Q8WUI4-5;Q8WUI4-7;Q8WUI4-8,HDAC7_HUMAN,HDAC7,,,,,
Q8WUJ3,Q8WUJ3;Q8WUJ3-2,CEMIP_HUMAN,CEMIP,,,67990.0,75439.6,19404.6
Q8WUK0,Q8WUK0;Q8WUK0-2,PTPM1_HUMAN,PTPMT1,,,131062.0,6028.495,4311.83
Q8WUM0,Q8WUM0,NU133_HUMAN,NUP133,,,6340.77,9869.12,
Q8WUM4,Q8WUM4;Q8WUM4-2;Q8WUM4-3,PDC6I_HUMAN,PDCD6IP,2661.1,12318.45,90333.5,346272.0,31276.9
Q8WUN7,Q8WUN7,UBTD2_HUMAN,UBTD2,,,,,
Q8WUQ7;Q8WUQ7-2,Q8WUQ7;Q8WUQ7-2,CATIN_HUMAN,CACTIN,,,,,
Q8WUR7,Q8WUR7,CO040_HUMAN,C15orf40,,,,2249.31,3031.85
Q8WUT4,Q8WUT4,LRRN4_HUMAN,LRRN4,,,44134.4,50832.6,
Q8WUW1-2,Q8WUW1;Q8WUW1-2,BRK1_HUMAN,BRK1,,,16745.8,71685.2,19947.4
Q8WUX2,Q8WUX2,CHAC2_HUMAN,CHAC2,,,,,
Q8WUX9,Q8WUX9,CHMP7_HUMAN,CHMP7,,,,29871.5,
Q8WUY1,Q8WUY1,THEM6_HUMAN,THEM6,,,,40335.0,14154.7
Q8WUY3;Q8WUY3-2;Q8WUY3-3;Q8WUY3-4;Q8WUY3-5,Q8WUY3;Q8WUY3-2;Q8WUY3-3;Q8WUY3-4;Q8WUY3-5,PRUN2_HUMAN,PRUNE2,,,14667.5,8101.530000000001,
Q8WUY8,Q8WUY8,NAT14_HUMAN,NAT14,,,,,
Q8WUZ0,Q9BQE9;Q4VC05;Q8WUZ0;Q9BQE9-3;Q9BQE9-4;Q4VC05-2;Q8WUZ0-2,BCL7C_HUMAN,BCL7C,,,,,
Q8WV22,Q8WV22,NSE1_HUMAN,NSMCE1,,,,16428.6,1381.39
Q8WV24,Q8WV24,PHLA1_HUMAN,PHLDA1,32911.8,34962.3,46728.3,,76537.1
Q8WV28,Q8WV28;Q8WV28-3,BLNK_HUMAN,BLNK,,,,,
Q8WV44,Q8WV44;Q8WV44-3,TRI41_HUMAN,TRIM41,,,,,
Q8WV74,Q8WV74,NUDT8_HUMAN,NUDT8,,,,,
Q8WV92,Q8WV92,MITD1_HUMAN,MITD1,,,,,
Q8WV93,Q8WV93,AFG1L_HUMAN,AFG1L,,,,13867.7,
Q8WV99;Q8WV99-2,Q8WV99;Q8WV99-2,ZFN2B_HUMAN,ZFAND2B,,,,,
Q8WVB3,Q8WVB3;Q8WVB3-2,HEXD_HUMAN,HEXD,,,,30409.3,
Q8WVB6;Q8WVB6-2,Q8WVB6;Q8WVB6-2;Q8WVB6-3,CTF18_HUMAN,CHTF18,,,,,3902.31
Q8WVC0,Q8WVC0;Q8WVC0-2,LEO1_HUMAN,LEO1,,,,,
Q8WVC6,Q8WVC6,DCAKD_HUMAN,DCAKD,,,6202.91,19802.4,7309.77
Q8WVE0,Q8WVE0,EFMT1_HUMAN,EEF1AKMT1,,,,,
Q8WVJ2,Q8WVJ2,NUDC2_HUMAN,NUDCD2,,,14556.4,14189.45,5419.87
Q8WVK2,Q8WVK2,SNR27_HUMAN,SNRNP27,,,,,
Q8WVL7,Q8WVL7,ANR49_HUMAN,ANKRD49,,,,,
Q8WVM0,Q8WVM0,TFB1M_HUMAN,TFB1M,,,,,1225.8
Q8WVM7;Q8WVM7-2,Q8WVM7;Q8WVM7-2,STAG1_HUMAN,STAG1,,,,,
Q8WVM8,Q8WVM8;Q8WVM8-2;Q8WVM8-3,SCFD1_HUMAN,SCFD1,,,10006.585,26818.5,8063.305
Q8WVN8;Q8WVN8-4,Q8WVN8;Q8WVN8-2;Q8WVN8-3;Q8WVN8-4,UB2Q2_HUMAN,UBE2Q2,,,,,
Q8WVP5,Q8WVP5,TP8L1_HUMAN,TNFAIP8L1,,,,,
Q8WVP7;Q8WVP7-3,Q8WVP7;Q8WVP7-2;Q8WVP7-3,LMBR1_HUMAN,LMBR1,,,,,
Q8WVQ1;Q8WVQ1-3,Q8WVQ1;Q8WVQ1-2;Q8WVQ1-3,CANT1_HUMAN,CANT1,,,,,
Q8WVR3,Q8WVR3;Q8WVR3-2;Q8WVR3-3,TPC14_HUMAN,TRAPPC14,,,,3425.41,705.909
Q8WVT3,Q8WVT3,TPC12_HUMAN,TRAPPC12,,,11236.925,20664.7,1090.85
Q8WVV4;Q8WVV4-1,Q8WVV4;Q8WVV4-1;Q8WVV4-3,POF1B_HUMAN,POF1B,,40971.5,28410.3,28274.8,11972.6
Q8WVV9;Q8WVV9-4,Q8WVV9;Q8WVV9-3;Q8WVV9-2;Q8WVV9-4;Q8WVV9-5,HNRLL_HUMAN,HNRNPLL,,,,66751.5,
Q8WVX9,Q8WVX9,FACR1_HUMAN,FAR1,,,7009.52,12583.9,
Q8WVY7,Q8WVY7,UBCP1_HUMAN,UBLCP1,,,2186.72,,16990.0
Q8WVZ9,Q8WVZ9,KBTB7_HUMAN,KBTBD7,,,,28723.95,31148.0
Q8WW01;Q8WW01-2,Q8WW01;Q8WW01-2,SEN15_HUMAN,TSEN15,,,,,
Q8WW12,Q8WW12;Q8WW12-3,PCNP_HUMAN,PCNP,,56446.6,12334.8,13459.0,6117.135
Q8WW22-2,Q8WW22;Q8WW22-2;Q8WW22-3,DNJA4_HUMAN,DNAJA4,,,,28594.2,29801.0
Q8WW43;Q8WW43-2,Q8WW43;Q8WW43-2,APH1B_HUMAN,APH1B,,,,10231.0,10720.125
Q8WW52,Q8WW52;Q8WW52-2,F151A_HUMAN,FAM151A,,,,32246.6,2126.21
Q8WW59,Q8WW59,SPRY4_HUMAN,SPRYD4,,,12633.0,13554.5,
Q8WWA0,Q8WWA0,ITLN1_HUMAN,ITLN1,10247.0,25678.2,381544.0,45237.7,26752.5
Q8WWA1-3,Q8WWA1-3,TMM40_HUMAN,TMEM40,,3106.58,,4118.86,2385.93
Q8WWA1;Q8WWA1-2,Q8WWA1;Q8WWA1-2;Q8WWA1-3,TMM40_HUMAN,TMEM40,,176374.0,40600.8,211237.0,55970.45
Q8WWB7;Q8WWB7-2,Q8WWB7;Q8WWB7-2,GLMP_HUMAN,GLMP,,,,,
Q8WWC4,Q8WWC4,MAIP1_HUMAN,MAIP1,,,,26414.5,11600.0
Q8WWH5,Q8WWH5,TRUB1_HUMAN,TRUB1,,,,,
Q8WWI1-3,Q8WWI1;Q8WWI1-2;Q8WWI1-3;Q8WWI1-4;Q8WWI1-5,LMO7_HUMAN,LMO7,,,202.988,,
Q8WWI5;Q8WWI5-2;Q8WWI5-3,Q8WWI5;Q8WWI5-2;Q8WWI5-3,CTL1_HUMAN,SLC44A1,,19752.3,24189.0,75462.6,17664.95
Q8WWM7,Q8WWM7;Q8WWM7-2;Q8WWM7-3;Q8WWM7-4;Q8WWM7-5;Q8WWM7-6;Q8WWM7-8;Q8WWM7-9,ATX2L_HUMAN,ATXN2L,,,,20108.4,
Q8WWM9,Q8WWM9,CYGB_HUMAN,CYGB,,,,,
Q8WWN8,Q8WWN8;Q8WWN8-2,ARAP3_HUMAN,ARAP3,,,,,
Q8WWP7,Q8WWP7,GIMA1_HUMAN,GIMAP1,,,,,
Q8WWQ0,Q8WWQ0;Q9NSI6;Q9NSI6-2;Q9NSI6-3,PHIP_HUMAN,PHIP,,,,,
Q8WWV3,Q8WWV3;Q8WWV3-3,RT4I1_HUMAN,RTN4IP1,,,,,73643.75
Q8WWV6;Q8WWV6-2;Q8WWV6-3;Q8WWV6-4,Q8WWV6;Q8WWV6-2;Q8WWV6-3;Q8WWV6-4,FCAMR_HUMAN,FCAMR,,31420.5,153269.0,62159.35000000001,7669.58
Q8WWW0,Q8WWW0;Q8WWW0-2;Q8WWW0-3,RASF5_HUMAN,RASSF5,,,,,
Q8WWW8;Q8WWW8-2;Q8WWW8-3,Q8WWW8;Q8WWW8-2;Q8WWW8-3,GAB3_HUMAN,GAB3,,,,,
Q8WWX9,Q8WWX9,SELM_HUMAN,SELENOM,,,,,
Q8WWY3,Q8WWY3,PRP31_HUMAN,PRPF31,,,,,
Q8WWY8,Q8WWY8,LIPH_HUMAN,LIPH,,,,,
Q8WWZ7,Q8WWZ7;Q8WWZ7-2;Q8WWZ7-3,ABCA5_HUMAN,ABCA5,,,,,
Q8WWZ8,Q8WWZ8,OIT3_HUMAN,OIT3,5602.95,10277.7,19256.1,22512.4,12842.4
Q8WX92-2,Q8WX92;Q8WX92-2,NELFB_HUMAN,NELFB,,,830433.0,,2024450.0
Q8WX93,Q8WX93;Q8WX93-2;Q8WX93-3;Q8WX93-4;Q8WX93-5;Q8WX93-7;Q8WX93-8;Q8WX93-9,PALLD_HUMAN,PALLD,,7109.19,,,
Q8WXA3;Q8WXA3-1;Q8WXA3-3,Q8WXA3;Q8WXA3-1;Q8WXA3-3;Q8WXA3-4;Q8WXA3-5,RUFY2_HUMAN,RUFY2,,,,,
Q8WXA9-2,Q8WXA9;Q8WXA9-2,SREK1_HUMAN,SREK1,,,,,
Q8WXD2-2,Q8WXD2-2,SCG3_HUMAN,SCG3,,,,,
Q8WXD5,Q8WXD5,GEMI6_HUMAN,GEMIN6,,,,,
Q8WXD9,Q8WXD9,CSKI1_HUMAN,CASKIN1,,,,,
Q8WXE0;Q8WXE0-2,Q8WXE0;Q8WXE0-2,CSKI2_HUMAN,CASKIN2,,,,11494.6,
Q8WXE9;Q8WXE9-3,Q8WXE9;Q8WXE9-3,STON2_HUMAN,STON2,35146.2,36341.4,10866.5,44827.7,5692.88
Q8WXF1,Q8WXF1;Q8WXF1-2,PSPC1_HUMAN,PSPC1,,,,,
Q8WXF7-2,Q8WXF7;Q8WXF7-2,ATLA1_HUMAN,ATL1,,,16314.1,60875.7,24378.8
Q8WXG6-2;Q8WXG6-3;Q8WXG6-4;Q8WXG6-5;Q8WXG6-8,Q8WXG6;Q8WXG6-2;Q8WXG6-3;Q8WXG6-4;Q8WXG6-5;Q8WXG6-6;Q8WXG6-7;Q8WXG6-8,MADD_HUMAN,MADD,,,10628.2,35500.25,8697.79
Q8WXH0;Q8WXH0-2,Q8WXH0;Q8WXH0-2;Q8WXH0-7,SYNE2_HUMAN,SYNE2,8773.25,174132.0,35653.4,142850.0,34264.45
Q8WXI4;Q8WXI4-2,Q8WXI4;Q8WXI4-2,ACO11_HUMAN,ACOT11,,,,,
Q8WXI7,Q8WXI7,MUC16_HUMAN,MUC16,,,7845.2,11266.8,
Q8WXI9,Q8WXI9,P66B_HUMAN,GATAD2B,,,,,
Q8WXW3,Q8WXW3;Q8WXW3-2,PIBF1_HUMAN,PIBF1,33409.8,2163495.0,34753.5,229285.0,
Q8WXX5,Q8WXX5,DNJC9_HUMAN,DNAJC9,,,13590.6,128869.3,3363.21
Q8WY22,Q8WY22,BRI3B_HUMAN,BRI3BP,,,,2990.24,2825.37
Q8WYA0,Q8WYA0,IFT81_HUMAN,IFT81,,,,,
Q8WYA6;Q8WYA6-4,Q8WYA6;Q8WYA6-4,CTBL1_HUMAN,CTNNBL1,,,,,
Q8WYB5,Q8WYB5;Q8WYB5-2;Q8WYB5-3,KAT6B_HUMAN,KAT6B,,,,,4306.35
Q8WYH8;Q8WYH8-2,Q8WYH8;Q9UNL4;Q8WYH8-2;Q9UNL4-2;Q9UNL4-3;Q9UNL4-4;Q9UNL4-5;Q9UNL4-6;Q9UNL4-7;Q9UNL4-8,ING5_HUMAN,ING5,,,,,
Q8WYJ6,Q8WYJ6,SEPT1_HUMAN,SEPTIN1,,,3807.23,6937.51,
Q8WYL5,Q8WYL5;Q8WYL5-4,SSH1_HUMAN,SSH1,,,20532.175,,
Q8WYN0-5,Q8WYN0;Q8WYN0-3;Q8WYN0-5,ATG4A_HUMAN,ATG4A,,,10408.945,5651.735,
Q8WYP5;Q8WYP5-2;Q8WYP5-3,Q8WYP5;Q8WYP5-2;Q8WYP5-3,ELYS_HUMAN,AHCTF1,,,,,
Q8WYQ5;Q8WYQ5-3,Q8WYQ5;Q8WYQ5-3,DGCR8_HUMAN,DGCR8,,,,,
Q8WYR1,Q8WYR1;Q8WYR1-2,PI3R5_HUMAN,PIK3R5,,,,,
Q8WZ42-12,Q8WZ42;Q8WZ42-10;Q8WZ42-11;Q8WZ42-12;Q8WZ42-13;Q8WZ42-2;Q8WZ42-3;Q8WZ42-4;Q8WZ42-5;Q8WZ42-7;Q8WZ42-8;Q8WZ42-9,TITIN_HUMAN,TTN,677139.0,795091.0,235803.0,438874.0,346251.0
Q8WZ42-4,Q8WZ42;Q8WZ42-11;Q8WZ42-13;Q8WZ42-2;Q8WZ42-4;Q8WZ42-7;Q8WZ42-8,TITIN_HUMAN,TTN,,97438.15,,47220.45,8657.915
Q8WZ60,Q8WZ60,KLHL6_HUMAN,KLHL6,,,,,4820.92
Q8WZ64,Q8WZ64,ARAP2_HUMAN,ARAP2,,,,,
Q8WZ73,Q8WZ73;Q8WZ73-3;Q8WZ73-2,RFFL_HUMAN,RFFL,,,1174.28,1555.015,
Q8WZ74,Q8WZ74,CTTB2_HUMAN,CTTNBP2,,,,,
Q8WZ75,Q8WZ75;Q8WZ75-2;Q8WZ75-3,ROBO4_HUMAN,ROBO4,10496.8,38069.0,7964.34,5835.44,7943.98
Q8WZ82,Q8WZ82,OVCA2_HUMAN,OVCA2,,,,5211.95,2739.03
Q8WZA0-2,Q8WZA0;Q8WZA0-2,LZIC_HUMAN,LZIC,,,17448.96,57087.9,
Q8WZA1,Q8WZA1;Q8WZA1-2,PMGT1_HUMAN,POMGNT1,3703.25,,,8200.5,12609.7
Q8WZA2,Q8WZA2;Q8WZA2-2;Q8WZA2-3;Q8WZA2-4;Q8WZA2-5,RPGF4_HUMAN,RAPGEF4,,,,,
Q8WZA9,Q8WZA9,IRGQ_HUMAN,IRGQ,,,,12379.67,10623.2
Q92187,Q92187,SIA8D_HUMAN,ST8SIA4,,71037.6,160933.0,63485.7,
Q92466,Q92466;Q92466-4,DDB2_HUMAN,DDB2,,,,,
Q92478,Q92478,CLC2B_HUMAN,CLEC2B,,,,7272.68,
Q92482-2,Q92482;Q92482-2,AQP3_HUMAN,AQP3,,,5309.38,,
Q92484;Q92484-2,Q92484;Q92484-2,ASM3A_HUMAN,SMPDL3A,1547.125,18938.85,4881.09,,4572.84
Q92485;Q92485-2,Q92485;Q92485-2,ASM3B_HUMAN,SMPDL3B,,,,8911.14,5955.76
Q92496;Q92496-2,Q92496;Q92496-2,FHR4_HUMAN,CFHR4,164274.0,1100600.0,377470.0,69185.2,45154.6
Q92499,Q92499;Q92499-2,DDX1_HUMAN,DDX1,,,16351.8,41724.3,10736.21
Q92502;Q92502-2,Q92502;Q92502-2,STAR8_HUMAN,STARD8,,,13614.4,35570.5,
Q92503;Q92503-2;Q92503-3,Q92503;Q92503-2;Q92503-3,S14L1_HUMAN,SEC14L1,,,18250.7,4514.4,
Q92504,Q92504,S39A7_HUMAN,SLC39A7,,,,,
Q92506,Q92506,DHB8_HUMAN,HSD17B8,8260.93,,30883.1,25764.9,
Q92508,Q92508,PIEZ1_HUMAN,PIEZO1,,,,21071.6,11300.2
Q92520,Q92520,FAM3C_HUMAN,FAM3C,2960.49,35572.10000000001,11536.6,20544.6,25553.0
Q92521,Q92521,PIGB_HUMAN,PIGB,,,,,3705.58
Q92522,Q92522,H1X_HUMAN,H1-10,,11359.2,,45472.4,51345.7
Q92526,Q92526;Q92526-2;Q92526-3,TCPW_HUMAN,CCT6B,,,453.057,1147.03,
Q92530,Q92530,PSMF1_HUMAN,PSMF1,,,50899.0,162236.0,15859.6
Q92536,Q92536,YLAT2_HUMAN,SLC7A6,,,,,
Q92538;Q92538-2;Q92538-3,Q92538;Q92538-3;Q92538-2,GBF1_HUMAN,GBF1,104804.0,28823.3,12798.75,39093.9,13029.55
Q92539,Q92539,LPIN2_HUMAN,LPIN2,,,15512.1,30898.7,17595.15
Q92540;Q92540-2;Q92540-4,Q92540;Q92540-2;Q92540-4;Q92540-5,SMG7_HUMAN,SMG7,,,57699.3,15049.5,
Q92541,Q92541,RTF1_HUMAN,RTF1,,,,,37781.2
Q92542;Q92542-2,Q92542;Q92542-2,NICA_HUMAN,NCSTN,,19137.85,10940.8,42743.2,12045.6
Q92543-2,Q92543;Q92543-2,SNX19_HUMAN,SNX19,,180636.5,100570.0,,
Q92544,Q92544,TM9S4_HUMAN,TM9SF4,,,4943.26,36899.1,35862.4
Q92545,Q92545,TM131_HUMAN,TMEM131,,,,,
Q92546,Q92546,RGP1_HUMAN,RGP1,,,,,
Q92551-2,Q92551;Q92551-2,IP6K1_HUMAN,IP6K1,,,,3215.17,
Q92552;Q92552-2,Q92552;Q92552-2,RT27_HUMAN,MRPS27,,,318427.5,12258.6,
Q92556,Q92556;Q92556-2;Q92556-3,ELMO1_HUMAN,ELMO1,28080.0,,94451.6,83874.3,9495.985
Q92558,Q92558,WASF1_HUMAN,WASF1,,,,15922.15,
Q92560,Q92560,BAP1_HUMAN,BAP1,,,,,
Q92561,Q92561,PHYIP_HUMAN,PHYHIP,,,,10095.03,
Q92562,Q92562,FIG4_HUMAN,FIG4,,,,11310.0,
Q92563,Q92563,TICN2_HUMAN,SPOCK2,,8531.13,19706.1,,7022.665
Q92564;Q92564-2;Q92564-3,Q92564;Q92564-2;Q92564-3,DCNL4_HUMAN,DCUN1D4,,,,,
Q92572,Q92572,AP3S1_HUMAN,AP3S1,,,,18134.45,
Q92574,Q92574;Q92574-2,TSC1_HUMAN,TSC1,,,,8289.44,10395.8
Q92575,Q92575,UBXN4_HUMAN,UBXN4,,,4702.365,16688.8,6540.12
Q92576;Q92576-2,Q92576;Q92576-2,PHF3_HUMAN,PHF3,,,,,
Q92581,Q92581;Q92581-3,SL9A6_HUMAN,SLC9A6,,,,,
Q92583,Q92583,CCL17_HUMAN,CCL17,,11653.7,,,
Q92597,Q92597;Q92597-2;Q92597-3,NDRG1_HUMAN,NDRG1,294.371,1405.3,6914.67,11044.0,18502.4
Q92598,Q92598;Q92598-2;Q92598-3;Q92598-4,HS105_HUMAN,HSPH1,,,14910.3,37002.60000000001,
Q92599-4,Q92599;Q92599-2;Q92599-4,SEPT8_HUMAN,SEPTIN8,,,7347.5,21584.0,497829.0
Q92600,Q92600;Q92600-2;Q92600-3,CNOT9_HUMAN,CNOT9,36289.2,1866920.0,2674.845,12401.3,
Q92604,Q92604,LGAT1_HUMAN,LPGAT1,,,,12882.05,98201.25
Q92608,Q92608;Q92608-2,DOCK2_HUMAN,DOCK2,,,12988.4,25857.3,13001.55
Q92609;Q92609-2,Q92609;Q92609-2,TBCD5_HUMAN,TBC1D5,,9740.1,6733.73,17699.2,
Q92610,Q92610,ZN592_HUMAN,ZNF592,,,,,
Q92614,Q92614;Q92614-2;Q92614-5;Q92614-3;Q92614-4,MY18A_HUMAN,MYO18A,,,27414.5,60159.3,15915.0
Q92615,Q92615,LAR4B_HUMAN,LARP4B,,,,,
Q92616,Q92616,GCN1_HUMAN,GCN1,51946.9,,22809.2,26667.35,13482.2
Q92617-3,Q92617;A6NJU9;A8MRT5;C9JG80;E5RHQ5;F8W0I5;Q92617-2;Q92617-3;Q92617-4;Q92617-5;Q92617-6,NPIB3_HUMAN,NPIPB3,,,,12391.2,
Q92618,Q92618,ZN516_HUMAN,ZNF516,,,,,
Q92619,Q92619;Q92619-2,HMHA1_HUMAN,ARHGAP45,,28906.4,76666.3,194211.0,51278.9
Q92620,Q92620,PRP16_HUMAN,DHX38,,,,7118.54,
Q92621,Q92621,NU205_HUMAN,NUP205,,,,59590.4,
Q92623,Q92623,TTC9A_HUMAN,TTC9,,,,,2465.59
Q92624,Q92624,APBP2_HUMAN,APPBP2,,,7660.13,14240.3,
Q92625,Q92625;Q92625-2,ANS1A_HUMAN,ANKS1A,,,22668.35,30330.85,15909.5
Q92626,Q92626;Q92626-2,PXDN_HUMAN,PXDN,3298.01,16307.75,,28546.65,17653.8
Q92636,Q92636;Q92636-2,FAN_HUMAN,NSMAF,,,,8389.71,
Q92643,Q92643;Q92643-2,GPI8_HUMAN,PIGK,,,,,
Q92665,Q92665,RT31_HUMAN,MRPS31,,,,228548.5,34149.6
Q92667,Q92667;Q92667-2,AKAP1_HUMAN,AKAP1,,,2222.47,,12878.8
Q92673,Q92673,SORL_HUMAN,SORL1,,68134.0,46580.7,38675.9,51084.2
Q92681,Q92681,RSCA1_HUMAN,RSC1A1,,,,,
Q92685,Q92685,ALG3_HUMAN,ALG3,,,,3720.81,3010.12
Q92686,Q92686,NEUG_HUMAN,NRGN,,58490.0,29033.0,99265.6,75249.9
Q92688;Q92688-2,P39687;Q92688;Q92688-2,AN32B_HUMAN,ANP32B,,,25698.1,17655.15,6314.18
Q92692,Q92692;Q92692-2,NECT2_HUMAN,NECTIN2,,12893.2,16983.45,42020.7,14333.7
Q92692-2,Q92692-2,NECT2_HUMAN,NECTIN2,179.824,,,2705.48,
Q92696,Q92696,PGTA_HUMAN,RABGGTA,144765.0,,24929.0,22921.5,216293.5
Q92733,Q92733,PRCC_HUMAN,PRCC,,,7686.02,,
Q92734;Q92734-2,Q92734;Q92734-2;Q92734-3;Q92734-4,TFG_HUMAN,TFG,,,19234.7,53119.7,
Q92736;Q92736-2,Q92736;Q92736-2,RYR2_HUMAN,RYR2,,,,5619.08,
Q92743,Q92743,HTRA1_HUMAN,HTRA1,2095.11,5228.09,8670.23,14583.6,52065.0
Q92747,Q92747;Q92747-2,ARC1A_HUMAN,ARPC1A,,,11558.8,20064.35,
Q92752,Q92752;Q92752-2,TENR_HUMAN,TNR,,,13933.3,14322.4,
Q92759,Q92759,TF2H4_HUMAN,GTF2H4,,,3991.415,,
Q92765,Q92765,SFRP3_HUMAN,FRZB,,,,,67574.4
Q92766,Q92766;Q92766-2;Q92766-3;Q92766-5;Q92766-6,RREB1_HUMAN,RREB1,,,,,
Q92769,Q92769;Q92769-3,HDAC2_HUMAN,HDAC2,,,,,
Q92771,Q96FC9;A8MPP1;Q92771;Q96FC9-2;Q96FC9-3;Q96FC9-4;Q96FC9-5,DDX12_HUMAN,DDX12P,,,,,
Q92777,Q92777;Q92777-2,SYN2_HUMAN,SYN2,,,,,
Q92783;Q92783-2,Q92783;Q92783-2,STAM1_HUMAN,STAM,,,8125.26,27964.0,
Q92785,Q92785;Q92785-2,REQU_HUMAN,DPF2,,,,,
Q92793,Q92793;Q92793-2,CBP_HUMAN,CREBBP,,,,,
Q92794,Q92794,KAT6A_HUMAN,KAT6A,9164.869999999999,,,,
Q92796,Q92796;Q92796-2;Q92796-3,DLG3_HUMAN,DLG3,,,26185.9,17474.1,5961.48
Q92796-3,Q92796-2;Q92796-3,DLG3_HUMAN,DLG3,,,,,
Q92797,Q92797,SYMPK_HUMAN,SYMPK,2762.28,21220.4,85815.15,32221.4,6913.315000000001
Q92800;Q92800-2;Q92800-3,Q15910;Q92800;Q15910-2;Q15910-3;Q15910-4;Q15910-5;Q92800-2;Q92800-3;Q92800-4;Q92800-5,EZH1_HUMAN,EZH1,,,,1055650.0,
Q92802-2,Q92802;Q92802-2,N42L2_HUMAN,N4BP2L2,,,,,
Q92804;Q92804-2,Q92804;Q92804-2,RBP56_HUMAN,TAF15,,,,35515.95,11485.6
Q92805,Q92805,GOGA1_HUMAN,GOLGA1,,,,,
Q92817,Q92817,EVPL_HUMAN,EVPL,269.681,,17112.6,90419.85,4905.97
Q92820,Q92820,GGH_HUMAN,GGH,35454.5,250725.0,51414.7,58887.45,75972.3
Q92823;Q92823-2;Q92823-3;Q92823-4;Q92823-5;Q92823-6,Q92823;Q92823-2;Q92823-3;Q92823-4;Q92823-5;Q92823-6,NRCAM_HUMAN,NRCAM,6562.375,29223.6,45582.0,,6493.85
Q92824;Q92824-2,Q92824;Q92824-2,PCSK5_HUMAN,PCSK5,941.339,,13621.3,,
Q92828,Q92828,COR2A_HUMAN,CORO2A,533.544,37989.5,15748.4,617583.0,
Q92830,Q92830;Q92830-2,KAT2A_HUMAN,KAT2A,,,,,
Q92831,Q92830;Q92831;Q92830-2,KAT2B_HUMAN,KAT2B,,,,5385.03,
Q92833,Q92833;Q92833-2;Q92833-3,JARD2_HUMAN,JARID2,,,,,
Q92834;Q92834-2;Q92834-4,Q92834;Q92834-2;Q92834-4,RPGR_HUMAN,RPGR,,,,8748.05,
Q92835;Q92835-2,Q92835;Q92835-2;Q92835-3,SHIP1_HUMAN,INPP5D,,,35161.60000000001,59584.8,22117.3
Q92841,Q92841;Q92841-1;Q92841-2;Q92841-3,DDX17_HUMAN,DDX17,,,4756.75,15036.4,10515.4
Q92844,Q92844,TANK_HUMAN,TANK,,,,19493.6,
Q92845,Q92845;Q92845-2;Q92845-3;Q92845-4,KIFA3_HUMAN,KIFAP3,,,,4302.42,4862.02
Q92851-4,Q92851;Q92851-2;Q92851-3;Q92851-4;Q92851-6;Q92851-7;Q92851-5,CASPA_HUMAN,CASP10,,,1057.82,3626.54,
Q92854,Q92854;Q92854-2,SEM4D_HUMAN,SEMA4D,,40153.7,16371.1,6201.07,11028.2
Q92859;Q92859-2;Q92859-3;Q92859-4,Q92859;Q92859-2;Q92859-3;Q92859-4,NEO1_HUMAN,NEO1,9092.53,21378.6,202392.0,154075.0,21570.1
Q92871,Q92871,PMM1_HUMAN,PMM1,,,8407.88,,
Q92876;Q92876-2,Q92876;Q92876-2,KLK6_HUMAN,KLK6,1766.36,,,,
Q92878;Q92878-2,Q92878;Q92878-2;Q92878-3,RAD50_HUMAN,RAD50,4932.83,,36033.2,61603.8,
Q92882,Q92882,OSTF1_HUMAN,OSTF1,,,77064.7,99810.7,21200.7
Q92888-3,Q92888;Q92888-2;Q92888-3;Q92888-4,ARHG1_HUMAN,ARHGEF1,,,26507.6,44487.3,22286.3
Q92889,Q92889,XPF_HUMAN,ERCC4,,,,,909.99
Q92890;Q92890-1,Q92890;Q92890-1;Q92890-3,UFD1_HUMAN,UFD1,,,16639.7,48279.4,8732.99
Q92896;Q92896-2;Q92896-3,Q92896;Q92896-2;Q92896-3,GSLG1_HUMAN,GLG1,,,54441.8,12234.77,11151.1
Q92900,Q92900;Q92900-2,RENT1_HUMAN,UPF1,,,23531.65,40936.5,12201.5
Q92902;Q92902-2;Q92902-4,Q92902;Q92902-2;Q92902-4,HPS1_HUMAN,HPS1,,51104.95,,18447.6,
Q92905,Q92905,CSN5_HUMAN,COPS5,,,39546.8,61097.9,5211.094999999999
Q92917,Q92917,GPKOW_HUMAN,GPKOW,,,,,
Q92918-2,Q92918;Q92918-2,M4K1_HUMAN,MAP4K1,,,,60447.3,
Q92922,Q92922,SMRC1_HUMAN,SMARCC1,,,,,
Q92925;Q92925-3,Q92925;Q92925-2;Q92925-3,SMRD2_HUMAN,SMARCD2,,14284.9,,58770.8,45521.1
Q92928,Q92928,RAB1C_HUMAN,RAB1C,,,,,
Q92930,Q92930,RAB8B_HUMAN,RAB8B,,,39466.4,85060.3,17071.3
Q92934,Q92934,BAD_HUMAN,BAD,,,,10014.7,
Q92945,Q92945,FUBP2_HUMAN,KHSRP,,,,37596.2,67297.285
Q92947,Q92947;Q92947-2,GCDH_HUMAN,GCDH,,,6424.93,12567.1,
Q92954-4,Q92954-3;Q92954-4,PRG4_HUMAN,PRG4,22001.35,751008.0,120115.0,188423.0,1677630.0
Q92954-6,Q92954;Q92954-2;Q92954-3;Q92954-4;Q92954-5;Q92954-6,PRG4_HUMAN,PRG4,61624.3,11068500.0,226659.0,310481.0,7614900.0
Q92956,Q92956;Q92956-2,TNR14_HUMAN,TNFRSF14,,20411.8,3231.12,10637.1,
Q92963;Q92963-3,Q92963;Q92963-2;Q92963-3,RIT1_HUMAN,RIT1,,,3026.11,9895.17,5129.89
Q92968,Q92968,PEX13_HUMAN,PEX13,,,,,
Q92973;Q92973-2,Q92973;Q92973-2;Q92973-3,TNPO1_HUMAN,TNPO1,,,17340.7,47327.6,5760.63
Q92974;Q92974-2;Q92974-3,Q92974;Q92974-2;Q92974-3,ARHG2_HUMAN,ARHGEF2,,133508.0,17550.3,69666.6,21484.9
Q92979,Q92979,NEP1_HUMAN,EMG1,,,,,
Q92982,Q92982,NINJ1_HUMAN,NINJ1,,,,,
Q92985-4,Q92985;Q92985-2;Q92985-4,IRF7_HUMAN,IRF7,,,,8051.93,
Q92989,Q92989;Q92989-2,CLP1_HUMAN,CLP1,,,,,
Q92990,Q92990;Q92990-2,GLMN_HUMAN,GLMN,,,,5813.355,
Q92993;Q92993-2;Q92993-3;Q92993-4,Q92993;Q92993-2;Q92993-3;Q92993-4,KAT5_HUMAN,KAT5,,,,,
Q92994-8,Q92994;Q92994-5;Q92994-7;Q92994-8,TF3B_HUMAN,BRF1,,,,,
Q92995;Q92995-2,Q92995;Q92995-2,UBP13_HUMAN,USP13,,,,,
Q93008-3,O00507;Q93008;O00507-2;Q93008-3,USP9X_HUMAN,USP9X,,,34331.0,92420.4,21815.9
Q93009,Q93009;Q93009-3,UBP7_HUMAN,USP7,,,18450.7,36670.0,35739.75
Q93015;Q93015-2,Q93015;Q93015-2,NAA80_HUMAN,NAA80,,,1955.555,,
Q93033,Q93033,IGSF2_HUMAN,CD101,,9431.87,24254.0,53040.3,15921.2
Q93034,Q93034,CUL5_HUMAN,CUL5,2945.1,,9304.325,28543.6,11938.3
Q93045;Q93045-2,Q93045;Q93045-2,STMN2_HUMAN,STMN2,,,4155.065000000001,6847.17,
Q93050;Q93050-1;Q93050-3,Q93050;Q93050-1;Q93050-3,VPP1_HUMAN,ATP6V0A1,,,14708.0,49977.2,21475.85
Q93052,Q93052,LPP_HUMAN,LPP,,20797.2,20801.0,72037.05,9752.86
Q93062;Q93062-2;Q93062-3;Q93062-4;Q93062-5,Q93062;Q93062-3;Q93062-2;Q93062-4;Q93062-5,RBPMS_HUMAN,RBPMS,,,,,
Q93063;Q93063-2;Q93063-3,Q93063;Q93063-2;Q93063-3,EXT2_HUMAN,EXT2,4247.16,,,,9287.8
Q93070,Q93070,NAR4_HUMAN,ART4,3746.915,149041.0,18852.1,20330.9,9395.369999999999
Q93073;Q93073-2,Q93073;Q93073-2,SBP2L_HUMAN,SECISBP2L,,,,,
Q93074;Q93074-2;Q93074-3,Q93074;Q93074-2;Q93074-3,MED12_HUMAN,MED12,,,,47783.3,
Q93075,Q93075,TATD2_HUMAN,TATDN2,,,,,
Q93084,Q93084,AT2A3_HUMAN,ATP2A3,,,,,
Q93084-1,Q93084;Q93084-1;Q93084-3;Q93084-4;Q93084-5;Q93084-6;Q93084-7,AT2A3_HUMAN,ATP2A3,786752.605,,207868.0,661814.0,253796.0
Q93091,Q93091,RNAS6_HUMAN,RNASE6,12069.3,84203.7,,52158.85,11709.9
Q93096,Q93096,TP4A1_HUMAN,PTP4A1,,,,,
Q93099,Q93099,HGD_HUMAN,HGD,,,,24680.1,
Q93100-3,Q93100;Q93100-4;Q93100-2;Q93100-3,KPBB_HUMAN,PHKB,,,6502.425,41949.05,
Q95460,Q95460;Q95460-2,HMR1_HUMAN,MR1,,,,,
Q969E1,Q969E1,LEAP2_HUMAN,LEAP2,,485856.5,,,150118.0
Q969E2;Q969E2-2,Q969E2;Q969E2-2;Q969E2-3,SCAM4_HUMAN,SCAMP4,,,13103.3,44988.8,15051.5
Q969E4,Q969E4,TCAL3_HUMAN,TCEAL3,,,,,
Q969E8,Q969E8,TSR2_HUMAN,TSR2,,,,,
Q969F1,Q969F1,TF3C6_HUMAN,GTF3C6,,,,6351.415,
Q969F9,Q969F9,HPS3_HUMAN,HPS3,40729.9,105318.0,7816.275000000001,176912.0,27656.8
Q969G3;Q969G3-2,Q969G3;Q969G3-2,SMCE1_HUMAN,SMARCE1,,,,51541.5,
Q969G5,Q969G5,CAVN3_HUMAN,CAVIN3,,,,,
Q969G6,Q969G6,RIFK_HUMAN,RFK,,,,,
Q969H0,Q969H0,FBXW7_HUMAN,FBXW7,,,,,
Q969H6,Q969H6,POP5_HUMAN,POP5,,,,,
Q969H8,Q969H8,MYDGF_HUMAN,MYDGF,,,,59116.95,
Q969J3,Q969J3;Q969J3-2,BORC5_HUMAN,BORCS5,,,33161.5,57841.3,
Q969K3;Q969K3-2,Q969K3;Q969K3-2,RNF34_HUMAN,RNF34,,,,1653.075,
Q969K4;Q969K4-3,Q969K4;Q969K4-2;Q969K4-3;Q969K4-4,ABTB1_HUMAN,ABTB1,,,,,
Q969M1,Q969M1;Q969M1-2,TM40L_HUMAN,TOMM40L,,,,17889.1,12659.7
Q969M3;Q969M3-3,Q969M3;Q969M3-2;Q969M3-3,YIPF5_HUMAN,YIPF5,,,7185.07,13381.2,3603.49
Q969M7;Q969M7-2,Q969M7;Q969M7-2;Q969M7-3;Q969M7-4;Q969M7-5;Q969M7-6,UBE2F_HUMAN,UBE2F,,,2747.26,16323.9,
Q969N2;Q969N2-5,Q969N2;Q969N2-2;Q969N2-4;Q969N2-5,PIGT_HUMAN,PIGT,,,,7072.37,
Q969P0;Q969P0-3,Q969P0;Q969P0-3,IGSF8_HUMAN,IGSF8,,,7514.09,15489.8,
Q969Q5,Q969Q5,RAB24_HUMAN,RAB24,,,,,
Q969Q6,Q969Q6;Q969Q6-2,P2R3C_HUMAN,PPP2R3C,,,17742.65,,27957.4
Q969R2;Q969R2-2,Q969R2;Q969R2-2;Q969R2-3;Q969R2-4;Q969R2-5;Q969R2-6,OSBP2_HUMAN,OSBP2,,,5256.475,15290.1,
Q969R5,Q969R5;Q969R5-2;Q969R5-3,LMBL2_HUMAN,L3MBTL2,,,,,
Q969R8,Q969R8,ITFG2_HUMAN,ITFG2,,,,,
Q969S0;Q969S0-2;Q969S0-3,Q969S0;Q969S0-2;Q969S0-3,S35B4_HUMAN,SLC35B4,,,,,
Q969S2;Q969S2-3,Q969S2;Q969S2-2;Q969S2-3;Q969S2-4,NEIL2_HUMAN,NEIL2,,18299.3,,,
Q969S3,Q969S3,ZN622_HUMAN,ZNF622,,,,,
Q969S8;Q969S8-2,Q969S8;Q969S8-2,HDA10_HUMAN,HDAC10,,,,,
Q969S9,Q969S9;Q969S9-2;Q969S9-3;Q969S9-4,RRF2M_HUMAN,GFM2,,,3024.36,11798.85,
Q969T3,Q969T3;Q969T3-2;Q969T3-3,SNX21_HUMAN,SNX21,,,,,
Q969T4,P51965;Q969T4;Q96LR5;P51965-2;P51965-3,UB2E3_HUMAN,UBE2E3,,,,,
Q969T9,Q969T9;Q969T9-2,WBP2_HUMAN,WBP2,,,60293.7,144394.0,
Q969U6,Q969U6;Q969U6-2,FBXW5_HUMAN,FBXW5,,,,,
Q969U7-2,Q969U7;Q969U7-2,PSMG2_HUMAN,PSMG2,,,,8621.33,
Q969V3;Q969V3-2,Q969V3;Q969V3-2,NCLN_HUMAN,NCLN,,,,18950.15,10017.1
Q969V5,Q969V5,MUL1_HUMAN,MUL1,,,,,
Q969V6,Q8IZQ8;Q969V6;Q9ULH7;Q9ULH7-2;Q9ULH7-3;Q9ULH7-4;Q9ULH7-5;Q8IZQ8-2;Q8IZQ8-3,MRTFA_HUMAN,MRTFA,,,10295.59,5276.88,
Q969X0,Q969X0,RIPL2_HUMAN,RILPL2,,,12673.825,42960.75,16100.6
Q969X1,Q969X1,LFG3_HUMAN,TMBIM1,,,12871.9,84185.3,27405.7
Q969X2-3,Q969X2;Q969X2-2;Q969X2-3,SIA7F_HUMAN,ST6GALNAC6,,,,,
Q969X5;Q969X5-2,Q969X5;Q969X5-2,ERGI1_HUMAN,ERGIC1,,,6883.71,41101.15,24113.55
Q969X6,Q969X6;Q969X6-2;Q969X6-3,UTP4_HUMAN,UTP4,,,,4479.84,
Q969Y2;Q969Y2-2;Q969Y2-3;Q969Y2-4,Q969Y2;Q969Y2-2;Q969Y2-3;Q969Y2-4,GTPB3_HUMAN,GTPBP3,,,,9745.225,
Q969Z0,Q969Z0,FAKD4_HUMAN,TBRG4,,,,8062.65,16610.6
Q969Z3,Q969Z3;Q969Z3-2,MARC2_HUMAN,MTARC2,,,,13424.6,
Q969Z4,Q969Z4,TR19L_HUMAN,RELT,,4208.93,,,
Q96A00,Q96A00;Q96A00-2,PP14A_HUMAN,PPP1R14A,,,17581.7,30381.6,32541.25
Q96A19,Q96A19,C102A_HUMAN,CCDC102A,,,,,
Q96A26,Q96A26,F162A_HUMAN,FAM162A,,,43801.7,125026.0,48874.55
Q96A29;Q96A29-2,Q96A29;Q96A29-2,FUCT1_HUMAN,SLC35C1,,,,,
Q96A32,Q96A32,MYL11_HUMAN,MYL11,,,19152.9,,4763.07
Q96A33,Q96A33;Q96A33-2,CCD47_HUMAN,CCDC47,,,10126.0,13395.65,9263.6
Q96A35,Q96A35,RM24_HUMAN,MRPL24,,,,21222.9,
Q96A49,Q96A49,SYAP1_HUMAN,SYAP1,,,19662.7,27008.8,
Q96A54,Q96A54,PAQR1_HUMAN,ADIPOR1,,201859.0,,,
Q96A57;Q96A57-2,Q96A57;Q96A57-2,TM230_HUMAN,TMEM230,,,,,
Q96A65,Q96A65,EXOC4_HUMAN,EXOC4,,,9690.71,23688.0,4743.68
Q96A72,P61326;Q96A72;P61326-2,MGN2_HUMAN,MAGOHB,,,,,
Q96A73,Q96A73;Q96A73-2;Q96A73-3,P33MX_HUMAN,KIAA1191,,,,,
Q96A83;Q96A83-2,Q96A83;Q96A83-2,COQA1_HUMAN,COL26A1,,,,23828.0,
Q96AA3,Q96AA3,RFT1_HUMAN,RFT1,,,,18397.85,9615.09
Q96AB3,Q96AB3;Q96AB3-2;Q96AB3-3,ISOC2_HUMAN,ISOC2,750.69,,,11133.05,
Q96AC1;Q96AC1-3,Q96AC1;Q9BQL6;Q96AC1-2;Q96AC1-3;Q9BQL6-2;Q9BQL6-4,FERM2_HUMAN,FERMT2,,,12700.7,19619.4,6549.16
Q96AD5,Q96AD5,PLPL2_HUMAN,PNPLA2,,,22252.8,35177.7,
Q96AE4,Q96AE4,FUBP1_HUMAN,FUBP1,,,,,
Q96AE4-2,Q96AE4;Q96AE4-2,FUBP1_HUMAN,FUBP1,,,,38441.5,116089.0
Q96AE7-2,Q96AE7-2,TTC17_HUMAN,TTC17,,,,,
Q96AG3,Q96AG3;Q96AG3-2,S2546_HUMAN,SLC25A46,,,,17380.4,13671.5
Q96AG4,Q96AG4,LRC59_HUMAN,LRRC59,,13622.2,110446.0,293962.0,123346.0
Q96AH0;Q96AH0-3,Q96AH0;Q96AH0-3,SOSB2_HUMAN,NABP1,,,,,
Q96AJ9;Q96AJ9-1,Q96AJ9;Q96AJ9-1,VTI1A_HUMAN,VTI1A,,,5723.85,6636.61,
Q96AK3,Q96AK3;Q9UH17;Q9UH17-2;Q9UH17-3,ABC3D_HUMAN,APOBEC3D,,,,,
Q96AN5,Q96AN5;Q96AN5-2,TM143_HUMAN,TMEM143,,,,,
Q96AP0;Q96AP0-2,Q96AP0;Q96AP0-2,ACD_HUMAN,ACD,,,,,
Q96AP7,Q96AP7,ESAM_HUMAN,ESAM,5878.73,587453.0,53996.6,175297.0,36865.95
Q96AQ6;Q96AQ6-2,Q96AQ6;Q96AQ6-2;Q96AQ6-3,PBIP1_HUMAN,PBXIP1,,,15110.74,15418.2,16607.6
Q96AQ8,Q96AQ8,MCUR1_HUMAN,MCUR1,,,,,
Q96AT1,Q96AT1,K1143_HUMAN,KIAA1143,,,,,
Q96AT9,Q96AT9;Q96AT9-2;Q96AT9-3;Q96AT9-5,RPE_HUMAN,RPE,,,,13318.4,3230.13
Q96AX1,Q96AX1,VP33A_HUMAN,VPS33A,,,6631.41,66166.05,
Q96AX2,Q96AX2;Q96AX2-2;Q96AX2-3;Q96AX2-4,RAB37_HUMAN,RAB37,44874.8,,21615.7,61554.1,23226.95
Q96AX9;Q96AX9-3;Q96AX9-5;Q96AX9-6;Q96AX9-8,Q96AX9;Q96AX9-3;Q96AX9-5;Q96AX9-6;Q96AX9-7;Q96AX9-8;Q96AX9-9,MIB2_HUMAN,MIB2,,,,,
Q96AY3,Q96AY3;Q96AY3-2,FKB10_HUMAN,FKBP10,42306.45,9174.71,,,
Q96AZ6,Q96AZ6,ISG20_HUMAN,ISG20,,,,,
Q96B21,Q96B21,TM45B_HUMAN,TMEM45B,,,,,
Q96B23;Q96B23-2,Q96B23;Q96B23-2,CR025_HUMAN,C18orf25,,,,13634.75,9108.224999999999
Q96B26,Q96B26,EXOS8_HUMAN,EXOSC8,,,,,24924.1
Q96B36,Q96B36;Q96B36-3,AKTS1_HUMAN,AKT1S1,,,8342.4,15588.1,
Q96B45,Q96B45,BORC7_HUMAN,BORCS7,,,,,
Q96B49,Q96B49,TOM6_HUMAN,TOMM6,,,,23693.0,
Q96B54,Q96B54,ZN428_HUMAN,ZNF428,,,,38537.7,
Q96B70,Q96B70,LENG9_HUMAN,LENG9,,,,,
Q96B77,Q96B77,TM186_HUMAN,TMEM186,,,,,
Q96B96;Q96B96-2,Q96B96;Q96B96-2,LDAF1_HUMAN,LDAF1,,,,,
Q96B97,Q96B97;Q96B97-2;Q96B97-3,SH3K1_HUMAN,SH3KBP1,,,24654.2,20141.0,8827.98
Q96B97-2,Q96B97-2,SH3K1_HUMAN,SH3KBP1,,,,,
Q96BD5;Q96BD5-2;Q96BD5-3,Q96BD5;Q96BD5-2;Q96BD5-3,PF21A_HUMAN,PHF21A,,,,,
Q96BF3;Q96BF3-2,Q96BF3;Q96BF3-2,TMIG2_HUMAN,TMIGD2,,,,,
Q96BF6,Q96BF6,NACC2_HUMAN,NACC2,,,,4720.96,
Q96BH1,Q96BH1,RNF25_HUMAN,RNF25,,,,,
Q96BI1,Q96BI1,S22AI_HUMAN,SLC22A18,,,,5033.65,
Q96BI3;Q96BI3-2,Q96BI3;Q96BI3-2,APH1A_HUMAN,APH1A,,,,,4579.06
Q96BJ3,Q96BJ3,AIDA_HUMAN,AIDA,,,7472.77,13967.3,9292.7
Q96BJ8;Q96BJ8-3,Q96BJ8;Q96BJ8-2;Q96BJ8-3,ELMO3_HUMAN,ELMO3,,,,,6476.23
Q96BK5,Q96BK5;Q96BK5-2;Q9BT81-2,PINX1_HUMAN,PINX1,,,,,
Q96BM9,Q96BM9,ARL8A_HUMAN,ARL8A,,,,70347.0,
Q96BN2,Q96BN2,TADA1_HUMAN,TADA1,,,,141929.0,
Q96BN8,Q96BN8,OTUL_HUMAN,OTULIN,,,4206.7,15051.15,
Q96BP3,Q96BP3,PPWD1_HUMAN,PPWD1,,,,8286.32,
Q96BQ1,Q96BQ1,FAM3D_HUMAN,FAM3D,,37394.3,,,
Q96BQ5,Q96BQ5,CC127_HUMAN,CCDC127,,,2593.2,4835.08,
Q96BR1;Q96BR1-2,Q96BR1;Q96BR1-2,SGK3_HUMAN,SGK3,,,,,
Q96BS2,Q96BS2;Q96BS2-2;Q96BS2-3,CHP3_HUMAN,TESC,,,32087.0,37629.6,
Q96BT3,Q96BT3,CENPT_HUMAN,CENPT,,,,8018.73,
Q96BT7;Q96BT7-4,Q96BT7;Q96BT7-4,ALKB8_HUMAN,ALKBH8,,,,,
Q96BU1;Q96BU1-2,Q96BU1;Q96BU1-2,S1PBP_HUMAN,S100PBP,,,8447.78,29245.35,
Q96BW1,Q96BW1;Q96BW1-3,UPP_HUMAN,UPRT,,,,9866.54,
Q96BW5;Q96BW5-2,Q96BW5;Q96BW5-2,PTER_HUMAN,PTER,,,1995.56,6037.77,
Q96BW9-3,Q96BW9;Q96BW9-2;Q96BW9-3,TAM41_HUMAN,TAMM41,,,,4254.06,
Q96BX8,Q96BX8,MOB3A_HUMAN,MOB3A,,,,30643.6,
Q96BY6-3,Q96BY6;Q96BY6-3,DOC10_HUMAN,DOCK10,,,17339.3,47979.1,12727.9
Q96BY7,Q96BY7,ATG2B_HUMAN,ATG2B,5087.77,,,15990.1,68148.9
Q96BY9,Q96BY9,SARAF_HUMAN,SARAF,,,,,
Q96BZ4,Q96BZ4,PLD4_HUMAN,PLD4,,76010.7,52838.2,,
Q96BZ8,Q96BZ8,LENG1_HUMAN,LENG1,,,,,
Q96BZ9;Q96BZ9-3,Q96BZ9;Q96BZ9-3,TBC20_HUMAN,TBC1D20,,,,6823.605,
Q96C00,Q96C00,ZBTB9_HUMAN,ZBTB9,,,,6362.24,
Q96C01,Q96C01,F136A_HUMAN,FAM136A,,,,11520.6,
Q96C10,Q96C10,DHX58_HUMAN,DHX58,,,,,
Q96C11;Q96C11-3,Q96C11;Q96C11-3;Q96C11-5,FGGY_HUMAN,FGGY,,,,2429.03,
Q96C12,Q96C12;Q96C12-2;Q96C12-3;Q96C12-4,ARMC5_HUMAN,ARMC5,,,,,
Q96C19,Q96C19,EFHD2_HUMAN,EFHD2,,,15337.8,30266.65,5387.72
Q96C23,Q96C23,GALM_HUMAN,GALM,,,,17664.9,22053.6
Q96C24,Q96C24,SYTL4_HUMAN,SYTL4,,1857960.5,106465.0,407470.0,119783.0
Q96C36,P32322;Q96C36;P32322-2;P32322-3,P5CR2_HUMAN,PYCR2,,,,16012.5,
Q96C55,Q96C55,ZN524_HUMAN,ZNF524,,,,,19383.7
Q96C57,Q96C57,CSTOS_HUMAN,CUSTOS,,,,,
Q96C86,Q96C86,DCPS_HUMAN,DCPS,,,,,
Q96C90,Q96C90,PP14B_HUMAN,PPP1R14B,,,,,
Q96C92;Q96C92-3,Q96C92;Q96C92-2;Q96C92-3;Q96C92-4,ENTR1_HUMAN,ENTR1,,,,,
Q96CB8,Q96CB8,INT12_HUMAN,INTS12,,,,,
Q96CB9;Q96CB9-4,Q96CB9;Q96CB9-3;Q96CB9-4,NSUN4_HUMAN,NSUN4,,,,119507.0,
Q96CD0,Q96CD0,FBXL8_HUMAN,FBXL8,,,,,
Q96CD2,Q96CD2;Q96CD2-2,COAC_HUMAN,PPCDC,,,,11565.05,
Q96CG3,Q96CG3,TIFA_HUMAN,TIFA,,,,,
Q96CG8;Q96CG8-3,Q96CG8;Q96CG8-3,CTHR1_HUMAN,CTHRC1,,11315.4,5974.96,2520.62,80827.6
Q96CM8;Q96CM8-2;Q96CM8-3,Q96CM8;Q96CM8-2;Q96CM8-3,ACSF2_HUMAN,ACSF2,,,2628.13,9676.19,
Q96CN4;Q96CN4-2,Q96CN4;Q96CN4-2,EVI5L_HUMAN,EVI5L,,,12997.9,27038.5,5040.31
Q96CN5,Q96CN5,LRC45_HUMAN,LRRC45,,,,,
Q96CN7,Q96CN7,ISOC1_HUMAN,ISOC1,,,28030.2,84360.2,4817.684999999999
Q96CN9,Q96CN9,GCC1_HUMAN,GCC1,,,,6391.445,
Q96CP2,Q4VC44;Q4VC44-2;Q4VC44-3;Q96CP2,FWCH2_HUMAN,FLYWCH2,,,,,
Q96CP6;Q96CP6-2;Q96CP6-3,Q96CP6;Q96CP6-2;Q96CP6-3,ASTRA_HUMAN,GRAMD1A,,,,,
Q96CQ1;Q96CQ1-3,Q96CQ1;Q9BSK2;Q96CQ1-2;Q96CQ1-3,S2536_HUMAN,SLC25A36,,,,,
Q96CS2,Q96CS2;Q96CS2-2,HAUS1_HUMAN,HAUS1,,,,,
Q96CS3,Q96CS3,FAF2_HUMAN,FAF2,,,376914.0,26401.0,
Q96CT7,Q96CT7,CC124_HUMAN,CCDC124,,,,20487.88,6595.615
Q96CU9,Q96CU9;Q96CU9-2;Q96CU9-3,FXRD1_HUMAN,FOXRED1,,,,,
Q96CV9,Q96CV9;Q96CV9-2;Q96CV9-3,OPTN_HUMAN,OPTN,,,3596.59,14846.6,
Q96CW1;Q96CW1-2,Q96CW1;Q96CW1-2,AP2M1_HUMAN,AP2M1,,3745830.0,38548.3,149241.0,43710.3
Q96CW5,Q96CW5;Q96CW5-2,GCP3_HUMAN,TUBGCP3,,,6296.32,17546.9,4760.145
Q96CW6,Q96CW6,S7A6O_HUMAN,SLC7A6OS,,,,,
Q96CX2,Q96CX2;Q68DU8,KCD12_HUMAN,KCTD12,5833.32,,16942.5,21579.55,14696.7
Q96CX6,Q96CX6,LRC58_HUMAN,LRRC58,,,,3424.21,
Q96D05;Q96D05-2,Q96D05;Q96D05-2,F241B_HUMAN,FAM241B,,,,,
Q96D15,Q96D15,RCN3_HUMAN,RCN3,,,28925.0,,
Q96D31,Q96D31,CRCM1_HUMAN,ORAI1,,,12952.5,15205.45,5640.27
Q96D46,Q96D46,NMD3_HUMAN,NMD3,,,27395.795,10346.995,3392.05
Q96D53,Q96D53;Q96D53-2,COQ8B_HUMAN,COQ8B,,,,,
Q96D70,Q96D70,R3HD4_HUMAN,R3HDM4,,,,,
Q96D71;Q96D71-3,Q96D71;Q96D71-2;Q96D71-3;Q96D71-4,REPS1_HUMAN,REPS1,,,8218.67,34380.8,5921.05
Q96D96;Q96D96-4,Q96D96;Q96D96-2;Q96D96-3;Q96D96-4,HVCN1_HUMAN,HVCN1,,32061.4,1138.73,6757.65,2496.28
Q96DA0,Q96DA0,ZG16B_HUMAN,ZG16B,,9071.24,11426.8,5685.885,5413.66
Q96DA2,Q96DA2,RB39B_HUMAN,RAB39B,,,4142.75,,
Q96DA6,Q96DA6,TIM14_HUMAN,DNAJC19,,,,4696.59,
Q96DB5;Q96DB5-2,Q96DB5;Q96DB5-2;Q96DB5-3,RMD1_HUMAN,RMDN1,,,,13425.865,
Q96DC8,Q96DC8;Q96DC8-2,ECHD3_HUMAN,ECHDC3,,,,,
Q96DE0,Q96DE0;Q96DE0-2;Q96DE0-3;Q96DE0-4,NUD16_HUMAN,NUDT16,,82399.5,2797.16,19185.0,
Q96DE5,Q96DE5,APC16_HUMAN,ANAPC16,,,,,
Q96DF8,Q96DF8,ESS2_HUMAN,ESS2,,,,,
Q96DG6,Q96DG6,CMBL_HUMAN,CMBL,,,,,
Q96DH6;Q96DH6-2,Q96DH6;Q96DH6-2,MSI2H_HUMAN,MSI2,,,,,
Q96DI7,Q96DI7;Q96DI7-2,SNR40_HUMAN,SNRNP40,,,,54873.1,21908.3
Q96DM3,Q96DM3,RMC1_HUMAN,RMC1,,,70968.4,22158.9,5371.75
Q96DN5;Q96DN5-2;Q96DN5-3,Q96DN5;Q96DN5-2;Q96DN5-3,TBC31_HUMAN,TBC1D31,,,,,
Q96DP5,Q96DP5,FMT_HUMAN,MTFMT,,,,,6150.05
Q96DR5,Q96DR5,BPIA2_HUMAN,BPIFA2,,,10393.9,10045.35,
Q96DT0,Q96DT0;Q96DT0-2;Q96DT0-3;Q96DT0-4;Q96DT0-5;Q96DT0-6;Q96DT0-7,LEG12_HUMAN,LGALS12,,,5749.37,18347.1,762.581
Q96DT6,Q96DT6,ATG4C_HUMAN,ATG4C,,6920.59,,3194.395,
Q96DU3;Q96DU3-2,Q96DU3;Q96DU3-2,SLAF6_HUMAN,SLAMF6,,,,10004.9,5324.63
Q96DU7,Q96DU7,IP3KC_HUMAN,ITPKC,,,,,
Q96DV4,Q96DV4;Q96DV4-2,RM38_HUMAN,MRPL38,,,,20651.65,39715.3
Q96DX4,Q96DX4,RSPRY_HUMAN,RSPRY1,,,,38997.0,5014.73
Q96DX7,Q96DX7,TRI44_HUMAN,TRIM44,,,,,
Q96DZ1;Q96DZ1-3,Q96DZ1;Q96DZ1-2;Q96DZ1-3,ERLEC_HUMAN,ERLEC1,,,59365.2,32276.3,
Q96DZ9-2;Q96DZ9-3,Q96DZ9;Q96DZ9-2;Q96DZ9-3;Q96DZ9-4;Q96DZ9-5;Q96DZ9-6,CKLF5_HUMAN,CMTM5,,,32775.6,135537.0,53382.0
Q96E09,Q96E09,PBIR1_HUMAN,PABIR1,,,,,
Q96E11;Q96E11-3,Q96E11;Q96E11-2;Q96E11-3;Q96E11-4;Q96E11-5;Q96E11-6;Q96E11-7,RRFM_HUMAN,MRRF,,,,,
Q96E17,Q96E17,RAB3C_HUMAN,RAB3C,,,25961.3,62453.3,24889.15
Q96E52,Q96E52;Q96E52-2,OMA1_HUMAN,OMA1,,,,2495.98,
Q96EB1-3,Q96EB1;Q96EB1-2;Q96EB1-3,ELP4_HUMAN,ELP4,,,,11030.0,
Q96EB6,Q96EB6;Q96EB6-2,SIR1_HUMAN,SIRT1,,,,,
Q96EC8,Q96EC8,YIPF6_HUMAN,YIPF6,,,,17395.2,4727.92
Q96EE3;Q96EE3-1,Q96EE3;Q96EE3-1,SEH1_HUMAN,SEH1L,,29070.3,6163.57,,
Q96EE4,Q96EE4,CC126_HUMAN,CCDC126,1750.71,121131.0,13821.8,3105.19,
Q96EG1,Q96EG1,ARSG_HUMAN,ARSG,2861.37,,6654.59,28389.9,5764.58
Q96EH3,Q96EH3,MASU1_HUMAN,MALSU1,,45603.6,,,
Q96EI5;Q96EI5-2,Q96EI5;Q9H3H9;Q96EI5-2,TCAL4_HUMAN,TCEAL4,,,,,
Q96EK4,Q96EK4,THA11_HUMAN,THAP11,,,,,
Q96EK5,Q96EK5,KBP_HUMAN,KIFBP,,,,,
Q96EK6,Q96EK6,GNA1_HUMAN,GNPNAT1,,,,5361.49,
Q96EK7,Q96EK7;Q96EK7-2,F120B_HUMAN,FAM120B,,,12607.0,10856.4,
Q96EK9,Q96EK9,KTI12_HUMAN,KTI12,,,,,
Q96EL2,Q96EL2,RT24_HUMAN,MRPS24,,,,2541.73,
Q96EL3,Q96EL3,RM53_HUMAN,MRPL53,,,,4157.92,
Q96EM0,Q96EM0,T3HPD_HUMAN,L3HYPDH,,,16057.4,9936.53,8616.65
Q96EP0,Q96EP0;Q96EP0-2,RNF31_HUMAN,RNF31,,,,24239.7,11503.7
Q96EP1-2,Q96EP1;Q96EP1-2;Q96EP1-3;Q96EP1-4;Q96EP1-5,CHFR_HUMAN,CHFR,,,,,
Q96EP5;Q96EP5-2,Q96EP5;Q96EP5-2,DAZP1_HUMAN,DAZAP1,,,,7475.385,
Q96EQ0,Q96EQ0,SGTB_HUMAN,SGTB,,,51594.7,30929.6,
Q96ER3,Q96ER3,SAAL1_HUMAN,SAAL1,,,,,
Q96ER9,Q96ER9,MITOK_HUMAN,CCDC51,,,,,
Q96ES6,Q96ES6,MFSD3_HUMAN,MFSD3,,,,,
Q96ES7,Q96ES7,SGF29_HUMAN,SGF29,,,7626.695,,
Q96ET8-3;Q9NYZ1,Q9NYZ1;Q96ET8;Q96ET8-2;Q96ET8-3,TV23B_HUMAN;TV23C_HUMAN,TVP23B;TVP23C,,,20519.1,,
Q96EU7,Q96EU7,C1GLC_HUMAN,C1GALT1C1,9342.164999999999,,,9312.62,10984.0
Q96EV2,Q96EV2,RBM33_HUMAN,RBM33,,,,,
Q96EV8,Q96EV8;Q96EV8-2,DTBP1_HUMAN,DTNBP1,,,,3434.765,
Q96EW2,Q96EW2,HBAP1_HUMAN,HSPBAP1,,,,,
Q96EX1,Q96EX1,SIM12_HUMAN,SMIM12,,,,,
Q96EY1,Q96EY1;Q96EY1-2;Q96EY1-3,DNJA3_HUMAN,DNAJA3,,,,11424.59,
Q96EY4,Q96EY4,TMA16_HUMAN,TMA16,,,,181555.0,
Q96EY5;Q96EY5-3,Q96EY5;Q96EY5-2;Q96EY5-3,MB12A_HUMAN,MVB12A,3491.15,,,34617.6,
Q96EY7,Q96EY7;Q96EY7-2,PTCD3_HUMAN,PTCD3,,,94981.2,,
Q96EY8,Q96EY8,MMAB_HUMAN,MMAB,,8576.8,5355.415,12747.7,
Q96EY9,Q96EY9,ADAT3_HUMAN,ADAT3,,,,,
Q96EZ8;Q96EZ8-2;Q96EZ8-3,Q96EZ8;Q96EZ8-2;Q96EZ8-3,MCRS1_HUMAN,MCRS1,,,,,
Q96F07,Q96F07;Q96F07-2,CYFP2_HUMAN,CYFIP2,,,23249.3,41895.5,
Q96F15;Q96F15-2,Q96F15;Q96F15-2,GIMA5_HUMAN,GIMAP5,,,,20432.2,
Q96F24,Q96F24;Q96F24-2,NRBF2_HUMAN,NRBF2,,,1972.74,3990.98,
Q96F25,Q96F25,ALG14_HUMAN,ALG14,,,,,
Q96F44;Q96F44-3,Q96F44;Q96F44-2;Q96F44-3,TRI11_HUMAN,TRIM11,,,73888.75,,
Q96F46;Q96F46-2,Q96F46;Q96F46-2,I17RA_HUMAN,IL17RA,,48350.3,15265.2,18834.8,
Q96F63,Q96F63,CCD97_HUMAN,CCDC97,,,,54888.45,6924.34
Q96F85;Q96F85-2,Q96F85;Q96F85-2,CNRP1_HUMAN,CNRIP1,,,1577.11,2834.755,5196.655
Q96F86,Q96F86,EDC3_HUMAN,EDC3,,30941.5,2884.22,21780.1,
Q96FE5;Q96FE5-2,Q96FE5;Q96FE5-2,LIGO1_HUMAN,LINGO1,,,,,
Q96FE7,Q96FE7;Q96FE7-3;Q96FE7-5,P3IP1_HUMAN,PIK3IP1,3528.67,292535.0,10466.65,13381.7,798.337
Q96FH0;Q96FH0-2,Q96FH0;Q96FH0-2,BORC8_HUMAN,BORCS8,,,,6714.64,
Q96FI4,Q96FI4,NEIL1_HUMAN,NEIL1,,,,,
Q96FJ0;Q96FJ0-2,Q96FJ0;Q96FJ0-2,STALP_HUMAN,STAMBPL1,,,,,
Q96FJ2,P63167;Q96FJ2,DYL2_HUMAN,DYNLL2,,7455.69,,,7235.69
Q96FK6,Q96FK6,WDR89_HUMAN,WDR89,,,,,
Q96FN4,Q96FN4,CPNE2_HUMAN,CPNE2,,10367.4,29261.0,20791.6,
Q96FN9,Q96FN9,DTD2_HUMAN,DTD2,,,,,
Q96FQ6,Q96FQ6,S10AG_HUMAN,S100A16,,,10800.3,3492.35,11608.8
Q96FS4,Q96FS4,SIPA1_HUMAN,SIPA1,,,7548.04,24254.2,1894.5
Q96FV2;Q96FV2-2,Q96FV2;Q96FV2-2,SCRN2_HUMAN,SCRN2,,,,7713.030000000001,
Q96FV9,Q96FV9,THOC1_HUMAN,THOC1,,,83854.45,,
Q96FW1,Q96FW1;Q96FW1-2,OTUB1_HUMAN,OTUB1,38944.4,,53703.6,79236.4,
Q96FX2,Q96FX2,DPH3_HUMAN,DPH3,,,,,
Q96FX7,Q96FX7,TRM61_HUMAN,TRMT61A,,,,,
Q96FZ2,Q96FZ2,HMCES_HUMAN,HMCES,,,,,
Q96FZ7,Q96FZ7,CHMP6_HUMAN,CHMP6,,,15292.2,40802.1,25674.7
Q96G01;Q96G01-3,Q96G01;Q96G01-3;Q96G01-4,BICD1_HUMAN,BICD1,,,,,
Q96G03,Q96G03;Q96G03-2,PGM2_HUMAN,PGM2,31681.2,,17378.9,78381.1,13043.4
Q96G21,Q96G21,IMP4_HUMAN,IMP4,,,,,
Q96G23,Q96G23,CERS2_HUMAN,CERS2,,,,,11747.0
Q96G25;Q96G25-2,Q96G25;Q96G25-2;Q96G25-3,MED8_HUMAN,MED8,,,,,
Q96G28;Q96G28-2,Q96G28;Q96G28-2,CFA36_HUMAN,CFAP36,,,,,
Q96G46,Q96G46;Q96G46-3,DUS3L_HUMAN,DUS3L,,,,,
Q96G74;Q96G74-3;Q96G74-5,Q96G74;Q96G74-2;Q96G74-3;Q96G74-5,OTUD5_HUMAN,OTUD5,,,,,
Q96G91,Q96G91,P2Y11_HUMAN,P2RY11,,,,,
Q96G97-4,Q96G97;Q96G97-4;Q96G97-3,BSCL2_HUMAN,BSCL2,,,22696.7,,137453.0
Q96GA3,Q96GA3,LTV1_HUMAN,LTV1,,,,,
Q96GA7,Q96GA7,SDSL_HUMAN,SDSL,,,2866.17,,
Q96GC5;Q96GC5-3,Q96GC5;Q96GC5-3,RM48_HUMAN,MRPL48,,,,6014.825,
Q96GC9,Q96GC9;Q96GC9-2,VMP1_HUMAN,VMP1,,,,10479.1,
Q96GD0,Q96GD0,PLPP_HUMAN,PDXP,,,21880.9,21378.2,20498.3
Q96GE4;Q96GE4-2,Q96GE4;Q96GE4-2,CEP95_HUMAN,CEP95,,,,,
Q96GE9;Q96GE9-2,Q96GE9;Q96GE9-2,DMAC1_HUMAN,DMAC1,,,,,
Q96GG9,Q96GG9,DCNL1_HUMAN,DCUN1D1,,,,32133.25,5313.41
Q96GI7,Q96GI7,FA89A_HUMAN,FAM89A,,,,,
Q96GJ1;Q96GJ1-2;Q96GJ1-3,Q96GJ1;Q96GJ1-2;Q96GJ1-3,TRM2B_HUMAN,TRMT2B,,,,,
Q96GK7,Q96GK7;Q6P2I3,FAH2A_HUMAN,FAHD2A,,,3813.22,14199.4,2481.96
Q96GM5,Q96GM5;Q96GM5-2,SMRD1_HUMAN,SMARCD1,,,17575.3,5230.35,
Q96GM8,Q96GM8;Q96GM8-2,TOE1_HUMAN,TOE1,,,8715.99,,
Q96GQ5,Q96GQ5;Q96GQ5-2,RUSF1_HUMAN,RUSF1,,,,8136.780000000001,
Q96GQ7,Q96GQ7,DDX27_HUMAN,DDX27,,,419918.0,20169.1,
Q96GR2,Q96GR2,ACBG1_HUMAN,ACSBG1,,,,,
Q96GS4,Q96GS4,BORC6_HUMAN,BORCS6,,,4376.975,8370.445,3790.77
Q96GS6;Q96GS6-2,Q96GS6;Q96GS6-2;Q96GS6-3,AB17A_HUMAN,ABHD17A,,,,9722.59,
Q96GW7,Q96GW7;Q96GW7-2,PGCB_HUMAN,BCAN,,40271.9,41473.9,,
Q96GW9,Q96GW9,SYMM_HUMAN,MARS2,,,,,38308.2
Q96GX2,Q96GX2,A7L3B_HUMAN,ATXN7L3B,,,,,
Q96GX5-2,Q96GX5;Q96GX5-2;Q96GX5-3,GWL_HUMAN,MASTL,,,,,
Q96GX9,Q96GX9,MTNB_HUMAN,APIP,,,22273.9,8719.495,12712.45
Q96GY3,Q96GY3,LIN37_HUMAN,LIN37,,,,,
Q96GZ6-5;Q96GZ6-6;Q96GZ6-9,Q96GZ6;Q96GZ6-2;Q96GZ6-3;Q96GZ6-4;Q96GZ6-5;Q96GZ6-6;Q96GZ6-9,S41A3_HUMAN,SLC41A3,9356.32,,,,
Q96H15;Q96H15-2,Q96H15;Q96H15-2,TIMD4_HUMAN,TIMD4,66728.3,32098.6,37350.9,33233.9,10652.17
Q96H20,Q96H20,SNF8_HUMAN,SNF8,,,,18375.4,
Q96H78,Q96H78,S2544_HUMAN,SLC25A44,745.195,20762.6,,,
Q96H79,Q96H79,ZCCHL_HUMAN,ZC3HAV1L,,,7242.83,11675.6,
Q96H96;Q96H96-3;Q96H96-4;Q96H96-5;Q96H96-6,Q96H96;Q96H96-3;Q96H96-4;Q96H96-5;Q96H96-6,COQ2_HUMAN,COQ2,,,,,
Q96HA1,A8CG34;Q96HA1;Q96HA1-2;A6NF01;Q96HA1-3;A8CG34-2,P121A_HUMAN,POM121,,12213.25,,7908.66,
Q96HA4;Q96HA4-4;Q96HA4-5,Q96HA4;Q96HA4-4;Q96HA4-5,CA159_HUMAN,C1orf159,,,,,
Q96HA7;Q96HA7-2,Q96HA7;Q96HA7-2,TONSL_HUMAN,TONSL,,,,7599.85,
Q96HC4,Q96HC4;Q96HC4-3;Q96HC4-2;Q96HC4-4;Q96HC4-6;Q96HC4-7,PDLI5_HUMAN,PDLIM5,,139191.0,80453.0,223273.0,24147.7
Q96HC4-3,Q96HC4-3,PDLI5_HUMAN,PDLIM5,,6517.14,,1509.85,1104.79
Q96HD1,Q96HD1,CREL1_HUMAN,CRELD1,4118.98,64647.7,13853.6,26424.2,7465.505
Q96HE7,Q96HE7,ERO1A_HUMAN,ERO1A,,,23427.3,410079.0,89997.75
Q96HH6;Q96HH6-2,Q96HH6;Q96HH6-2,TMM19_HUMAN,TMEM19,,,,,
Q96HH9,Q96HH9;Q96HH9-2;Q96HH9-3;Q96HH9-4;Q96HH9-5,GRM2B_HUMAN,GRAMD2B,,,,,
Q96HJ9,Q96HJ9,FMC1_HUMAN,FMC1,,,,,
Q96HJ9-2,Q9Y383;Q96HJ9-2;Q9Y383-2;Q9Y383-3,FMC1_HUMAN,FMC1,,,4253.39,17104.4,
Q96HM7,Q96HM7,PED1B_HUMAN,PCED1B,,,,,
Q96HN2;Q96HN2-2,O43865;Q96HN2;O43865-2;Q96HN2-2;Q96HN2-3;Q96HN2-4,SAHH3_HUMAN,AHCYL2,,,42601.8,125354.0,15832.7
Q96HP0,Q96HP0,DOCK6_HUMAN,DOCK6,,,,,
Q96HP4,Q96HP4,OXND1_HUMAN,OXNAD1,,,,,
Q96HR3;Q96HR3-2,Q96HR3;Q96HR3-2,MED30_HUMAN,MED30,,,,,
Q96HR9;Q96HR9-2,Q96HR9;Q96HR9-2,REEP6_HUMAN,REEP6,,,,21624.4,
Q96HS1,Q96HS1,PGAM5_HUMAN,PGAM5,,,7119.26,17591.0,7322.6
Q96HU1;Q96HU1-2,Q96HU1;Q96HU1-2,SGSM3_HUMAN,SGSM3,,,,,
Q96HV5,Q96HV5,TM41A_HUMAN,TMEM41A,,,,,
Q96HW7,Q96HW7;Q96HW7-3,INT4_HUMAN,INTS4,,,,,
Q96HY6,Q96HY6;Q96HY6-2,DDRGK_HUMAN,DDRGK1,,18546.8,7819.95,17166.8,9335.28
Q96HY7,Q96HY7,DHTK1_HUMAN,DHTKD1,,,,,
Q96I15,Q96I15;Q96I15-2,SCLY_HUMAN,SCLY,,,62655.3,18500.4,12018.1
Q96I24,Q96I24,FUBP3_HUMAN,FUBP3,10499.8,,,,
Q96I25,Q96I25,SPF45_HUMAN,RBM17,,,,,
Q96I36,Q96I36,COX14_HUMAN,COX14,,,,,
Q96I51,Q96I51;Q96I51-2;Q96I51-3,RCC1L_HUMAN,RCC1L,,,,,
Q96I59,Q96I59;Q96I59-2,SYNM_HUMAN,NARS2,,,,7279.21,
Q96I82;Q96I82-2,Q96I82;Q96I82-2,KAZD1_HUMAN,KAZALD1,,,24575.2,,
Q96I99,Q96I99;Q96I99-2,SUCB2_HUMAN,SUCLG2,,,8079.815000000001,12395.3,7384.065000000001
Q96IG2,Q9UKC9;Q96IG2;Q9UKC9-2;Q96IG2-2,FXL20_HUMAN,FBXL20,,,18118.9,32443.4,6154.639999999999
Q96II8;Q96II8-4,Q96II8;Q96II8-2;Q96II8-3;Q96II8-4,LRCH3_HUMAN,LRCH3,,,8070.25,28636.25,
Q96IJ6,Q96IJ6;Q96IJ6-2,GMPPA_HUMAN,GMPPA,,,16178.5,36225.7,4083.26
Q96IK0,Q96IK0,TM101_HUMAN,TMEM101,,,,,
Q96IK5,Q8NEA9;Q96IK5,GMCL1_HUMAN,GMCL1,,,,,
Q96IU4,Q96IU4;Q96IU4-2,ABHEB_HUMAN,ABHD14B,,,12356.45,26638.8,6820.215
Q96IV0,Q96IV0;Q96IV0-3;Q96IV0-5,NGLY1_HUMAN,NGLY1,,,23503.15,30111.0,
Q96IW7,Q96IW7,SC22A_HUMAN,SEC22A,,,,7836.110000000001,
Q96IX5,Q96IX5,ATPMK_HUMAN,ATP5MK,,,7778.44,39710.4,14836.6
Q96IY1,Q96IY1,NSL1_HUMAN,NSL1,,,,,
Q96IY4,Q96IY4;Q96IY4-2,CBPB2_HUMAN,CPB2,218259.0,176109.0,135989.0,186781.0,2257660.0
Q96IZ0,Q96IZ0,PAWR_HUMAN,PAWR,,,29802.5,10431.9,6129.959999999999
Q96IZ7;Q96IZ7-2,Q96IZ7;Q96IZ7-2,RSRC1_HUMAN,RSRC1,,,,,
Q96J01,Q96J01;Q96J01-2,THOC3_HUMAN,THOC3,,,,,
Q96J02;Q96J02-2,Q96J02;Q96J02-2;Q96J02-3,ITCH_HUMAN,ITCH,,,22923.5,19621.7,
Q96J42;Q96J42-2,Q96J42;Q96J42-2,TXD15_HUMAN,TXNDC15,5987.09,50547.1,77086.8,5199.545,
Q96J65;Q96J65-2;Q96J65-3;Q96J65-5,Q96J65;Q96J65-2;Q96J65-3;Q96J65-5,MRP9_HUMAN,ABCC12,,,,,
Q96J84;Q96J84-2,Q96J84;Q96J84-2;Q96J84-3,KIRR1_HUMAN,KIRREL1,,,,5557.69,
Q96JA1;Q96JA1-2,Q96JA1;Q96JA1-2,LRIG1_HUMAN,LRIG1,46502.3,367306.5,,1449910.0,76992.0
Q96JA3,Q96JA3;O95397;Q96JA3-2;Q96JA3-3,PKHA8_HUMAN,PLEKHA8,,,,,
Q96JB2,Q96JB2,COG3_HUMAN,COG3,,,,11933.6,
Q96JB5,Q96JB5;Q96JB5-2;Q96JB5-3;Q96JB5-4,CK5P3_HUMAN,CDK5RAP3,14608.8,,6823.71,24679.7,8236.09
Q96JC1;Q96JC1-2,Q96JC1;Q96JC1-2,VPS39_HUMAN,VPS39,,,5083.92,24623.9,21055.5
Q96JC9,Q96JC9,EAF1_HUMAN,EAF1,,,,,
Q96JD6;Q96JD6-2;Q96JD6-3;Q96JD6-4,Q96JD6;Q96JD6-2;Q96JD6-3;Q96JD6-4;Q96JD6-5,AKCL2_HUMAN,AKR1E2,,,,,
Q96JE9,Q96JE9;Q96JE9-2;Q96JE9-3,MAP6_HUMAN,MAP6,,,,,
Q96JF0;Q96JF0-2,Q96JF0;Q96JF0-2,SIAT2_HUMAN,ST6GAL2,,28721.1,4501.825,9951.5,15706.1
Q96JG6,Q96JG6;Q96JG6-3,VPS50_HUMAN,VPS50,12616.2,,,6258.610000000001,3254.43
Q96JH7,Q96JH7,VCIP1_HUMAN,VCPIP1,,,7522.295,25834.6,7662.93
Q96JH8;Q96JH8-1,Q96JH8;Q96JH8-1,RADIL_HUMAN,RADIL,,,,,
Q96JI7,Q96JI7;Q96JI7-2;Q96JI7-3,SPTCS_HUMAN,SPG11,,,39527.9,,
Q96JJ3,Q96JJ3,ELMO2_HUMAN,ELMO2,,,,57112.1,
Q96JJ7,Q96JJ7;Q96JJ7-2,TMX3_HUMAN,TMX3,,,15545.5,94242.0,24854.5
Q96JK2;Q96JK2-3,Q96JK2;Q96JK2-2;Q96JK2-3,DCAF5_HUMAN,DCAF5,,,,15279.6,16218.8
Q96JK4,Q96JK4;Q96JK4-2,HIPL1_HUMAN,HHIPL1,,,,,18157.5
Q96JM3,Q96JM3,CHAP1_HUMAN,CHAMP1,,,,14675.8,
Q96JM7;Q96JM7-2,Q96JM7;Q96JM7-2,LMBL3_HUMAN,L3MBTL3,,,,,
Q96JN0-3,Q96JN0-3,LCOR_HUMAN,LCOR,,,,,
Q96JN2;Q96JN2-4,Q96JN2;Q96JN2-2;Q96JN2-4,CC136_HUMAN,CCDC136,,,,,
Q96JN8;Q96JN8-2,Q96JN8;Q96JN8-2,NEUL4_HUMAN,NEURL4,,,,,
Q96JP5;Q96JP5-2,Q96JP5;Q96JP5-2,ZFP91_HUMAN,ZFP91,,,,,
Q96JQ2,Q96JQ2,CLMN_HUMAN,CLMN,,,,,
Q96JX3,Q96JX3,SRAC1_HUMAN,SERAC1,,,,26762.8,3859.31
Q96JY6-2,Q96JY6-2,PDLI2_HUMAN,PDLIM2,,798850.0,,1771300.0,
Q96JY6-5,Q96JY6;Q96JY6-5,PDLI2_HUMAN,PDLIM2,,,,,
Q96JZ2,Q96JZ2;Q96JZ2-2,HSH2D_HUMAN,HSH2D,,,,,
Q96K12,Q96K12,FACR2_HUMAN,FAR2,,,,,
Q96K17,Q96K17;Q96K17-2,BT3L4_HUMAN,BTF3L4,,20229.3,26685.25,21893.65,27293.3
Q96K19,Q96K19;Q96K19-5;Q96K19-2;Q96K19-3,RN170_HUMAN,RNF170,,,2901.02,8527.1,4474.110000000001
Q96K21,Q96K21;Q96K21-2;Q96K21-4,ANCHR_HUMAN,ZFYVE19,,166944.0,126496.5,167099.0,214754.0
Q96K21-3,Q96K21-3,ANCHR_HUMAN,ZFYVE19,,,,7174.69,
Q96K37,Q96K37;Q96K37-2,S35E1_HUMAN,SLC35E1,,,9396.11,23928.3,5359.27
Q96K49;Q96K49-2,Q96K49;Q96K49-2,TM87B_HUMAN,TMEM87B,,,21647.7,29166.0,17636.7
Q96K76-4,Q96K76;Q96K76-2;Q96K76-4,UBP47_HUMAN,USP47,,,22639.7,34162.3,21707.405
Q96KA5;Q96KA5-2,Q96KA5;Q96KA5-2,CLP1L_HUMAN,CLPTM1L,,,,10671.985,
Q96KB5;Q96KB5-2,Q96KB5;Q96KB5-2,TOPK_HUMAN,PBK,,97979.5,,,
Q96KC2,Q96KC2,ARL5B_HUMAN,ARL5B,,,,,
Q96KC8,Q96KC8,DNJC1_HUMAN,DNAJC1,,,1642.42,14999.9,
Q96KF7,Q96KF7,SMIM8_HUMAN,SMIM8,,,,,
Q96KG9-2,Q96KG9;Q96KG9-4;Q96KG9-2;Q96KG9-3;Q96KG9-5;Q96KG9-6,SCYL1_HUMAN,SCYL1,,,13140.5,19111.7,11832.3
Q96KM6,Q96KM6,Z512B_HUMAN,ZNF512B,,,,,2188.82
Q96KN1,Q96KN1,LRAT2_HUMAN,LRATD2,,,,,
Q96KN2,Q96KN2,CNDP1_HUMAN,CNDP1,101764.0,65390.85,1443860.0,407175.0,260019.0
Q96KP1,Q96KP1,EXOC2_HUMAN,EXOC2,,150170.0,10947.85,31217.5,
Q96KP4,Q96KP4;Q96KP4-2,CNDP2_HUMAN,CNDP2,,,37558.7,128443.0,13943.8
Q96KQ7-2,Q96KQ7;Q96KQ7-2,EHMT2_HUMAN,EHMT2,,,,,
Q96KR1,Q96KR1,ZFR_HUMAN,ZFR,,,18805.0,,
Q96KR6,Q96KR6,F210B_HUMAN,FAM210B,,,,6050.79,
Q96KR7;Q96KR7-2;Q96KR7-3;Q96KR7-4,Q96KR7;Q96KR7-2;Q96KR7-3;Q96KR7-4,PHAR3_HUMAN,PHACTR3,,,,,
Q96L08,Q96L08;Q96L08-2;Q96L08-3,SUSD3_HUMAN,SUSD3,,,7316.51,16772.15,6342.35
Q96L46,Q96L46,CPNS2_HUMAN,CAPNS2,,,,55758.75,14322.1
Q96L58,Q96L58,B3GT6_HUMAN,B3GALT6,,,,,20597.4
Q96L73;Q96L73-3,Q96L73;Q96L73-3,NSD1_HUMAN,NSD1,,,,,
Q96L91;Q96L91-2;Q96L91-3;Q96L91-5,Q96L91;Q96L91-2;Q96L91-3;Q96L91-4;Q96L91-5,EP400_HUMAN,EP400,,2703900.0,,200480.0,13341.0
Q96L92,Q96L92;Q96L92-2;Q96L92-3,SNX27_HUMAN,SNX27,,,,5966.41,1349.98
Q96L93;Q96L93-4,Q96L93;Q96L93-6;Q96L93-2;Q96L93-4;Q96L93-5,KI16B_HUMAN,KIF16B,,,,,
Q96L94,Q96L94;Q9Y343;Q96L94-2;Q9Y343-2,SNX22_HUMAN,SNX22,,,,18930.2,8831.51
Q96LA8,Q96LA8;Q96LA8-2,ANM6_HUMAN,PRMT6,,,,,
Q96LB3,Q96LB3;Q96LB3-2,IFT74_HUMAN,IFT74,,,,,
Q96LC7-3;Q96LC7-6,Q96LC7;Q96LC7-2;Q96LC7-3;Q96LC7-5;Q96LC7-6;Q96LC7-7;Q96LC7-8;Q96LC7-9,SIG10_HUMAN,SIGLEC10,15556.3,,,11625.2,
Q96LD4,Q96LD4,TRI47_HUMAN,TRIM47,,,12961.4,,
Q96LI5,Q96LI5;Q96LI5-2,CNO6L_HUMAN,CNOT6L,,,,8102.415,
Q96LJ7,Q96LJ7,DHRS1_HUMAN,DHRS1,,,15003.0,30276.35,
Q96LL9,Q96LL9,DJC30_HUMAN,DNAJC30,,,,,
Q96LT7,Q96LT7,CI072_HUMAN,C9orf72,,,,7772.52,
Q96LT9;Q96LT9-2,Q96LT9;Q96LT9-2,RNPC3_HUMAN,RNPC3,,,,,
Q96LW4;Q96LW4-2,Q96LW4;Q96LW4-2,PRIPO_HUMAN,PRIMPOL,,,,,
Q96LW7-2,Q96LW7;Q96LW7-2,CAR19_HUMAN,CARD19,,,,14513.9,
Q96LZ7,Q96LZ7;Q96LZ7-2;Q96LZ7-3;Q96LZ7-4,RMD2_HUMAN,RMDN2,,,,7830.88,
Q96M20-3,Q96M20-3,CNBD2_HUMAN,CNBD2,,,39721.9,,70728.2
Q96M27;Q96M27-2;Q96M27-3,Q96M27;Q96M27-2;Q96M27-3,PRRC1_HUMAN,PRRC1,,,5195.285,36935.8,7007.53
Q96M96,Q96M96,FGD4_HUMAN,FGD4,,,6384.21,40124.7,18625.6
Q96MD2,Q96MD2,KICS2_HUMAN,KICS2,,,,,
Q96ME1,Q96ME1;Q96ME1-1;Q96ME1-2;Q96ME1-5,FXL18_HUMAN,FBXL18,,,20633.8,30727.9,
Q96ME7;Q96ME7-3,Q96ME7;Q96ME7-2;Q96ME7-3,ZN512_HUMAN,ZNF512,15265.65,9768.119999999999,31526.2,22786.9,22310.3
Q96MF7,Q96MF7,NSE2_HUMAN,NSMCE2,,,,,
Q96MG7,Q96MG7,NSE3_HUMAN,NSMCE3,,,,,
Q96MG8,Q96MG8;Q96MG8-2,PCMD1_HUMAN,PCMTD1,,,,,
Q96MH2,Q96MH2,HEXI2_HUMAN,HEXIM2,,,3959.06,2712.12,
Q96MH6,Q96MH6,TMM68_HUMAN,TMEM68,,,,31781.7,10618.3
Q96MI6,Q96MI6;Q96MI6-1;Q96MI6-3;Q96MI6-4,PPM1M_HUMAN,PPM1M,,,,9355.39,
Q96MI6-2,Q96MI6-2,PPM1M_HUMAN,PPM1M,,,18740.4,,
Q96MK2,Q96MK2;Q96MK2-2,RIPR3_HUMAN,RIPOR3,,,19169.5,44796.5,18424.9
Q96MT3,Q96MT3,PRIC1_HUMAN,PRICKLE1,,,,,
Q96MT8-3;Q96MT8-4,Q96MT8;Q96MT8-3;Q96MT8-2;Q96MT8-4,CEP63_HUMAN,CEP63,,,,,
Q96MU7,Q96MU7;Q96MU7-2,YTDC1_HUMAN,YTHDC1,,,3330.78,,
Q96MU8;Q96MU8-2;Q96MU8-3,Q96MU8;Q96MU8-2;Q96MU8-3,KREM1_HUMAN,KREMEN1,,18005.5,,,
Q96MV1,Q96MV1,TLCD4_HUMAN,TLCD4,,,,24875.7,
Q96MV8;Q96MV8-2;Q96MV8-3,Q96MV8;Q96MV8-2;Q96MV8-3,ZDH15_HUMAN,ZDHHC15,,,,,
Q96MW1,Q96MW1;Q96MW1-2,CCD43_HUMAN,CCDC43,,,8221.91,10124.435,7287.84
Q96MW5,Q96MW5,COG8_HUMAN,COG8,,,2573.28,11697.25,1632.4
Q96MX6,Q96MX6,DAA10_HUMAN,DNAAF10,,,,5169.33,
Q96MY1,Q96MY1;Q96MY1-2,NOL4L_HUMAN,NOL4L,,,,,
Q96N06;Q96N06-2,Q96N06;Q96N06-2,SPT33_HUMAN,SPATA33,,,,,
Q96N11,Q96N11;Q96N11-2,INT15_HUMAN,INTS15,,,,,
Q96N16-2,Q96N16;Q96N16-2;Q96N16-3;Q96N16-4,JKIP1_HUMAN,JAKMIP1,,,,,
Q96N21,Q96N21,AP4AT_HUMAN,TEPSIN,,,,,
Q96N21-2,Q96N21-2,AP4AT_HUMAN,TEPSIN,,,,,
Q96N23,Q96N23;Q96N23-2,CFA54_HUMAN,CFAP54,,,7375.94,52364.8,
Q96N46,Q96N46;Q96N46-2;Q96N46-3,TTC14_HUMAN,TTC14,,,,,
Q96N64,Q96N64;Q96N64-2;Q96N64-3,PWP2A_HUMAN,PWWP2A,,,,,
Q96N66,Q96N66;Q96N66-2;Q96N66-3,MBOA7_HUMAN,MBOAT7,,,,10899.6,21186.5
Q96N67;Q96N67-2;Q96N67-3;Q96N67-4;Q96N67-5;Q96N67-6,Q96N67;Q96N67-2;Q96N67-3;Q96N67-4;Q96N67-5;Q96N67-6,DOCK7_HUMAN,DOCK7,,115024.0,19089.8,56758.55,30577.9
Q96N95-2,Q96N95-2,ZN396_HUMAN,ZNF396,,,13977.75,,16496.1
Q96N96-6,Q96N96;Q96N96-2;Q96N96-3;Q96N96-4;Q96N96-5;Q96N96-6,SPT13_HUMAN,SPATA13,,,,93999.2,
Q96NA2,Q96NA2;Q96NA2-2,RILP_HUMAN,RILP,5695.59,,8838.36,41680.1,14711.1
Q96NB2,Q96NB2,SFXN2_HUMAN,SFXN2,,,12271.4,21588.7,14038.4
Q96NB3,Q96NB3,ZN830_HUMAN,ZNF830,,,,,
Q96ND0,Q96ND0,F210A_HUMAN,FAM210A,,,,,
Q96ND8,Q15072;Q9NYW8;P17032;Q5TYW1;Q6ECI4;Q96ND8;Q96NI8;Q4V348;Q6ECI4-2;Q96NI8-2,ZN583_HUMAN,ZNF583,,,,,
Q96NL6,Q96NL6;Q96NL6-2,SCLT1_HUMAN,SCLT1,,,,,
Q96NR8,Q96NR8,RDH12_HUMAN,RDH12,,,,,
Q96NS1,Q96NS1,YPEL4_HUMAN,YPEL4,,,,,
Q96NT0,Q96NT0,CC115_HUMAN,CCDC115,,,2893.51,10446.7,4291.985
Q96NT1,Q96NT1,NP1L5_HUMAN,NAP1L5,,,,,
Q96NT3-2;Q96NT3-3,Q96NT3;Q96NT3-2;Q96NT3-3,GUCD1_HUMAN,GUCD1,1780.15,,,17229.0,
Q96NT5;Q96NT5-2,Q96NT5;Q96NT5-2,PCFT_HUMAN,SLC46A1,,,,,
Q96NW4,Q96NW4,ANR27_HUMAN,ANKRD27,,,,,
Q96NW7;Q96NW7-2,Q96NW7;Q96NW7-2,LRRC7_HUMAN,LRRC7,,,44079.89999999999,60039.8,19802.75
Q96NY7;Q96NY7-2,Q96NY7;Q96NY7-2,CLIC6_HUMAN,CLIC6,,,1473.49,,
Q96NY8,Q96NY8,NECT4_HUMAN,NECTIN4,,,,,
Q96NZ9-2,Q96NZ9;Q96NZ9-2;Q96NZ9-4,PRAP1_HUMAN,PRAP1,,24486.0,14145.0,,
Q96NZ9-3,Q96NZ9;Q96NZ9-2;Q96NZ9-3;Q96NZ9-4,PRAP1_HUMAN,PRAP1,3591.48,99633.1,22290.1,29030.75,
Q96P11-2,Q96P11;Q96P11-2;Q96P11-4;Q96P11-5,NSUN5_HUMAN,NSUN5,16903.9,43836.0,101197.7,48937.3,348323.0
Q96P16-3,Q96P16;Q96P16-3,RPR1A_HUMAN,RPRD1A,,,,,
Q96P31;Q96P31-2;Q96P31-3;Q96P31-6;Q96P31-7,Q96P31;Q96P31-6;Q96P31-2;Q96P31-3;Q96P31-4;Q96P31-5;Q96P31-7,FCRL3_HUMAN,FCRL3,,,,,
Q96P47;Q96P47-2;Q96P47-4,Q96P47;Q96P47-2;Q96P47-3;Q96P47-4;Q96P47-6,AGAP3_HUMAN,AGAP3,,,,,
Q96P48,Q96P48;Q96P48-1;Q96P48-2;Q96P48-3;Q96P48-4,ARAP1_HUMAN,ARAP1,41262.6,46812.6,51714.7,139522.0,28276.5
Q96P50,Q96P50;Q96P50-1;Q96P50-4,ACAP3_HUMAN,ACAP3,,,,,
Q96P53,Q96P53,WDFY2_HUMAN,WDFY2,,,,18881.9,
Q96P63-2,Q96P63;Q96P63-2,SPB12_HUMAN,SERPINB12,,93661.8,21343.2,30851.05,44902.6
Q96P70,Q96P70,IPO9_HUMAN,IPO9,,,26216.1,33611.8,16354.35
Q96PC5,Q96PC5;Q96PC5-10;Q96PC5-12;Q96PC5-7;Q96PC5-8;Q96PC5-11;Q96PC5-13;Q96PC5-14;Q96PC5-5;Q96PC5-6;Q96PC5-9;Q96RT6,MIA2_HUMAN,MIA2,,,8283.83,14288.6,3919.21
Q96PC5-8,Q96PC5-10;Q96PC5-12;Q96PC5-7;Q96PC5-8,MIA2_HUMAN,MIA2,,,,,
Q96PD2;Q96PD2-2,Q96PD2;Q96PD2-2,DCBD2_HUMAN,DCBLD2,,,,,
Q96PD5,Q96PD5;Q96PD5-2,PGRP2_HUMAN,PGLYRP2,914110.0,225888.0,505614.0,772026.0,995633.0
Q96PE2,Q96PE2,ARHGH_HUMAN,ARHGEF17,,,,,
Q96PE3-3,Q96PE3;Q96PE3-2;Q96PE3-3;Q96PE3-4,INP4A_HUMAN,INPP4A,,,90556.15,4410.9,
Q96PE7,Q96PE7,MCEE_HUMAN,MCEE,,,,17677.3,
Q96PK6,Q96PK6,RBM14_HUMAN,RBM14,,,22648.7,,
Q96PL1,Q96PL1,SG3A2_HUMAN,SCGB3A2,4690.64,60265.55,34227.8,404916.0,9573.645
Q96PL5,Q96PL5,ERMAP_HUMAN,ERMAP,,,13129.265,109105.0,34763.7
Q96PM5;Q96PM5-6,Q96PM5;Q96PM5-4;Q96PM5-3;Q96PM5-6;Q96PM5-7,ZN363_HUMAN,RCHY1,,,4467.02,14156.5,
Q96PN7;Q96PN7-4;Q96PN7-5,Q96PN7;Q96PN7-2;Q96PN7-3;Q96PN7-4;Q96PN7-5,TREF1_HUMAN,TRERF1,,,,,
Q96PP8,Q96PP8;Q96PP8-2,GBP5_HUMAN,GBP5,,,,,
Q96PP9,Q8N8V2;Q96PP9,GBP4_HUMAN,GBP4,,7748.47,,30585.5,17046.4
Q96PQ7;Q96PQ7-2;Q96PQ7-3;Q96PQ7-4;Q96PQ7-5;Q96PQ7-6,Q96PQ7;Q96PQ7-2;Q96PQ7-3;Q96PQ7-4;Q96PQ7-5;Q96PQ7-6,KLHL5_HUMAN,KLHL5,,,,,
Q96PU4,Q96PU4;Q96PU4-2,UHRF2_HUMAN,UHRF2,,,,132478.15,13399.9
Q96PU5;Q96PU5-2;Q96PU5-5;Q96PU5-6;Q96PU5-7,Q96PU5;Q96PU5-2;Q96PU5-3;Q96PU5-4;Q96PU5-5;Q96PU5-6;Q96PU5-7;Q96PU5-9,NED4L_HUMAN,NEDD4L,,13046.2,,,
Q96PU8;Q96PU8-3;Q96PU8-5;Q96PU8-6;Q96PU8-8;Q96PU8-9,Q96PU8;Q96PU8-3;Q96PU8-5;Q96PU8-6;Q96PU8-8;Q96PU8-9,QKI_HUMAN,QKI,,,,16852.7,
Q96PV0,Q96PV0;Q96PV0-2;Q96PV0-3;Q96PV0-4,SYGP1_HUMAN,SYNGAP1,,,,,
Q96PV6,Q96PV6;Q96PV6-1,LENG8_HUMAN,LENG8,,,,,
Q96PX8,Q96PX8,SLIK1_HUMAN,SLITRK1,4064.77,,31526.8,14071.3,
Q96PY6;Q96PY6-3,Q96PY6;Q96PY6-2;Q96PY6-3;Q96PY6-4;Q96PY6-6,NEK1_HUMAN,NEK1,,,,14487.7,
Q96PZ0;Q96PZ0-2,Q96PZ0;Q96PZ0-2,PUS7_HUMAN,PUS7,,,,,
Q96PZ2,Q96PZ2,F111A_HUMAN,FAM111A,,,38761.1,132528.0,39612.65
Q96PZ7,Q96PZ7;Q96PZ7-2,CSMD1_HUMAN,CSMD1,,,,,
Q96Q04,Q96Q04,LMTK3_HUMAN,LMTK3,,,4198.56,,
Q96Q05;Q96Q05-2;Q96Q05-3,Q96Q05;Q96Q05-2;Q96Q05-3,TPPC9_HUMAN,TRAPPC9,590.065,,18741.6,38254.5,11276.45
Q96Q06,Q96Q06,PLIN4_HUMAN,PLIN4,,17890.8,40693.6,12843.9,11876.7
Q96Q07,Q96Q07;Q96Q07-2;Q96Q07-3,BTBD9_HUMAN,BTBD9,,,,,
Q96Q11;Q96Q11-2,Q96Q11;Q96Q11-2,TRNT1_HUMAN,TRNT1,,,15174.4,12877.6,42680.9
Q96Q15,Q96Q15;Q96Q15-2;Q96Q15-3;Q96Q15-4,SMG1_HUMAN,SMG1,,,,9269.72,9132.92
Q96Q42,Q96Q42;Q96Q42-3,ALS2_HUMAN,ALS2,,,,40039.1,16547.7
Q96Q45;Q96Q45-2;Q96Q45-3;Q96Q45-5,Q96Q45;Q96Q45-2;Q96Q45-3;Q96Q45-4;Q96Q45-5,TM237_HUMAN,TMEM237,,,,,
Q96Q83,Q96Q83;Q96Q83-2,ALKB3_HUMAN,ALKBH3,,,4552.5,,
Q96QA5,Q96QA5,GSDMA_HUMAN,GSDMA,24460.5,,18114.85,58830.15,55319.5
Q96QC0,Q96QC0,PP1RA_HUMAN,PPP1R10,,,2215.82,,
Q96QD9,Q96QD9;Q96QD9-2;Q96QD9-3,UIF_HUMAN,FYTTD1,,,,,2548.32
Q96QE2,Q96QE2,MYCT_HUMAN,SLC2A13,,,,,
Q96QE5,Q96QE5;Q96QE5-4,TEFM_HUMAN,TEFM,,,,,
Q96QF0;Q96QF0-2;Q96QF0-3;Q96QF0-4,Q96QF0;Q96QF0-7;Q96QF0-2;Q96QF0-3;Q96QF0-4;Q96QF0-5;Q96QF0-6;Q96QF0-8,RAB3I_HUMAN,RAB3IP,,,,,
Q96QG7,Q96QG7;Q96QG7-2,MTMR9_HUMAN,MTMR9,,,1553.24,11715.055,
Q96QH2,Q96QH2,PRAM_HUMAN,PRAM1,,,,18622.5,6612.24
Q96QK1,Q96QK1,VPS35_HUMAN,VPS35,,,22186.5,58170.2,10976.6
Q96QP1;Q96QP1-2,Q96QP1;Q96QP1-2,ALPK1_HUMAN,ALPK1,,,,,
Q96QR1,Q96QR1,SG3A1_HUMAN,SCGB3A1,7001.41,346373.0,74509.4,272950.0,12831.7
Q96QR8,Q96QR8,PURB_HUMAN,PURB,,,4281.934999999999,6333.305,1376.4
Q96QS1;Q96QS1-2,Q96QS1;Q96QS1-2,TSN32_HUMAN,TSPAN32,,25747.7,12604.3,37239.8,13298.3
Q96QT4,Q96QT4,TRPM7_HUMAN,TRPM7,,,97383.5,225685.5,270297.0
Q96QT6,Q96QT6;Q96QT6-2;Q96QT6-3;Q96QT6-4;Q96QT6-5,PHF12_HUMAN,PHF12,,,,,
Q96QU8,Q96QU8;Q96QU8-2,XPO6_HUMAN,XPO6,,,6081.08,9169.85,
Q96QZ7-2;Q96QZ7-6;Q96QZ7-7,Q96QZ7;Q96QZ7-2;Q96QZ7-6;Q96QZ7-7,MAGI1_HUMAN,MAGI1,,,,,
Q96R05,Q96R05,RET7_HUMAN,RBP7,,,,13676.0,
Q96RD7;Q96RD7-2,Q96RD7;Q96RD7-2,PANX1_HUMAN,PANX1,12149.5,,15239.0,11027.55,10393.405
Q96RD9;Q96RD9-3,Q96RD9;Q96RD9-3;Q96RD9-4;Q96RD9-5,FCRL5_HUMAN,FCRL5,891.455,,3861.8,2773.49,1695.935
Q96RE7,Q96RE7,NACC1_HUMAN,NACC1,,,,13824.5,
Q96RF0-2,Q96RF0;Q96RF0-2;Q96RF0-3,SNX18_HUMAN,SNX18,48361.3,,4554.36,6936.63,
Q96RG2;Q96RG2-2,Q96RG2;Q96RG2-2;Q96RG2-4,PASK_HUMAN,PASK,2504.23,10888.165,,40086.0,8334.73
Q96RI0,Q96RI0,PAR4_HUMAN,F2RL3,,,18283.7,69667.5,18817.5
Q96RK0,Q96RK0,CIC_HUMAN,CIC,,,,,
Q96RK4-2,Q96RK4;Q96RK4-2,BBS4_HUMAN,BBS4,54706.6,281206.0,,34661.8,
Q96RL1,Q96RL1;Q96RL1-2;Q96RL1-3,UIMC1_HUMAN,UIMC1,,,,,
Q96RL7,Q96RL7;Q96RL7-2;Q96RL7-3;Q96RL7-4,VP13A_HUMAN,VPS13A,19139.855,,19960.9,66167.8,20809.9
Q96RL7-4,Q96RL7-4,VP13A_HUMAN,VPS13A,,,,,
Q96RM1,P22531;Q96RM1,SPR2F_HUMAN,SPRR2F,,,,14331.9,10650.5
Q96RP9,Q96RP9;Q96RP9-2,EFGM_HUMAN,GFM1,19238.3,,4258.22,7313.985000000001,
Q96RQ1,Q96RQ1,ERGI2_HUMAN,ERGIC2,,,,,
Q96RQ3,Q96RQ3,MCCA_HUMAN,MCCC1,,,3180.69,11306.0,3277.75
Q96RQ9;Q96RQ9-2,Q96RQ9;Q96RQ9-2,OXLA_HUMAN,IL4I1,,,,29350.7,
Q96RR1,Q96RR1;Q96RR1-2;Q96RR1-3,PEO1_HUMAN,TWNK,,,,53495.9,
Q96RR4;Q96RR4-2;Q96RR4-3;Q96RR4-4;Q96RR4-5;Q96RR4-6;Q96RR4-7,Q96RR4;Q96RR4-2;Q96RR4-3;Q96RR4-4;Q96RR4-5;Q96RR4-6;Q96RR4-7,KKCC2_HUMAN,CAMKK2,,80338.8,,177118.0,1246.48
Q96RS0,Q96RS0,TGS1_HUMAN,TGS1,,,,,
Q96RS6,Q96RS6;Q96RS6-2;Q96RS6-3,NUDC1_HUMAN,NUDCD1,,,,16531.82,
Q96RT1;Q96RT1-2;Q96RT1-3;Q96RT1-4;Q96RT1-5;Q96RT1-6;Q96RT1-7;Q96RT1-8;Q96RT1-9,Q96RT1;Q96RT1-2;Q96RT1-3;Q96RT1-4;Q96RT1-5;Q96RT1-6;Q96RT1-7;Q96RT1-8;Q96RT1-9,ERBIN_HUMAN,ERBIN,,,58233.9,132219.0,19952.8
Q96RT7;Q96RT7-3,Q96RT7;Q96RT7-2;Q96RT7-3,GCP6_HUMAN,TUBGCP6,,,15462.55,8356.12,
Q96RT8;Q96RT8-2,Q96RT8;Q96RT8-2,GCP5_HUMAN,TUBGCP5,,,,15702.6,
Q96RU2,Q96RU2;Q96RU2-2;Q96RU2-3,UBP28_HUMAN,USP28,,,,,
Q96RU3-2;Q96RU3-5,Q96RU3;Q96RU3-2;Q96RU3-3;Q96RU3-4;Q96RU3-5,FNBP1_HUMAN,FNBP1,,,5792.275,8500.39,5745.06
Q96RV3-4,Q96RV3;Q96RV3-3;Q96RV3-4,PCX1_HUMAN,PCNX1,,,,,
Q96RW7;Q96RW7-2,Q96RW7;Q96RW7-2,HMCN1_HUMAN,HMCN1,,,,5021.08,
Q96S06,Q96S06,LMF1_HUMAN,LMF1,,,,8320.0,1719.37
Q96S15,Q96S15,WDR24_HUMAN,WDR24,,,,,
Q96S19,Q96S19;Q96S19-2;Q96S19-3;Q96S19-4;Q96S19-5;Q96S19-6,MTL26_HUMAN,METTL26,,,,14487.43,6104.17
Q96S38;Q96S38-2,Q96S38;Q96S38-2,KS6C1_HUMAN,RPS6KC1,,46715.3,,18444.5,
Q96S44,Q96S44,PRPK_HUMAN,TP53RK,,,7613.11,21325.6,3888.675
Q96S52,Q96S52;Q96S52-2,PIGS_HUMAN,PIGS,,,,,
Q96S53;Q96S53-2;Q96S53-3,Q96S53;Q96S53-2;Q96S53-3,TESK2_HUMAN,TESK2,,,,6900.56,
Q96S55;Q96S55-2,Q96S55;Q96S55-2;Q96S55-3,WRIP1_HUMAN,WRNIP1,,,172472.0,29553.45,2573880.0
Q96S59,Q96S59;Q96S59-2;Q96S59-3,RANB9_HUMAN,RANBP9,,,13307.5,20657.4,
Q96S66,Q96S66;Q96S66-2;Q96S66-3,CLCC1_HUMAN,CLCC1,17015.1,14476.5,10274.8,14149.85,3636.39
Q96S82,Q96S82,UBL7_HUMAN,UBL7,,,,4563.005,
Q96S94,Q96S94;Q96S94-5;Q96S94-2;Q96S94-4,CCNL2_HUMAN,CCNL2,,,,,
Q96S96,Q96S96,PEBP4_HUMAN,PEBP4,9051.61,34012.0,16310.9,8839.32,92058.7
Q96S97,Q96S97,MYADM_HUMAN,MYADM,,,11061.8,55181.3,29670.6
Q96S99,Q96S99,PKHF1_HUMAN,PLEKHF1,,,23442.35,50114.55,24638.1
Q96SB3,Q96SB3,NEB2_HUMAN,PPP1R9B,,20127.79,29293.0,76265.65,24559.5
Q96SB4,Q96SB4,SRPK1_HUMAN,SRPK1,,,,,
Q96SB8,Q96SB8;Q96SB8-2,SMC6_HUMAN,SMC6,,,,51976.2,
Q96SD1,Q96SD1;Q96SD1-4,DCR1C_HUMAN,DCLRE1C,,,,,
Q96SI9;Q96SI9-2,Q96SI9;Q96SI9-2,STRBP_HUMAN,STRBP,,,,,
Q96SK2;Q96SK2-2,Q96SK2;Q96SK2-2;Q96SK2-3,TM209_HUMAN,TMEM209,,,,,
Q96SL4,Q96SL4,GPX7_HUMAN,GPX7,,,,19496.175,
Q96SL8,Q96SL8,FIZ1_HUMAN,FIZ1,,,,,2185.875
Q96SM3,Q96SM3,CPXM1_HUMAN,CPXM1,,,,,
Q96SN7,Q96SN7,ORAI2_HUMAN,ORAI2,,,,,
Q96SN8,Q96SN8;Q96SN8-2;Q96SN8-3;Q96SN8-4,CK5P2_HUMAN,CDK5RAP2,194532.0,1035200.0,39288.4,118900.0,110961.0
Q96SQ9;Q96SQ9-2,Q96SQ9;Q96SQ9-2,CP2S1_HUMAN,CYP2S1,,,,,
Q96ST2,Q96ST2;Q96ST2-2;Q96ST2-3,IWS1_HUMAN,IWS1,,,,68245.1,32708.4
Q96ST3,Q96ST3,SIN3A_HUMAN,SIN3A,,,,,
Q96SU4;Q96SU4-2;Q96SU4-6;Q96SU4-7,Q96SU4;Q96SU4-2;Q96SU4-3;Q96SU4-4;Q96SU4-5;Q96SU4-6;Q96SU4-7,OSBL9_HUMAN,OSBPL9,,,8413.35,7813.19,
Q96SW2;Q96SW2-2,Q96SW2;Q96SW2-2,CRBN_HUMAN,CRBN,,,33591.3,21623.4,
Q96SY0,Q96SY0;Q96SY0-3;Q96SY0-4,INT14_HUMAN,INTS14,,,,,
Q96SZ5,Q96SZ5,AEDO_HUMAN,ADO,,63921.6,,3142.66,
Q96SZ6-2,Q96SZ6;Q96SZ6-6;Q96SZ6-2;Q96SZ6-3;Q96SZ6-4,CK5P1_HUMAN,CDK5RAP1,,,,,
Q96T17;Q96T17-2,Q96T17;Q96T17-2;Q96T17-4;Q96T17-5,MA7D2_HUMAN,MAP7D2,,3365.87,,,
Q96T23,Q96T23;Q96T23-2,RSF1_HUMAN,RSF1,,,,,
Q96T37;Q96T37-2;Q96T37-3;Q96T37-4,Q96T37;Q96T37-2;Q96T37-3;Q96T37-4,RBM15_HUMAN,RBM15,,,,12586.2,
Q96T49;Q96T49-2,Q96T49;Q96T49-2,PP16B_HUMAN,PPP1R16B,,,,,
Q96T51,Q96T51;Q96T51-2;Q96T51-3,RUFY1_HUMAN,RUFY1,,49690.9,40403.2,57148.0,9840.985
Q96T58,Q96T58,MINT_HUMAN,SPEN,,,20023.0,181459.0,
Q96T60,Q96T60;Q96T60-2,PNKP_HUMAN,PNKP,,,28676.2,,35363.1
Q96T66,Q96T66;Q96T66-2;Q96T66-3,NMNA3_HUMAN,NMNAT3,,,5367.57,19164.4,
Q96T76;Q96T76-8;Q96T76-9,Q96T76;Q96T76-5;Q96T76-8;Q96T76-9,MMS19_HUMAN,MMS19,,126214.0,57278.75,29538.8,27413.9
Q96T83,Q96T83,SL9A7_HUMAN,SLC9A7,,,,,
Q96TA1,Q96TA1;Q96TA1-2,NIBA2_HUMAN,NIBAN2,,65082.835,34132.65,73565.5,17224.55
Q96TA2;Q96TA2-2;Q96TA2-3,Q96TA2;Q96TA2-2;Q96TA2-3,YMEL1_HUMAN,YME1L1,,,,,8735.09
Q96TC7,Q96TC7;Q96TC7-2,RMD3_HUMAN,RMDN3,,,11576.5,18015.5,4700.92
Q99062;Q99062-3,Q99062;Q99062-2;Q99062-3;Q99062-4,CSF3R_HUMAN,CSF3R,,,,,
Q99075,Q99075,HBEGF_HUMAN,HBEGF,,,,,
Q99102;Q99102-10;Q99102-17,Q99102;Q99102-10;Q99102-11;Q99102-15;Q99102-16;Q99102-17;Q99102-2;Q99102-3;Q99102-5;Q99102-7;Q99102-8;Q99102-9,MUC4_HUMAN,MUC4,354.611,,,,
Q99250;Q99250-2,P35499;Q15858;Q99250;Q9NY46;Q15858-2;Q15858-3;Q15858-4;Q99250-2;Q9NY46-2;Q9NY46-3;Q9NY46-4,SCN2A_HUMAN,SCN2A,,,,3686.67,
Q99417,Q99417,MYCBP_HUMAN,MYCBP,,,12182.5,44631.6,8022.18
Q99418;Q99418-2,Q99418;Q99418-2,CYH2_HUMAN,CYTH2,,,17048.9,53122.5,5825.25
Q99426,Q99426;Q99426-2,TBCB_HUMAN,TBCB,,,16279.8,24438.0,
Q99435;Q99435-2;Q99435-3;Q99435-4,Q99435;Q99435-2;Q99435-3;Q99435-4,NELL2_HUMAN,NELL2,,,60855.3,26862.0,
Q99436,Q99436;Q99436-2,PSB7_HUMAN,PSMB7,,,182356.0,98449.4,6434.995
Q99439,Q99439;Q99439-2,CNN2_HUMAN,CNN2,2392.22,30150.7,140212.0,338366.0,20512.3
Q99442,Q99442,SEC62_HUMAN,SEC62,,,8124.99,19601.6,11116.8
Q99447;Q99447-3,Q99447;Q99447-2;Q99447-3;Q99447-4,PCY2_HUMAN,PCYT2,,,8432.34,32855.9,
Q99459,Q99459,CDC5L_HUMAN,CDC5L,2522940.0,444673.0,901199.0,852930.0,423398.0
Q99460,Q99460;Q99460-2,PSMD1_HUMAN,PSMD1,,2829410.0,36342.9,87081.4,1484024.15
Q99466,Q99466;Q99466-2,NOTC4_HUMAN,NOTCH4,,,4411.77,5823.89,
Q99467,Q99467,CD180_HUMAN,CD180,,,,,
Q99470,Q99470,SDF2_HUMAN,SDF2,,,67167.1,195188.0,
Q99471,Q99471;Q99471-2,PFD5_HUMAN,PFDN5,,,8499.62,14685.0,
Q99487,Q99487,PAFA2_HUMAN,PAFAH2,,,,12391.6,
Q99489;Q99489-3,Q99489;Q99489-2;Q99489-3;Q99489-4,OXDD_HUMAN,DDO,,,,,
Q99490-2,Q99490;Q99490-2,AGAP2_HUMAN,AGAP2,,,,28299.2,14636.5
Q99496,Q99496;Q99496-2,RING2_HUMAN,RNF2,,,,,
Q99497,Q99497,PARK7_HUMAN,PARK7,9678.29,8272.29,98522.2,354378.0,33274.2
Q99501,Q99501,GA2L1_HUMAN,GAS2L1,,,16563.2,53323.39999999999,15471.2
Q99504;Q99504-3;Q99504-4;Q99504-5,Q99504;Q99504-2;Q99504-3;Q99504-4;Q99504-5,EYA3_HUMAN,EYA3,,,,,
Q99519,Q99519,NEUR1_HUMAN,NEU1,,,,7948.74,
Q99523,Q99523;Q99523-2,SORT_HUMAN,SORT1,2644.605,1609830.0,16120.7,19745.6,7563.49
Q99536,Q99536;Q99536-2;Q99536-3,VAT1_HUMAN,VAT1,4533.91,,31178.0,48667.5,15886.8
Q99538,Q99538;Q99538-2;Q99538-3,LGMN_HUMAN,LGMN,,,,,
Q99542,Q99542,MMP19_HUMAN,MMP19,493.79,,81801.3,16295.1,5146.280000000001
Q99543,Q99543;Q99543-2,DNJC2_HUMAN,DNAJC2,,,218912.3,20467.15,
Q99547,Q99547,MPH6_HUMAN,MPHOSPH6,,,,,
Q99549,Q99549;Q99549-2,MPP8_HUMAN,MPHOSPH8,,,,,
Q99551,Q99551,MTEF1_HUMAN,MTERF1,,,,,
Q99567,Q99567,NUP88_HUMAN,NUP88,,,,,
Q99570,Q99570,PI3R4_HUMAN,PIK3R4,,,,9789.32,
Q99571;Q99571-2;Q99571-3,Q99571;Q99571-2;Q99571-3,P2RX4_HUMAN,P2RX4,,,,2980.38,
Q99572,Q99572;Q99572-4;Q99572-6;Q99572-8,P2RX7_HUMAN,P2RX7,,,,,
Q99574,Q99574,NEUS_HUMAN,SERPINI1,,,29556.7,29920.7,12713.8
Q99575,Q99575,POP1_HUMAN,POP1,,,,,
Q99576-3,Q99576;Q99576-3;Q99576-5,T22D3_HUMAN,TSC22D3,,,12710.1,31236.4,
Q99583,Q99583,MNT_HUMAN,MNT,,,,,19250.4
Q99584,Q99584,S10AD_HUMAN,S100A13,,,,35082.4,
Q99590;Q99590-2,Q99590;Q99590-2,SCAFB_HUMAN,SCAF11,30971.9,,348671.0,,
Q99592,Q99592;Q99592-2,ZBT18_HUMAN,ZBTB18,21628.6,,61092.9,121167.5,19468.8
Q99593;Q99593-2;Q99593-3,Q99593;Q99593-2;Q99593-3,TBX5_HUMAN,TBX5,,13871.4,1341.26,893.596,
Q99598,Q99598,TSNAX_HUMAN,TSNAX,,,44978.2,11753.3,
Q99611,Q99611,SPS2_HUMAN,SEPHS2,,,,,
Q99613;Q99613-2,Q99613;B5ME19;Q99613-2,EIF3C_HUMAN,EIF3C,,,18102.3,32572.2,13938.3
Q99614,Q99614,TTC1_HUMAN,TTC1,,,14090.0,32188.6,9038.23
Q99615,Q99615;Q99615-2,DNJC7_HUMAN,DNAJC7,,,7725.13,23593.8,
Q99622,Q99622,C10_HUMAN,C12orf57,,,,,
Q99623,Q99623;Q99623-2,PHB2_HUMAN,PHB2,,,63645.5,199691.0,61723.5
Q99627,Q99627;Q99627-2,CSN8_HUMAN,COPS8,,,23110.75,58731.9,5518.32
Q99633,Q99633,PRP18_HUMAN,PRPF18,,,,,
Q99638,Q99638,RAD9A_HUMAN,RAD9A,,,3275.56,,
Q99643;Q99643-3;Q99643-5,Q99643;Q99643-3;Q99643-5,C560_HUMAN,SDHC,,,2313.32,7722.514999999999,1880.17
Q99650,Q99650;Q99650-2,OSMR_HUMAN,OSMR,3497.17,271525.0,3366.77,4257.24,3641.26
Q99653,Q99653,CHP1_HUMAN,CHP1,,,6134.755,16816.65,
Q99675,Q99675,CGRF1_HUMAN,CGRRF1,,,,,
Q99683,Q6ZN16;Q99683;Q6ZN16-2;Q6ZN16-3,M3K5_HUMAN,MAP3K5,,,14804.6,31885.6,12306.32
Q99685,Q99685;Q99685-2,MGLL_HUMAN,MGLL,,108960.0,77379.3,129689.0,15428.3
Q99685-2,Q99685-2,MGLL_HUMAN,MGLL,,,,,
Q99698,Q99698,LYST_HUMAN,LYST,,,10601.25,17387.6,
Q99700;Q99700-4,Q99700;Q99700-5;Q99700-2;Q99700-4,ATX2_HUMAN,ATXN2,,,8653.48,,
Q99704,Q99704;Q99704-3,DOK1_HUMAN,DOK1,,25854.75,26855.5,38306.05,7081.08
Q99707,Q99707;Q99707-2,METH_HUMAN,MTR,,30031.9,4213.97,80072.9,
Q99714,Q99714,HCD2_HUMAN,HSD17B10,,1328990.0,20284.2,67204.1,13020.1
Q99715,Q99715;Q99715-4,COCA1_HUMAN,COL12A1,3089.55,26862.7,170525.0,25566.75,48796.8
Q99719,Q99719,SEPT5_HUMAN,SEPTIN5,,,22904.5,14491.1,
Q99719-2,Q99719;Q99719-2,SEPT5_HUMAN,SEPTIN5,,44327.45,41624.35,173348.0,11006.1
Q99720,Q99720;Q99720-4;Q99720-3,SGMR1_HUMAN,SIGMAR1,,,,,
Q99729-3,Q99729;Q99729-2;Q99729-3;Q99729-4,ROAA_HUMAN,HNRNPAB,,,,,9791.755
Q99732,Q99732;Q99732-2;Q99732-3,LITAF_HUMAN,LITAF,,,,,
Q99733;Q99733-2,Q99733;Q99733-2,NP1L4_HUMAN,NAP1L4,,37175.6,114994.0,115350.0,21931.6
Q99735,Q99735;Q99735-2,MGST2_HUMAN,MGST2,,,45017.64999999999,197981.5,55209.5
Q99747,Q99747;Q99747-2,SNAG_HUMAN,NAPG,2798.71,,72215.9,19608.25,
Q99755;Q99755-2;Q99755-3,Q99755;Q99755-2;Q99755-3;Q99755-4,PI51A_HUMAN,PIP5K1A,,,,6951.755,
Q99757,Q99757,THIOM_HUMAN,TXN2,,,,9436.73,
Q99758,Q99758,ABCA3_HUMAN,ABCA3,,,10476.745,20469.75,2720.14
Q99759;Q99759-2,Q99759;Q99759-2,M3K3_HUMAN,MAP3K3,,,,,
Q99766,Q99766,ATP5S_HUMAN,DMAC2L,,,12151.7,14909.9,4409.99
Q99767;Q99767-2,Q99767;Q99767-2,APBA2_HUMAN,APBA2,,,,3214.72,
Q99784,Q99784;Q99784-3;Q99784-5,NOE1_HUMAN,OLFM1,5646.41,43538.5,5502.315,8471.654999999999,
Q99795,Q99795,GPA33_HUMAN,GPA33,27690.8,,50212.85000000001,178754.5,49741.8
Q99797,Q99797,MIPEP_HUMAN,MIPEP,,,,,
Q99798,Q99798,ACON_HUMAN,ACO2,3678.13,,33105.0,120068.0,12641.1
Q99805,Q99805,TM9S2_HUMAN,TM9SF2,,,14712.4,74112.3,85541.4
Q99807,Q99807;Q99807-2,COQ7_HUMAN,COQ7,,64100.1,,4208.225,
Q99808-2,Q99808;Q99808-2,S29A1_HUMAN,SLC29A1,,,9891.8,179342.0,64293.1
Q99816,Q99816;Q99816-2,TS101_HUMAN,TSG101,,625421.0,33335.6,83566.8,
Q99828,Q99828;Q99828-2,CIB1_HUMAN,CIB1,,,9202.165,28386.45,
Q99829,Q99829,CPNE1_HUMAN,CPNE1,,,15430.75,39530.8,
Q99832,Q99832;Q99832-2;Q99832-3;Q99832-4,TCPH_HUMAN,CCT7,,41682.5,55057.4,216889.0,32871.8
Q99836;Q99836-5;Q99836-6,Q99836;Q99836-2;Q99836-3;Q99836-4;Q99836-5;Q99836-6,MYD88_HUMAN,MYD88,,,1627.98,17936.1,
Q99848,Q99848,EBP2_HUMAN,EBNA1BP2,,,,,
Q99856,Q99856,ARI3A_HUMAN,ARID3A,,9052.14,,,
Q99871-3,Q99871;Q99871-2;Q99871-3,HAUS7_HUMAN,HAUS7,2185.16,,7177.98,18094.6,3221.59
Q99873-3,Q99873;Q99873-3;Q99873-2,ANM1_HUMAN,PRMT1,,,11635.5,14533.65,
Q99879,O60814;P06899;P23527;P33778;P57053;P58876;P62807;Q16778;Q5QNW6;Q8N257;Q93079;Q96A08;Q99877;Q99879;Q99880;Q5QNW6-2,H2B1M_HUMAN,H2BC14,,,6724.68,21808.0,47031.4
Q99933;Q99933-3;Q99933-4,Q99933;Q99933-2;Q99933-3;Q99933-4,BAG1_HUMAN,BAG1,,,,4697.89,
Q99941;Q99941-2,Q99941;Q99941-2,ATF6B_HUMAN,ATF6B,4248.52,726269.0,59962.25,,386540.0
Q99942,Q99942,RNF5_HUMAN,RNF5,,,,1455.86,
Q99943,Q99943,PLCA_HUMAN,AGPAT1,,,12687.7,96708.6,21787.6
Q99952;Q99952-2,Q99952;Q99952-2,PTN18_HUMAN,PTPN18,,16919.8,3639.93,20261.8,
Q99959;Q99959-2,Q99959;Q99959-2,PKP2_HUMAN,PKP2,,46847.5,29410.9,98517.0,
Q99961,Q99961;Q99962;Q99961-3,SH3G1_HUMAN,SH3GL1,,5883.88,30481.65,94661.1,11317.265
Q99962,Q99961;Q99962;Q99961-2;Q99961-3,SH3G2_HUMAN,SH3GL2,,,,,
Q99963-4,Q99963;Q99963-2;Q99963-3;Q99963-4,SH3G3_HUMAN,SH3GL3,,,,,
Q99969,Q99969,RARR2_HUMAN,RARRES2,5839.02,8691.725,4852.88,190177.0,465051.0
Q99972,Q99972,MYOC_HUMAN,MYOC,11466.735,,11139.75,8847.05,20074.6
Q99973,Q99973;Q99973-2,TEP1_HUMAN,TEP1,,,,7438.7,27887.8
Q99983,Q99983,OMD_HUMAN,OMD,136923.0,57827.45,623622.0,132807.0,
Q99986,Q99986,VRK1_HUMAN,VRK1,,,,47189.0,
Q99996;Q99996-1;Q99996-3;Q99996-6,Q99996;Q99996-3;Q99996-1;Q99996-4;Q99996-5;Q99996-6,AKAP9_HUMAN,AKAP9,21566.1,32633.3,11069.015,29032.05,14640.5
Q9BPU6,Q9BPU6,DPYL5_HUMAN,DPYSL5,,,,,4786.32
Q9BPV8;Q9BPV8-2,Q9BPV8;Q9BPV8-2,P2Y13_HUMAN,P2RY13,,,,,
Q9BPW8,Q9BPW8,NIPS1_HUMAN,NIPSNAP1,,,,7750.82,
Q9BPW9;Q9BPW9-3;Q9BPW9-4,Q9BPW9;Q9BPW9-2;Q9BPW9-3;Q9BPW9-4,DHRS9_HUMAN,DHRS9,,,,,
Q9BPX3,Q9BPX3,CND3_HUMAN,NCAPG,,,,4235.255,
Q9BPX5,Q9BPX5,ARP5L_HUMAN,ARPC5L,,,11149.535,54668.1,7401.65
Q9BPX6;Q9BPX6-3,Q9BPX6;Q9BPX6-2;Q9BPX6-3,MICU1_HUMAN,MICU1,,,4825.110000000001,12999.7,7001.73
Q9BPX7;Q9BPX7-2,Q9BPX7;Q9BPX7-2,CG025_HUMAN,C7orf25,,,19550.2,11424.1,
Q9BPY3,Q9BPY3,F118B_HUMAN,FAM118B,,,,,
Q9BPY8,Q9BPY8;Q9BPY8-3,HOP_HUMAN,HOPX,,,,,
Q9BPZ3,Q9BPZ3,PAIP2_HUMAN,PAIP2,,,7927.58,8205.885,
Q9BPZ7-4,Q9BPZ7;Q9BPZ7-2;Q9BPZ7-3;Q9BPZ7-4,SIN1_HUMAN,MAPKAP1,,,,,
Q9BQ04,Q9BQ04,RBM4B_HUMAN,RBM4B,,,,,
Q9BQ24;Q9BQ24-2,Q9BQ24;Q9BQ24-2,ZFY21_HUMAN,ZFYVE21,,,,,
Q9BQ39,Q9BQ39,DDX50_HUMAN,DDX50,,,,,
Q9BQ48,Q9BQ48,RM34_HUMAN,MRPL34,,,,,
Q9BQ49,Q9BQ49,SMIM7_HUMAN,SMIM7,,,,1879.28,
Q9BQ50;Q9BQ50-1,Q9BQ50;Q9BQ50-1,TREX2_HUMAN,TREX2,,,,,
Q9BQ51,Q9BQ51,PD1L2_HUMAN,PDCD1LG2,1819.66,241999.0,,2673.33,
Q9BQ52,Q9BQ52;Q9BQ52-2;Q9BQ52-4,RNZ2_HUMAN,ELAC2,,15378.7,,38809.3,
Q9BQ61,Q9BQ61,TRIR_HUMAN,TRIR,,,,8380.085,
Q9BQ65,Q9BQ65;Q9BQ65-2;Q9BQ65-3,USB1_HUMAN,USB1,,,,,
Q9BQ67,Q9BQ67,GRWD1_HUMAN,GRWD1,,,,33305.8,
Q9BQ69,Q9BQ69,MACD1_HUMAN,MACROD1,,,,,
Q9BQ70,Q9BQ70,TCF25_HUMAN,TCF25,,,,,
Q9BQ75;Q9BQ75-2,Q9BQ75;Q9BQ75-2,CMS1_HUMAN,CMSS1,,,,,
Q9BQ95,Q9BQ95;Q9BQ95-2;Q9BQ95-4,ECSIT_HUMAN,ECSIT,,,,,
Q9BQA1,Q9BQA1,MEP50_HUMAN,WDR77,,298840.0,20670.0,138094.0,12488.9
Q9BQA9;Q9BQA9-2,Q9BQA9;Q9BQA9-2,CYBC1_HUMAN,CYBC1,,,,27850.3,6993.1
Q9BQB4;Q9BQB4-2,Q9BQB4;Q9BQB4-2,SOST_HUMAN,SOST,,52950.4,,25750.5,21999.4
Q9BQB6;Q9BQB6-2;Q9BQB6-3,Q9BQB6;Q9BQB6-2;Q9BQB6-3,VKOR1_HUMAN,VKORC1,,,,,
Q9BQC3,Q9BQC3;Q9BQC3-2,DPH2_HUMAN,DPH2,,,,32319.0,
Q9BQC6,Q9BQC6,RT63_HUMAN,MRPL57,,,,,
Q9BQD3,Q9BQD3,KXDL1_HUMAN,KXD1,,,,,
Q9BQE3,P0DPH7;P0DPH8;Q6PEY2;Q71U36;Q9BQE3;Q9NY65;P0DPH7-2;Q71U36-2;Q9NY65-2,TBA1C_HUMAN,TUBA1C,6778.03,68302.8,1563710.0,5930330.0,1316680.0
Q9BQE4,Q9BQE4,SELS_HUMAN,SELENOS,,,,,
Q9BQE5,Q9BQE5,APOL2_HUMAN,APOL2,300.555,,2655.95,18081.2,1577.72
Q9BQE9;Q9BQE9-4,Q9BQE9;Q9BQE9-2;Q9BQE9-4,BCL7B_HUMAN,BCL7B,,,,,
Q9BQF6;Q9BQF6-2;Q9BQF6-5,Q9BQF6;Q9BQF6-2;Q9BQF6-4;Q9BQF6-5,SENP7_HUMAN,SENP7,,,,,
Q9BQG0;Q9BQG0-2,Q9BQG0;Q9BQG0-2,MBB1A_HUMAN,MYBBP1A,,,5103.54,719890.0,
Q9BQG2,Q9BQG2;Q9BQG2-2,NUD12_HUMAN,NUDT12,,,,,
Q9BQI3;Q9BQI3-2,Q9BQI3;Q9BQI3-2,E2AK1_HUMAN,EIF2AK1,,,,,
Q9BQI5;Q9BQI5-2;Q9BQI5-3,Q9BQI5;Q9BQI5-2;Q9BQI5-3;Q9BQI5-4;Q9BQI5-5,SGIP1_HUMAN,SGIP1,,,,,
Q9BQK8;Q9BQK8-2,Q9BQK8;Q9BQK8-2,LPIN3_HUMAN,LPIN3,,,,,
Q9BQL6,Q9BQL6;Q9BQL6-2;Q9BQL6-4,FERM1_HUMAN,FERMT1,,,,2460.02,
Q9BQN1,Q9BQN1,FA83C_HUMAN,FAM83C,,,,,
Q9BQP7,Q9BQP7,MGME1_HUMAN,MGME1,,,3860.36,,4224.26
Q9BQQ3;Q9BQQ3-3,Q9BQQ3;Q9BQQ3-3,GORS1_HUMAN,GORASP1,,,,,
Q9BQR3,Q9BQR3,PRS27_HUMAN,PRSS27,,,,,
Q9BQS7-3,Q9BQS7;Q9BQS7-2;Q9BQS7-3;Q9BQS7-4,HEPH_HUMAN,HEPH,,,6826.7,,
Q9BQS8;Q9BQS8-4,Q9BQS8;Q9BQS8-4,FYCO1_HUMAN,FYCO1,24416.0,117136.0,9859.650000000001,18972.5,9644.39
Q9BQT8;Q9BQT8-2,Q9BQT8;Q9BQT8-2,ODC_HUMAN,SLC25A21,,,,,
Q9BR61,Q9BR61,ACBD6_HUMAN,ACBD6,,,,,
Q9BR76,Q9BR76,COR1B_HUMAN,CORO1B,,,71631.0,162743.0,45875.6
Q9BR77-2,Q9BR77;Q9BR77-2,CCD77_HUMAN,CCDC77,,,,,
Q9BRA0,Q9BRA0;Q9BRA0-2,LSMD1_HUMAN,NAA38,,,,,
Q9BRA2,Q9BRA2,TXD17_HUMAN,TXNDC17,,8109.79,7296.51,21978.8,1760.63
Q9BRB3-2,Q9BRB3;Q9BRB3-2;Q9BRB3-3,PIGQ_HUMAN,PIGQ,,,32744.1,,58640.2
Q9BRD0,Q9BRD0;Q9BRD0-2,BUD13_HUMAN,BUD13,,,,,
Q9BRF8,Q9BRF8;Q9BRF8-2,CPPED_HUMAN,CPPED1,6651.72,35168.8,15410.9,21658.9,28312.1
Q9BRG1,Q9BRG1,VPS25_HUMAN,VPS25,,,12333.5,28545.6,6334.62
Q9BRJ2,Q9BRJ2,RM45_HUMAN,MRPL45,,348659.0,5819.344999999999,41199.7,
Q9BRJ6,Q9BRJ6,CG050_HUMAN,C7orf50,,,,,5511.88
Q9BRJ7,Q9BRJ7,TIRR_HUMAN,NUDT16L1,,,24475.7,39411.2,67611.3
Q9BRK3;Q9BRK3-2;Q9BRK3-3;Q9BRK3-4,Q9BRK3;Q9BRK3-2;Q9BRK3-3;Q9BRK3-4,MXRA8_HUMAN,MXRA8,996.131,,6232.8,21528.1,2297.775
Q9BRK5,Q9BRK5;Q9BRK5-2;Q9BRK5-6,CAB45_HUMAN,SDF4,,167385.0,34444.8,15928.3,5147.73
Q9BRL6;Q9BRL6-2,Q9BRL6;Q9BRL6-2,SRSF8_HUMAN,SRSF8,,,,,
Q9BRN9;Q9BRN9-2,Q9BRN9;Q9BRN9-2,TM2D3_HUMAN,TM2D3,,,2290.38,6257.11,
Q9BRP1,Q9BRP1,PDD2L_HUMAN,PDCD2L,,,,,
Q9BRP4;Q9BRP4-2,Q9BRP4;Q9BRP4-2;Q9BRP4-3,PAAF1_HUMAN,PAAF1,,,26143.1,135658.0,
Q9BRP8,Q9BRP8;Q9BRP8-2,PYM1_HUMAN,PYM1,,34901.1,,25421.4,44811.1
Q9BRP8-2,Q9BRP8-2,PYM1_HUMAN,PYM1,,,,,2270.6
Q9BRQ0,Q9BRQ0,PYGO2_HUMAN,PYGO2,,,,,
Q9BRQ6,Q9BRQ6,MIC25_HUMAN,CHCHD6,,,,,
Q9BRQ8,Q9BRQ8;Q9BRQ8-2,FSP1_HUMAN,AIFM2,,,,89842.7,
Q9BRR3,Q9BRR3,PGAP4_HUMAN,PGAP4,,,,,
Q9BRR6;Q9BRR6-2,Q9BRR6;Q9BRR6-2,ADPGK_HUMAN,ADPGK,,,22757.05,9904.75,
Q9BRR8,Q9BRR8,GPTC1_HUMAN,GPATCH1,,,,,
Q9BRR9;Q9BRR9-2,Q9BRR9;Q9BRR9-2;Q9BRR9-3;Q9BRR9-4;Q9BRR9-5,RHG09_HUMAN,ARHGAP9,,,23077.3,,32921.2
Q9BRS2,Q9BRS2,RIOK1_HUMAN,RIOK1,,,,,
Q9BRT2,Q9BRT2,UQCC2_HUMAN,UQCC2,,,,,
Q9BRT3,Q9BRT3,MIEN1_HUMAN,MIEN1,,,,5209.56,
Q9BRT8;Q9BRT8-3,Q9BRT8;Q8IUF1;Q9BRT8-2;Q9BRT8-3;Q9BRT8-4,ZNG1A_HUMAN,ZNG1A,,,,32034.75,
Q9BRT9,Q9BRT9,SLD5_HUMAN,GINS4,,,,,
Q9BRU9,Q9BRU9;Q9BRU9-2,UTP23_HUMAN,UTP23,,,,,
Q9BRV8;Q9BRV8-2,Q9BRV8;Q9BRV8-2,SIKE1_HUMAN,SIKE1,,,8468.86,15410.4,
Q9BRX2,Q9BRX2,PELO_HUMAN,PELO,,,3410.2,9199.045,
Q9BRX5,Q9BRX5;Q9BRX5-3,PSF3_HUMAN,GINS3,,,,,
Q9BRX8;Q9BRX8-2,Q9BRX8;Q9BRX8-2,PXL2A_HUMAN,PRXL2A,1118.61,,6931.17,40913.25,3292.59
Q9BRX9,Q9BRX9,WDR83_HUMAN,WDR83,,,,,
Q9BRZ2,Q9BRZ2,TRI56_HUMAN,TRIM56,,,6439.059999999999,5753.18,5091.63
Q9BS18,Q9BS18,APC13_HUMAN,ANAPC13,,,,,
Q9BS26,Q9BS26,ERP44_HUMAN,ERP44,7364.55,,141897.0,275494.0,19820.6
Q9BS40,Q9BS40,LXN_HUMAN,LXN,,,12695.0,7838.2,
Q9BS92,Q9BS92,NPS3B_HUMAN,NIPSNAP3B,,,,,
Q9BSA9,Q9BSA9,TM175_HUMAN,TMEM175,,,,3275.76,
Q9BSB4,Q9BSB4,ATGA1_HUMAN,ATG101,,,,,3033.2
Q9BSC4;Q9BSC4-2,Q9BSC4;Q9BSC4-2;Q9BSC4-3;Q9BSC4-4,NOL10_HUMAN,NOL10,,,,,
Q9BSD7,Q9BSD7,NTPCR_HUMAN,NTPCR,,,,74555.65,60477.05
Q9BSE5,Q9BSE5,SPEB_HUMAN,AGMAT,,,,,
Q9BSF0,Q9BSF0,SMAKA_HUMAN,C2orf88,,,60794.7,155922.0,20686.9
Q9BSF4,Q9BSF4,TIM29_HUMAN,TIMM29,,,,,
Q9BSH4,Q9BSH4,TACO1_HUMAN,TACO1,,,,6866.02,
Q9BSH5,Q9BSH5,HDHD3_HUMAN,HDHD3,,,,23110.55,
Q9BSI4-2,Q9BSI4;Q9BSI4-2;Q9BSI4-3,TINF2_HUMAN,TINF2,,,,,
Q9BSJ2;Q9BSJ2-4,Q9BSJ2;Q9BSJ2-3;Q9BSJ2-4,GCP2_HUMAN,TUBGCP2,,,9440.89,23739.9,6296.514999999999
Q9BSJ5;Q9BSJ5-2;Q9BSJ5-3,Q9BSJ5;Q9BSJ5-2;Q9BSJ5-3,CQ080_HUMAN,C17orf80,,,,,
Q9BSJ8,Q9BSJ8;Q9BSJ8-2,ESYT1_HUMAN,ESYT1,6669.92,,58288.9,186816.0,59835.3
Q9BSJ8-2,Q9BSJ8-2,ESYT1_HUMAN,ESYT1,,,,,
Q9BSK0,Q9BSK0,MALD1_HUMAN,MARVELD1,,,,,
Q9BSL1,Q9BSL1,UBAC1_HUMAN,UBAC1,,,23789.2,104651.0,7281.68
Q9BSM1;Q9BSM1-3,Q9BSM1;Q9BSM1-3,PCGF1_HUMAN,PCGF1,,,,,
Q9BSQ5,Q9BSQ5;Q9BSQ5-2;Q9BSQ5-3;Q9BSQ5-4,CCM2_HUMAN,CCM2,,,12763.0,23713.8,
Q9BSR8,Q9BSR8,YIPF4_HUMAN,YIPF4,,,5442.84,7516.42,3572.18
Q9BSU1,Q9BSU1,PHAF1_HUMAN,PHAF1,,32527.8,,7562.77,
Q9BSV6,Q9BSV6,SEN34_HUMAN,TSEN34,,,,,
Q9BSW2,Q9BSW2,EFC4B_HUMAN,CRACR2A,6734.76,,3493.46,16799.4,8104.79
Q9BSY4,Q9BSY4;Q9BSY4-2,CHCH5_HUMAN,CHCHD5,,,,,
Q9BT09,Q9BT09,CNPY3_HUMAN,CNPY3,2923.035,86274.6,23102.4,46239.55,92310.8
Q9BT17,Q9BT17;Q9BT17-2,MTG1_HUMAN,MTG1,,,,,
Q9BT22,Q9BT22,ALG1_HUMAN,ALG1,,,,8656.095,9346.94
Q9BT23,Q9BT23,LIMD2_HUMAN,LIMD2,,,,20063.6,
Q9BT25;Q9BT25-2;Q9BT25-3,Q9BT25;Q9BT25-2;Q9BT25-3,HAUS8_HUMAN,HAUS8,,,,27635.3,4963.955
Q9BT40;Q9BT40-2,Q9BT40;Q9BT40-2,INP5K_HUMAN,INPP5K,,,7900.68,19627.9,
Q9BT43,Q9BT43,RPC7L_HUMAN,POLR3GL,,,,,
Q9BT73,Q9BT73,PSMG3_HUMAN,PSMG3,,35357.2,,,
Q9BT78,Q9BT78;Q9BT78-2,CSN4_HUMAN,COPS4,,,29799.7,44121.8,218508.15
Q9BTA9;Q9BTA9-2,Q9BTA9;Q9BTA9-2;Q9BTA9-5,WAC_HUMAN,WAC,,,,,
Q9BTC0,Q9BTC0;Q9BTC0-1,DIDO1_HUMAN,DIDO1,,,,,
Q9BTC8,Q9BTC8;Q9BTC8-2,MTA3_HUMAN,MTA3,,,,,
Q9BTD8;Q9BTD8-2;Q9BTD8-3;Q9BTD8-4,Q9BTD8;Q9BTD8-2;Q9BTD8-3;Q9BTD8-4,RBM42_HUMAN,RBM42,,,,8728.43,
Q9BTE1,Q9BTE1;Q9BTE1-2;Q9BTE1-3,DCTN5_HUMAN,DCTN5,,,3995.14,8904.305,1751.07
Q9BTE3-2,Q9BTE3;Q9BTE3-2,MCMBP_HUMAN,MCMBP,,,,,
Q9BTE6-2;Q9BTE6-3,Q9BTE6;Q9BTE6-2;Q9BTE6-3,AASD1_HUMAN,AARSD1,,,,3892.62,
Q9BTE7,Q92564;Q9BTE7;Q92564-2;Q92564-3,DCNL5_HUMAN,DCUN1D5,,,,,
Q9BTM9-2,Q9BTM9;Q9BTM9-2;Q9BTM9-3,URM1_HUMAN,URM1,,,,,
Q9BTT0,Q9BTT0;Q9BTT0-2,AN32E_HUMAN,ANP32E,,,,7589.91,
Q9BTT0-3,Q9BTT0-3,AN32E_HUMAN,ANP32E,,,,,
Q9BTT4,Q9BTT4,MED10_HUMAN,MED10,,,,,
Q9BTT6,Q9BTT6,LRRC1_HUMAN,LRRC1,,,,,
Q9BTT6-2,Q9BTT6;Q9BTT6-2,LRRC1_HUMAN,LRRC1,,,,,
Q9BTU6,Q9BTU6,P4K2A_HUMAN,PI4K2A,,,12659.0,14413.0,4759.87
Q9BTV4,Q9BTV4,TMM43_HUMAN,TMEM43,,,11619.5,65421.15,26092.5
Q9BTV5,Q9BTV5,FSD1_HUMAN,FSD1,,,,,
Q9BTW9,Q9BTW9;Q9BTW9-4;Q9BTW9-5,TBCD_HUMAN,TBCD,,,7047.625,20369.3,3869.47
Q9BTX1;Q9BTX1-2;Q9BTX1-5;Q9BTX1-6,Q9BTX1;Q9BTX1-2;Q9BTX1-4;Q9BTX1-5;Q9BTX1-6,NDC1_HUMAN,NDC1,,,,,
Q9BTX7,Q9BTX7,TTPAL_HUMAN,TTPAL,,,,,
Q9BTY2,Q9BTY2,FUCO2_HUMAN,FUCA2,4678.38,,7033.57,10819.23,32979.85
Q9BTY7,Q9BTY7,HGH1_HUMAN,HGH1,,378722.0,,11861.9,
Q9BTZ2;Q9BTZ2-4;Q9BTZ2-8,Q9BTZ2;Q9BTZ2-8;Q6PKH6;Q9BTZ2-7;Q9BTZ2-2;Q9BTZ2-3;Q9BTZ2-4;Q9BTZ2-5;Q6PKH6-2,DHRS4_HUMAN,DHRS4,,,4527.79,5786.18,
Q9BU02,Q9BU02,THTPA_HUMAN,THTPA,,,,16426.8,
Q9BU23-2,Q9BU23;Q9BU23-2;Q9BU23-3,LMF2_HUMAN,LMF2,9703.39,5155330.0,177231.5,8306.81,
Q9BU61,Q9BU61;Q9BU61-2,NDUF3_HUMAN,NDUFAF3,,,,,
Q9BU76,Q9BU76;Q9BU76-4,MMTA2_HUMAN,MMTAG2,,,,,
Q9BUB4;Q9BUB4-2,Q9BUB4;Q9BUB4-2,ADAT1_HUMAN,ADAT1,,,,,
Q9BUB5;Q9BUB5-2,Q9BUB5;Q9BUB5-2;Q9BUB5-3,MKNK1_HUMAN,MKNK1,,,,,
Q9BUB7,Q9BUB7;Q9BUB7-2,TMM70_HUMAN,TMEM70,27853.8,,,3321.85,
Q9BUE0,Q9BUE0,MED18_HUMAN,MED18,,,,,
Q9BUE6;Q9BUE6-2,Q9BUE6;Q9BUE6-2,ISCA1_HUMAN,ISCA1,,,2503.32,8431.715,
Q9BUF5,Q13509;Q9BUF5;Q13509-2,TBB6_HUMAN,TUBB6,,,14559.25,46158.9,17560.0
Q9BUH6,Q9BUH6,PAXX_HUMAN,PAXX,,,2337.7,14067.0,
Q9BUI4,Q9BUI4,RPC3_HUMAN,POLR3C,,,,,
Q9BUJ2;Q9BUJ2-2,Q9BUJ2;Q9BUJ2-2;Q9BUJ2-3;Q9BUJ2-4,HNRL1_HUMAN,HNRNPUL1,,,,9995.38,8797.26
Q9BUK6,Q9BUK6;Q9BUK6-2;Q9BUK6-3;Q9BUK6-5;Q9BUK6-7,MSTO1_HUMAN,MSTO1,,,,,
Q9BUL5,Q9BUL5;Q9BUL5-3;Q9BUL5-4,PHF23_HUMAN,PHF23,,,,11741.995,
Q9BUL8,Q9BUL8,PDC10_HUMAN,PDCD10,,,41385.3,90209.1,20310.5
Q9BUL9,Q9BUL9,RPP25_HUMAN,RPP25,,,,,
Q9BUM1,Q9BUM1,G6PC3_HUMAN,G6PC3,,,,6270.6,
Q9BUN1,Q9BUN1,MENT_HUMAN,MENT,18089.9,599146.0,191026.0,244112.0,45677.6
Q9BUN5,Q9BUN5;Q9BUN5-3,CC28B_HUMAN,CCDC28B,,,,2570.45,
Q9BUN8;Q9BUN8-2,Q9BUN8;Q9BUN8-2,DERL1_HUMAN,DERL1,,,,39464.7,
Q9BUP0,Q9BUP0,EFHD1_HUMAN,EFHD1,,,,,
Q9BUP3-3,Q9BUP3;Q9BUP3-3;Q9BUP3-2,HTAI2_HUMAN,HTATIP2,,,18049.6,39887.3,7877.87
Q9BUQ8,Q9BUQ8,DDX23_HUMAN,DDX23,,,,32505.3,
Q9BUR4,Q9BUR4,TCAB1_HUMAN,WRAP53,,,,,
Q9BUR5,Q9BUR5;Q9BUR5-2,MIC26_HUMAN,APOO,,,,12449.6,11066.235
Q9BUT1;Q9BUT1-3,Q9BUT1;Q9BUT1-3,DHRS6_HUMAN,BDH2,,,,,
Q9BUV8-4,Q9BUV8;Q9BUV8-2;Q9BUV8-3;Q9BUV8-4;Q9BUV8-5,RCAF1_HUMAN,RAB5IF,,,,,
Q9BV10,Q9BV10,ALG12_HUMAN,ALG12,,,,87017.4,
Q9BV19,Q9BV19,CA050_HUMAN,C1orf50,,,1350.29,3893.9,
Q9BV20,Q9BV20;Q9BV20-2,MTNA_HUMAN,MRI1,4902.56,,5611.139999999999,9846.77,4948.71
Q9BV23,Q9BV23,ABHD6_HUMAN,ABHD6,,,,,
Q9BV29;Q9BV29-2,Q9BV29;Q9BV29-2,CCD32_HUMAN,CCDC32,,,,,
Q9BV36-2,Q9BV36;Q9BV36-2;Q9BV36-3;Q9BV36-4;Q9BV36-5,MELPH_HUMAN,MLPH,,,,,
Q9BV38,Q9BV38,WDR18_HUMAN,WDR18,,,,,12270.445
Q9BV40,Q9BV40,VAMP8_HUMAN,VAMP8,,,7545.959999999999,24096.3,17105.9
Q9BV44,Q9BV44,THUM3_HUMAN,THUMPD3,,,,,
Q9BV57,Q9BV57;Q9BV57-2,MTND_HUMAN,ADI1,,,,2849.33,48197.3
Q9BV68,Q9BV68,RN126_HUMAN,RNF126,,,12392.85,16322.1,
Q9BV73;Q9BV73-2,Q9BV73;Q9BV73-2,CP250_HUMAN,CEP250,,3310.37,11921.25,13118.0,659797.5
Q9BV79,Q9BV79;Q9BV79-2,MECR_HUMAN,MECR,,,,40076.7,
Q9BV81,Q9BV81,EMC6_HUMAN,EMC6,,,,,
Q9BV86,Q9BV86;Q9BV86-2,NTM1A_HUMAN,NTMT1,,,,,
Q9BVA0,Q9BVA0,KTNB1_HUMAN,KATNB1,,,,16914.1,
Q9BVA1,Q13885;Q9BVA1,TBB2B_HUMAN,TUBB2B,,,8436.69,209934.3,5474.285
Q9BVC3,Q9BVC3,DCC1_HUMAN,DSCC1,,,,,
Q9BVC4;Q9BVC4-5,Q9BVC4;Q9BVC4-3;Q9BVC4-4;Q9BVC4-5,LST8_HUMAN,MLST8,,,,8141.4,
Q9BVC5,Q9BVC5;Q9BVC5-2,ASHWN_HUMAN,C2orf49,,,,,
Q9BVC6,Q9BVC6,TM109_HUMAN,TMEM109,,,40872.2,177140.0,76421.9
Q9BVG4,Q9BVG4,PBDC1_HUMAN,PBDC1,,,19391.5,26491.1,
Q9BVG8;Q9BVG8-2;Q9BVG8-6,Q9BVG8;Q9BVG8-5;Q9BVG8-2;Q9BVG8-4;Q9BVG8-6,KIFC3_HUMAN,KIFC3,,,3238.94,6785.565000000001,
Q9BVG9,Q9BVG9,PTSS2_HUMAN,PTDSS2,,,,24647.3,13662.4
Q9BVI0,Q9BVI0,PHF20_HUMAN,PHF20,,,,,
Q9BVI4,Q9BVI4,NOC4L_HUMAN,NOC4L,,,6854.96,,
Q9BVJ6,Q9BVJ6;Q9BVJ6-3,UT14A_HUMAN,UTP14A,,,,,
Q9BVJ7,Q9BVJ7,DUS23_HUMAN,DUSP23,,,,8356.23,1768.798
Q9BVK2;Q9BVK2-2,Q9BVK2;Q9BVK2-2,ALG8_HUMAN,ALG8,,,,,3551.46
Q9BVK6,Q9BVK6,TMED9_HUMAN,TMED9,,,76681.1,197559.0,67759.45
Q9BVL2;Q9BVL2-2;Q9BVL2-3,Q9BVL2;Q9BVL2-2;Q9BVL2-3,NUP58_HUMAN,NUP58,,,,,
Q9BVL4,Q9BVL4,SELO_HUMAN,SELENOO,,,6770.98,31666.25,
Q9BVM2,Q9BVM2,DPCD_HUMAN,DPCD,,,,,
Q9BVM4,Q9BVM4,GGACT_HUMAN,GGACT,,,,,
Q9BVP2;Q9BVP2-2,Q9BVP2;Q9BVP2-2,GNL3_HUMAN,GNL3,,,,,
Q9BVQ7,Q9BVQ7;Q9BVQ7-2,SPA5L_HUMAN,SPATA5L1,,32645.9,,,
Q9BVS4;Q9BVS4-2,Q9BVS4;Q9BVS4-2,RIOK2_HUMAN,RIOK2,,,,,
Q9BVS5,Q9BVS5,TR61B_HUMAN,TRMT61B,,,,,
Q9BVT8,Q9BVT8,TMUB1_HUMAN,TMUB1,,,,8417.8,4430.63
Q9BVV7,Q9BVV7,TIM21_HUMAN,TIMM21,,,,5448.255,
Q9BW04,Q9BW04;Q9BW04-2,SARG_HUMAN,SARG,,32461.0,24689.4,44812.7,18746.15
Q9BW19,Q9BW19,KIFC1_HUMAN,KIFC1,,4212.46,,,
Q9BW27,Q9BW27;Q9BW27-2;Q9BW27-3,NUP85_HUMAN,NUP85,,,,,
Q9BW30,Q9BW30,TPPP3_HUMAN,TPPP3,,19034.8,,,6347.575
Q9BW60,Q9BW60;Q9BW60-2,ELOV1_HUMAN,ELOVL1,,,,,
Q9BW61,Q9BW61,DDA1_HUMAN,DDA1,,,,,
Q9BW62,Q9BW62,KATL1_HUMAN,KATNAL1,1407.86,,,13480.55,
Q9BW66;Q9BW66-3,Q9BW66;Q9BW66-3,CINP_HUMAN,CINP,,,,,
Q9BW71,Q9BW71,HIRP3_HUMAN,HIRIP3,,,,,
Q9BW72,Q9BW72,HIG2A_HUMAN,HIGD2A,,,,,
Q9BW83;Q9BW83-2,Q9BW83;Q9BW83-2,IFT27_HUMAN,IFT27,,,,5092.96,
Q9BW85,Q9BW85,YJU2_HUMAN,YJU2,,,,,
Q9BW91;Q9BW91-2,Q9BW91;Q9BW91-2,NUDT9_HUMAN,NUDT9,,,7540.29,7459.4,
Q9BW92,Q9BW92,SYTM_HUMAN,TARS2,,,,20863.45,5090.19
Q9BWD1,Q9BWD1;Q9BWD1-2,THIC_HUMAN,ACAT2,,,6768.514999999999,25252.3,16635.795
Q9BWE0;Q9BWE0-4,Q9BWE0;Q9BWE0-4,REPI1_HUMAN,REPIN1,,,,,
Q9BWF3,Q9BWF3;Q96PK6-5,RBM4_HUMAN,RBM4,,,,,152968.0
Q9BWG4;Q9BWG4-2,Q9BWG4;Q9BWG4-2,SSBP4_HUMAN,SSBP4,,,,,
Q9BWH2,Q9BWH2,FUND2_HUMAN,FUNDC2,,,,15783.35,
Q9BWH6,Q9BWH6;Q9BWH6-2;Q9BWH6-3,RPAP1_HUMAN,RPAP1,,,,8480.76,
Q9BWJ5,Q9BWJ5,SF3B5_HUMAN,SF3B5,,,,8776.37,
Q9BWL3,Q9BWL3;Q9BWL3-2;Q9BWL3-4,CA043_HUMAN,C1orf43,3983.89,16106.8,,2691.24,
Q9BWM7,Q9BWM7,SFXN3_HUMAN,SFXN3,,,17668.7,47850.7,24550.8
Q9BWN1,Q9BWN1,PRR14_HUMAN,PRR14,,,,,
Q9BWP8;Q9BWP8-10;Q9BWP8-2;Q9BWP8-3;Q9BWP8-4;Q9BWP8-5;Q9BWP8-6;Q9BWP8-7;Q9BWP8-8;Q9BWP8-9,Q9BWP8;Q9BWP8-10;Q9BWP8-2;Q9BWP8-3;Q9BWP8-4;Q9BWP8-5;Q9BWP8-6;Q9BWP8-7;Q9BWP8-8;Q9BWP8-9,COL11_HUMAN,COLEC11,39371.0,55942.4,3784620.0,3082170.0,443165.0
Q9BWS9;Q9BWS9-2,Q9BWS9;Q9BWS9-2,CHID1_HUMAN,CHID1,2935.725,,20909.6,23540.7,18415.6
Q9BWT3;Q9BWT3-2,Q9BWT3;Q9BWT3-2,PAPOG_HUMAN,PAPOLG,,,,,
Q9BWU0,Q9BWU0,NADAP_HUMAN,SLC4A1AP,,,,,28672.8
Q9BWU1,Q9BWU1;Q9BWU1-2,CDK19_HUMAN,CDK19,,,,43928.4,
Q9BWV1;Q9BWV1-3,Q9BWV1;Q9BWV1-3,BOC_HUMAN,BOC,1221.955,234924.0,,164733.0,8333.380000000001
Q9BWW8,Q9BWW8,APOL6_HUMAN,APOL6,,,,,
Q9BX10,Q9BX10;Q9BX10-2;Q9BX10-4,GTPB2_HUMAN,GTPBP2,,,38095.0,80578.7,25067.6
Q9BX40;Q9BX40-2,Q9BX40;Q9BX40-2,LS14B_HUMAN,LSM14B,,,,9901.06,
Q9BX46;Q9H0Z9;Q9H0Z9-2,Q9BX46;Q9H0Z9;Q9H0Z9-2,RBM24_HUMAN;RBM38_HUMAN,RBM24;RBM38,,,,10279.1,2688.43
Q9BX59,Q9BX59;Q9BX59-2;Q9BX59-3;Q9BX59-4;Q9BX59-5;Q9BX59-6;Q9BX59-7,TPSNR_HUMAN,TAPBPL,,,,19952.95,4555.955
Q9BX66-12,Q9BX66-10;Q9BX66-12;Q9BX66-4;Q9BX66-5;Q9BX66-6;Q9BX66-8;Q9BX66-9,SRBS1_HUMAN,SORBS1,,,,,
Q9BX66;Q9BX66-11;Q9BX66-2,Q9BX66;Q9BX66-7;Q9BX66-10;Q9BX66-11;Q9BX66-12;Q9BX66-2;Q9BX66-3;Q9BX66-4;Q9BX66-5;Q9BX66-6;Q9BX66-8;Q9BX66-9,SRBS1_HUMAN,SORBS1,,,,,
Q9BX67,Q9BX67;Q9BX67-2,JAM3_HUMAN,JAM3,,9094.2,81609.2,212871.0,65704.4
Q9BX68,Q9BX68,HINT2_HUMAN,HINT2,,,17875.0,53899.0,
Q9BX69,Q9BX69,CARD6_HUMAN,CARD6,,,,12732.6,7300.68
Q9BX70,Q9BX70;Q9H0C5;Q9BX70-2;Q9H0C5-2,BTBD2_HUMAN,BTBD2,,,,,
Q9BX74,Q9BX74,TM2D1_HUMAN,TM2D1,,,,,
Q9BX93-2,Q9BX93;Q9BX93-2,PG12B_HUMAN,PLA2G12B,2543.695,,53156.6,54979.3,6710.79
Q9BX95,Q9BX95,SGPP1_HUMAN,SGPP1,,,7564.43,18438.8,
Q9BX97,Q9BX97,PLVAP_HUMAN,PLVAP,689.352,,6051.77,27384.5,17583.8
Q9BXA5,Q9BXA5,SUCR1_HUMAN,SUCNR1,,,,,
Q9BXB4,Q9BXB4,OSB11_HUMAN,OSBPL11,,,,10229.205,
Q9BXB5,Q9BXB5;Q9BXB5-2,OSB10_HUMAN,OSBPL10,,,,,
Q9BXD5;Q9BXD5-2,Q9BXD5;Q9BXD5-2;Q9BXD5-3,NPL_HUMAN,NPL,,,15100.05,29870.3,9506.135
Q9BXH1,Q9BXH1;Q9BXH1-2,BBC3_HUMAN,BBC3,,,,,
Q9BXI6,Q9BXI6;Q9BXI6-2,TB10A_HUMAN,TBC1D10A,,,,,
Q9BXJ0,Q9BXJ0,C1QT5_HUMAN,C1QTNF5,2313.095,,16083.5,82801.2,2300.45
Q9BXJ4-3,Q9BXJ4-3,C1QT3_HUMAN,C1QTNF3,4072.11,,196372.0,17332.7,378983.0
Q9BXJ8-2,Q9BXJ8;Q9BXJ8-2,TACAN_HUMAN,TMEM120A,10532.2,,,,
Q9BXJ9,Q6N069;Q9BXJ9;Q6N069-2;Q6N069-3;Q6N069-4;Q6N069-5;Q9BXJ9-4,NAA15_HUMAN,NAA15,,,8150.77,31739.2,12504.8
Q9BXK5,Q9BXK5;Q9BXK5-4,B2L13_HUMAN,BCL2L13,,,17356.05,29650.35,14454.9
Q9BXL5,Q9BXL5,HEMGN_HUMAN,HEMGN,,,,,5962.5
Q9BXL6,Q9BXL6,CAR14_HUMAN,CARD14,,,,1609.18,
Q9BXL7,Q9BXL7,CAR11_HUMAN,CARD11,,,,9151.61,
Q9BXM0,Q9BXM0;Q9BXM0-3,PRAX_HUMAN,PRX,,,,,
Q9BXM9;Q9BXM9-2,Q9BXM9;Q9BXM9-2,FSD1L_HUMAN,FSD1L,,,,,
Q9BXN1,Q9BXN1,ASPN_HUMAN,ASPN,,,274495.0,35708.8,38362.6
Q9BXN2;Q9BXN2-2;Q9BXN2-5,Q9BXN2;Q9BXN2-5;Q9BXN2-2,CLC7A_HUMAN,CLEC7A,,,,,
Q9BXP2,Q9BXP2,S12A9_HUMAN,SLC12A9,,,,6372.62,
Q9BXP5;Q9BXP5-2;Q9BXP5-3;Q9BXP5-4,Q9BXP5;Q9BXP5-2;Q9BXP5-3;Q9BXP5-4,SRRT_HUMAN,SRRT,,,13723.4,28535.1,11595.4
Q9BXR0,Q9BXR0;Q9BXR0-2,TGT_HUMAN,QTRT1,,30356.7,,,
Q9BXR6,Q9BXR6,FHR5_HUMAN,CFHR5,98278.2,439934.0,98286.2,1109940.0,1314940.0
Q9BXS4,Q9BXS4,TMM59_HUMAN,TMEM59,,,16148.45,15052.85,
Q9BXS5,Q9BXS5;Q9BXS5-2,AP1M1_HUMAN,AP1M1,,,13869.2,53359.8,5099.92
Q9BXS9;Q9BXS9-2;Q9BXS9-3;Q9BXS9-4;Q9BXS9-5;Q9BXS9-7,Q9BXS9;Q9BXS9-4;Q9BXS9-3;Q9BXS9-5;Q9BXS9-2;Q9BXS9-7,S26A6_HUMAN,SLC26A6,,,,,
Q9BXT2,Q9BXT2,CCG6_HUMAN,CACNG6,634.5844999999999,,25901.5,53707.3,5616.2
Q9BXV9,Q9BXV9,GON7_HUMAN,GON7,,,,,
Q9BXW6,Q9BXW6;Q9BXW6-2;Q9BXW6-4,OSBL1_HUMAN,OSBPL1A,,,,,
Q9BXW7,Q9BXW7;Q9BXW7-2,HDHD5_HUMAN,HDHD5,,,6771.43,4452.934999999999,
Q9BXW9,Q9BXW9;Q9BXW9-1;Q9BXW9-3,FACD2_HUMAN,FANCD2,,,,,
Q9BXX0,Q9BXX0,EMIL2_HUMAN,EMILIN2,,70829.1,41548.2,9268.62,5151.675
Q9BXY0,Q9BXY0,MAK16_HUMAN,MAK16,,,14960.1,,
Q9BY11,Q9BY11,PACN1_HUMAN,PACSIN1,,,,,28204.5
Q9BY12,Q9BY12;Q9BY12-3,SCAPE_HUMAN,SCAPER,,,,,
Q9BY32,Q9BY32;Q9BY32-2;Q9BY32-3,ITPA_HUMAN,ITPA,,,,6962.74,
Q9BY41;Q9BY41-4,Q9BY41;Q9BY41-4;Q9BY41-5,HDAC8_HUMAN,HDAC8,,,,,
Q9BY42,Q9BY42,RTF2_HUMAN,RTF2,,,,,
Q9BY43,Q9BY43;Q9BY43-2,CHM4A_HUMAN,CHMP4A,,,38148.6,12808.2,9376.975
Q9BY44,Q9BY44;Q9BY44-2;Q9BY44-3;Q9BY44-4,EIF2A_HUMAN,EIF2A,,19478.5,,23740.7,6855.94
Q9BY49,Q9BY49;Q9BY49-2,PECR_HUMAN,PECR,,,,9346.94,7788.23
Q9BY50,Q9BY50,SC11C_HUMAN,SEC11C,,,,,
Q9BY67-5,Q9BY67;Q9BY67-2;Q9BY67-3;Q9BY67-4;Q9BY67-5,CADM1_HUMAN,CADM1,13584.4,1654960.0,230875.0,26567.15,
Q9BY76,Q9BY76;Q9BY76-2,ANGL4_HUMAN,ANGPTL4,1331.43,,35044.45,18003.65,15347.4
Q9BY77,Q9BY77;Q9BY77-2,PDIP3_HUMAN,POLDIP3,1695.36,14966.55,,98729.05,5758.85
Q9BY79,Q9BY79,MFRP_HUMAN,MFRP,,,,15067.9,
Q9BY89,Q9BY89,K1671_HUMAN,KIAA1671,,,,,
Q9BYB0,Q9BYB0;Q9BYB0-3,SHAN3_HUMAN,SHANK3,,6908.61,12688.95,14063.1,105381.2
Q9BYB4,Q9BYB4;Q9BYB4-2,GNB1L_HUMAN,GNB1L,,,,,
Q9BYC5,Q9BYC5;Q9BYC5-3;Q9BYC5-4,FUT8_HUMAN,FUT8,,,,17830.3,7428.57
Q9BYC8,Q9BYC8,RM32_HUMAN,MRPL32,,,,,
Q9BYC9,Q9BYC9;Q9BYC9-2,RM20_HUMAN,MRPL20,,,,,45563.2
Q9BYD1,Q9BYD1,RM13_HUMAN,MRPL13,,,,8523.905,
Q9BYD2,Q9BYD2,RM09_HUMAN,MRPL9,,,,,6144.795
Q9BYD3,Q9BYD3;Q9BYD3-2,RM04_HUMAN,MRPL4,42561.32,19178.6,,3891.37,
Q9BYD6,Q9BYD6,RM01_HUMAN,MRPL1,,,,38381.2,
Q9BYE4,Q9BYE4,SPR2G_HUMAN,SPRR2G,,,,91768.0,
Q9BYE9,Q9BYE9,CDHR2_HUMAN,CDHR2,3250.32,71940.2,20694.5,22478.8,6194.8
Q9BYG3,Q9BYG3,MK67I_HUMAN,NIFK,,,,,
Q9BYG5,Q9BYG5;Q9BYG5-2,PAR6B_HUMAN,PARD6B,,,,,
Q9BYG8,Q9BYG8,GSDMC_HUMAN,GSDMC,,,,,
Q9BYH1;Q9BYH1-2;Q9BYH1-3;Q9BYH1-5;Q9BYH1-6;Q9BYH1-7,Q9BYH1;Q9BYH1-2;Q9BYH1-3;Q9BYH1-5;Q9BYH1-6;Q9BYH1-7,SE6L1_HUMAN,SEZ6L,897.717,25198.65,46617.2,11337.92,3369.42
Q9BYI3,Q9BYI3;Q9BYI3-3,HYCCI_HUMAN,HYCC1,,,12295.5,28631.65,3431.89
Q9BYJ0,Q9BYJ0,FGFP2_HUMAN,FGFBP2,2758.84,,72437.7,49179.0,6164.855
Q9BYJ1;Q9BYJ1-2,Q9BYJ1;Q9BYJ1-2,LOXE3_HUMAN,ALOXE3,,,,47496.15,20663.2
Q9BYJ4,Q9BYJ4;Q9BYJ4-2,TRI34_HUMAN,TRIM34,,,,,
Q9BYJ9,Q9BYJ9,YTHD1_HUMAN,YTHDF1,,,,,
Q9BYK8,Q9BYK8;Q9BYK8-2,HELZ2_HUMAN,HELZ2,,,,17943.1,
Q9BYM8,Q9BYM8;Q9BYM8-3,HOIL1_HUMAN,RBCK1,,,6328.299999999999,37961.6,
Q9BYN0,Q9BYN0,SRXN1_HUMAN,SRXN1,,,,,
Q9BYN8,Q9BYN8,RT26_HUMAN,MRPS26,,,,,
Q9BYT8,Q9BYT8,NEUL_HUMAN,NLN,,45588.8,,4278.03,5026.31
Q9BYV8,Q9BYV8;Q9BYV8-2;Q9BYV8-5,CEP41_HUMAN,CEP41,,,5365.76,10752.045,
Q9BYV9,Q9BYV9,BACH2_HUMAN,BACH2,,,,,
Q9BYW2,Q9BYW2;Q9BYW2-2;Q9BYW2-3,SETD2_HUMAN,SETD2,,,,,
Q9BYX2;Q9BYX2-2,Q9BYX2;Q9BYX2-2;Q9BYX2-3;Q9BYX2-4;Q9BYX2-5;Q9BYX2-6,TBD2A_HUMAN,TBC1D2,,,,,
Q9BYX4,Q9BYX4,IFIH1_HUMAN,IFIH1,,,,14281.3,
Q9BYZ2,Q9BYZ2,LDH6B_HUMAN,LDHAL6B,,,,,4296.04
Q9BYZ8,Q9BYZ8,REG4_HUMAN,REG4,,,,5051.88,
Q9BZ23;Q9BZ23-3;Q9BZ23-4,Q9BZ23;Q9H999;Q9BZ23-4;Q9BZ23-3,PANK2_HUMAN,PANK2,,,6357.55,5586.815000000001,
Q9BZ29-4,Q9BZ29;Q9BZ29-3;Q9BZ29-4;Q9BZ29-5,DOCK9_HUMAN,DOCK9,,,,31182.585,
Q9BZ67;Q9BZ67-2,Q9BZ67;Q9BZ67-2;Q9BZ67-3,FRMD8_HUMAN,FRMD8,,105194.0,9815.0,21244.19,
Q9BZ72,Q9BZ72;Q9BZ72-2;Q9BZ72-3,PITM2_HUMAN,PITPNM2,15402.75,,13053.8,44457.0,17950.4
Q9BZ95;Q9BZ95-2;Q9BZ95-5,Q9BZ95;Q9BZ95-2;Q9BZ95-4;Q9BZ95-5,NSD3_HUMAN,NSD3,62878.8,,,,11861.8
Q9BZA8-4,Q9BZA7;Q9BZA8;Q9BZA7-2;Q9BZA7-3;Q9BZA7-4;Q9BZA7-5;Q9BZA7-6;Q9BZA7-7;Q9BZA7-8;Q9BZA8-2;Q9BZA8-3;Q9BZA8-4,PC11Y_HUMAN,PCDH11Y,,,,,
Q9BZD2;Q9BZD2-2,Q9BZD2;Q9BZD2-2,S29A3_HUMAN,SLC29A3,,,,,
Q9BZE1,Q9BZE1,RM37_HUMAN,MRPL37,,,,12295.05,
Q9BZE4,Q9BZE4;Q9BZE4-2;Q9BZE4-3,GTPB4_HUMAN,GTPBP4,,18023.93,,8565.88,
Q9BZE9;Q9BZE9-2,Q9BZE9;Q9BZE9-2,ASPC1_HUMAN,ASPSCR1,,,46004.3,16306.4,8172.17
Q9BZF1,Q9BZF1;Q9H0X9;Q9BZF1-2;Q9BZF1-3;Q9H0X9-2;Q9H0X9-3,OSBL8_HUMAN,OSBPL8,,,21059.25,36615.5,20150.5
Q9BZF2,Q9BZF2,OSBL7_HUMAN,OSBPL7,,,,,
Q9BZF3-2,Q9BZF3;Q9BZF3-2;Q9BZF3-3;Q9BZF3-4;Q9BZF3-5;Q9BZF3-6,OSBL6_HUMAN,OSBPL6,,,3001.71,6667.98,96460.5
Q9BZF9,Q9BZF9;Q9BZF9-2,UACA_HUMAN,UACA,,,18959.3,37428.89999999999,19884.9
Q9BZG1;Q9BZG1-4,Q9BZG1;Q9BZG1-2;Q9BZG1-4,RAB34_HUMAN,RAB34,,,,12376.8,8787.7
Q9BZG8,Q9BZG8;Q9BZG8-1;Q9BZG8-2,DPH1_HUMAN,DPH1,,,,,
Q9BZH6,Q9BZH6,WDR11_HUMAN,WDR11,,836782.0,27480.2,38963.8,215450.5
Q9BZI7;Q9BZI7-2,Q9BZI7;Q9BZI7-2,REN3B_HUMAN,UPF3B,,,,6286.58,5084.42
Q9BZJ0;Q9BZJ0-2;Q9BZJ0-3,Q9BZJ0;Q9BZJ0-2;Q9BZJ0-3,CRNL1_HUMAN,CRNKL1,,,66213.0,11737.7,
Q9BZK3,Q9BZK3,NACP4_HUMAN,NACA4P,,,,,
Q9BZK7,O60907;Q9BQ87;Q9BZK7;O60907-2,TBL1R_HUMAN,TBL1XR1,,,,5939.505,2883.17
Q9BZL4,Q9BZL4;Q9BZL4-3;Q9BZL4-4;Q9BZL4-5,PP12C_HUMAN,PPP1R12C,16325.9,10875.2,12761.2,21891.3,10071.35
Q9BZL4-5,Q9BZL4-3;Q9BZL4-4;Q9BZL4-5,PP12C_HUMAN,PPP1R12C,,,2456.7045,6704.549999999999,
Q9BZL6;Q9BZL6-3,O94806;Q9BZL6;Q9BZL6-2;Q9BZL6-3,KPCD2_HUMAN,PRKD2,,,8276.06,22039.05,12831.25
Q9BZM1,Q9BZM1,PG12A_HUMAN,PLA2G12A,,,,8198.25,
Q9BZM5,Q9BZM5,ULBP2_HUMAN,ULBP2,,,,,
Q9BZQ6;Q9BZQ6-2,Q9BZQ6;Q9BZQ6-2,EDEM3_HUMAN,EDEM3,,,,,38036.2
Q9BZQ8,Q9BZQ8,NIBA1_HUMAN,NIBAN1,,,33522.2,35839.7,3984.595
Q9BZV1,Q9BZV1;Q9BZV1-2,UBXN6_HUMAN,UBXN6,,,14190.65,19979.2,51569.5
Q9BZV3,Q9BZV3,IMPG2_HUMAN,IMPG2,213898.0,108278.0,91064.4,98474.1,175578.0
Q9BZW5,Q9BZW5,TM6S1_HUMAN,TM6SF1,,,,15544.0,3857.74
Q9BZW8-2,Q9BZW8-2;Q9BZW8-3,CD244_HUMAN,CD244,,5355.31,,,5998.525
Q9BZX2,Q9BZX2,UCK2_HUMAN,UCK2,,,,,
Q9BZZ2,Q9BZZ2;Q9BZZ2-2;Q9BZZ2-3,SN_HUMAN,SIGLEC1,,,1547.66,,
Q9BZZ5-2,Q9BZZ5-2;Q9BZZ5-5,API5_HUMAN,API5,,249057.0,29993.4,103177.1,
Q9C000;Q9C000-2,Q9C000;Q9C000-2;Q9C000-3;Q9C000-4;Q9C000-5,NLRP1_HUMAN,NLRP1,,,,,
Q9C002,Q9C002,NMES1_HUMAN,NMES1,,,,,
Q9C005,Q9C005,DPY30_HUMAN,DPY30,,,,,
Q9C035,Q9C035,TRIM5_HUMAN,TRIM5,,,,20767.1,
Q9C037;Q9C037-2,Q9C037;Q9C037-2;Q9C037-3,TRIM4_HUMAN,TRIM4,9926.05,,8383.63,19187.8,9888.79
Q9C040;Q9C040-2,Q9C040;Q9C040-2,TRIM2_HUMAN,TRIM2,,,,,
Q9C073,Q9C073;Q9C073-2,F117A_HUMAN,FAM117A,,,8740.29,,5719.09
Q9C075,Q9C075;Q9C075-2,K1C23_HUMAN,KRT23,,210178.0,,29977.4,4369.11
Q9C086,Q9C086,IN80B_HUMAN,INO80B,,,,,
Q9C0B0,Q9C0B0,UNK_HUMAN,UNK,,,,,
Q9C0B1,Q9C0B1,FTO_HUMAN,FTO,,,32243.8,23068.6,58710.195
Q9C0B5;Q9C0B5-2,Q9C0B5;Q9C0B5-2,ZDHC5_HUMAN,ZDHHC5,889.682,,3687.78,14542.6,
Q9C0B7,Q9C0B7,TNG6_HUMAN,TANGO6,,,,6544.52,
Q9C0B9,Q9C0B9,ZCHC2_HUMAN,ZCCHC2,,,,,
Q9C0C2,Q9C0C2;Q9C0C2-2,TB182_HUMAN,TNKS1BP1,42519.5,131344.0,36489.3,10438.2,6666.23
Q9C0C7;Q9C0C7-2;Q9C0C7-4;Q9C0C7-5,Q9C0C7;Q9C0C7-2;Q9C0C7-3;Q9C0C7-4;Q9C0C7-5;Q9C0C7-6,AMRA1_HUMAN,AMBRA1,,,,,
Q9C0C9,Q9C0C9,UBE2O_HUMAN,UBE2O,2184.73,449651.0,99812.2,132148.0,71679.8
Q9C0D0,Q9C0D0;Q9C0D0-2,PHAR1_HUMAN,PHACTR1,,1510.13,,19048.5,
Q9C0D2;Q9C0D2-3,Q9C0D2;Q9C0D2-3,CE295_HUMAN,CEP295,,,1661.19,7444.764999999999,
Q9C0D3,Q9C0D3,ZY11B_HUMAN,ZYG11B,,,7371.08,,
Q9C0D5;Q9C0D5-2,Q9C0D5;Q9C0D5-2,TANC1_HUMAN,TANC1,,,,,
Q9C0D7,Q9C0D7;Q9C0D7-2,ZC12C_HUMAN,ZC3H12C,,,,,1928.4
Q9C0D9,Q9C0D9,EPT1_HUMAN,SELENOI,,,,,
Q9C0E2,Q9C0E2,XPO4_HUMAN,XPO4,,,20993.0,18224.55,4386.83
Q9C0E8;Q9C0E8-2,Q9C0E8;Q9C0E8-2;Q9C0E8-3;Q9C0E8-4,LNP_HUMAN,LNPK,,6203.03,13435.4,47089.7,15442.6
Q9C0F1,Q9C0F1;Q9C0F1-2,CEP44_HUMAN,CEP44,,,,,
Q9C0G0-2,Q9C0G0;Q9C0G0-2;Q9C0G0-3,ZN407_HUMAN,ZNF407,1817.7,,,,
Q9C0G6,Q9C0G6,DYH6_HUMAN,DNAH6,,,92818.25,124346.0,42657.35
Q9C0H2;Q9C0H2-2,Q9C0H2;Q9C0H2-2;Q9C0H2-3,TTYH3_HUMAN,TTYH3,,,26177.75,35322.7,5805.395
Q9C0H5;Q9C0H5-2,Q9C0H5;Q9C0H5-2,RHG39_HUMAN,ARHGAP39,,17435.9,,,
Q9C0H9,Q9C0H9,SRCN1_HUMAN,SRCIN1,,,,,25671.3
Q9C0I1,Q9C0I1;Q9C0I1-2;Q9C0I1-3,MTMRC_HUMAN,MTMR12,,,13422.7,49318.8,7973.8
Q9C0J8,Q9C0J8;Q9C0J8-2;Q9C0J8-3,WDR33_HUMAN,WDR33,2639.84,,,,
Q9C0K0,Q9C0K0;Q9C0K0-2,BC11B_HUMAN,BCL11B,,,,,
Q9C0K7,Q9C0K7;Q9C0K7-2;Q9C0K7-3,STRAB_HUMAN,STRADB,,,,,
Q9GZL7,Q9GZL7,WDR12_HUMAN,WDR12,,,1334.05,,
Q9GZM3,P52435;Q9GZM3;Q9H1A7,RPB1B_HUMAN,POLR2J2,,,,,
Q9GZM5,Q9GZM5,YIPF3_HUMAN,YIPF3,,,,,801.947
Q9GZM8;Q9GZM8-2;Q9GZM8-3,Q9GZM8;Q9GZM8-2;Q9GZM8-3,NDEL1_HUMAN,NDEL1,,,,,
Q9GZN1,Q9GZN1;Q9GZN1-2,ARP6_HUMAN,ACTR6,,,,,
Q9GZN7,Q9GZN7,ROGDI_HUMAN,ROGDI,,,,3285.43,
Q9GZN8;Q9GZN8-2,Q9GZN8;Q9GZN8-2,ADSSP_HUMAN,ADISSP,,,9649.29,25617.5,2740.855
Q9GZP0;Q9GZP0-2,Q9GZP0;Q9GZP0-2,PDGFD_HUMAN,PDGFD,,18336.9,,27901.7,23843.9
Q9GZP4;Q9GZP4-2,Q9GZP4;Q9GZP4-2,PITH1_HUMAN,PITHD1,,,9921.11,26955.7,
Q9GZP8,Q9GZP8,IMUP_HUMAN,IMUP,,,,,
Q9GZP8-2,Q9GZP8;Q9GZP8-2,IMUP_HUMAN,IMUP,,26637.25,,,
Q9GZP9,Q9GZP9,DERL2_HUMAN,DERL2,,,,15525.95,
Q9GZQ3,Q9GZQ3,COMD5_HUMAN,COMMD5,,,,6541.89,4020.38
Q9GZR1;Q9GZR1-2,Q9GZR1;Q9GZR1-2,SENP6_HUMAN,SENP6,,,,,
Q9GZR2,Q9GZR2,REXO4_HUMAN,REXO4,,,,1178.06,
Q9GZR7,Q9GZR7;Q9GZR7-2,DDX24_HUMAN,DDX24,,61087.7,,117547.5,
Q9GZS1,Q9GZS1,RPA49_HUMAN,POLR1E,,,,,
Q9GZS3,Q9GZS3,SKI8_HUMAN,SKIC8,,,,13074.4,
Q9GZT3;Q9GZT3-2,Q9GZT3;Q9GZT3-2,SLIRP_HUMAN,SLIRP,,,,17766.25,
Q9GZT4,Q9GZT4,SRR_HUMAN,SRR,,,,,
Q9GZT6-2,Q9GZT6;Q9GZT6-2;Q9GZT6-3,CC90B_HUMAN,CCDC90B,,,2667.64,8595.595000000001,
Q9GZT8;Q9GZT8-2,Q9GZT8;Q9GZT8-2;Q9GZT8-3,NIF3L_HUMAN,NIF3L1,2851.07,,23059.8,49955.2,15989.2
Q9GZT9;Q9GZT9-2,Q9GZT9;Q9GZT9-2;Q9GZT9-3,EGLN1_HUMAN,EGLN1,,,,,
Q9GZU1,Q9GZU1,MCLN1_HUMAN,MCOLN1,,,,3379.39,
Q9GZU3;Q9GZU3-4,Q9GZU3;Q9GZU3-4;Q9GZU3-3,TM39B_HUMAN,TMEM39B,,,,,
Q9GZU7,Q9GZU7;Q9GZU7-2;Q9GZU7-3,CTDS1_HUMAN,CTDSP1,,,8003.21,32752.7,11224.3
Q9GZU8,Q9GZU8,PIP30_HUMAN,PSME3IP1,,,,,
Q9GZX9,Q9GZX9,TWSG1_HUMAN,TWSG1,,,,,
Q9GZY4,Q9GZY4,COA1_HUMAN,COA1,,,,,
Q9GZY6,Q9GZY6,NTAL_HUMAN,LAT2,,,6283.110000000001,25761.6,
Q9GZY8-2,Q9GZY8;Q9GZY8-5;Q9GZY8-2,MFF_HUMAN,MFF,,,41541.6,95087.9,63118.6
Q9GZZ1,Q9GZZ1;Q9GZZ1-2,NAA50_HUMAN,NAA50,,,,5782.465,
Q9GZZ9,Q9GZZ9;Q9GZZ9-2,UBA5_HUMAN,UBA5,,,21332.7,38821.7,
Q9H000;Q9H000-2,Q9H000;Q9H000-2,MKRN2_HUMAN,MKRN2,,,,,
Q9H008,Q9H008;Q9H008-2,LHPP_HUMAN,LHPP,,,6838.870000000001,11997.7,11063.395
Q9H019;Q9H019-3,Q9H019;Q9H019-2;Q9H019-3,MFR1L_HUMAN,MTFR1L,,,,8694.63,
Q9H061,Q9H061;Q9H061-2,T126A_HUMAN,TMEM126A,,,10650.9,40532.8,
Q9H061-2,Q9H061-2,T126A_HUMAN,TMEM126A,,,,,9692.07
Q9H063,Q9H063,MAF1_HUMAN,MAF1,,,,,
Q9H074,Q9H074;Q9H074-2;Q9H074-3,PAIP1_HUMAN,PAIP1,,,18335.1,25739.2,6393.48
Q9H078-2,Q9H078;Q9H078-2;Q9H078-3;Q9H078-4;Q9H078-5,CLPB_HUMAN,CLPB,,,,,
Q9H079,Q9H079,KTBL1_HUMAN,KATNBL1,,,,,
Q9H081,Q9H081,MIS12_HUMAN,MIS12,,,,,
Q9H082,Q9H082,RB33B_HUMAN,RAB33B,,,75062.2,360667.0,102237.0
Q9H089,Q9H089,LSG1_HUMAN,LSG1,9207.86,,76115.8,,
Q9H093,Q9H093,NUAK2_HUMAN,NUAK2,31406.5,,,,1200.58
Q9H098,Q9H098;Q9H098-2,F107B_HUMAN,FAM107B,,,,4036.625,4508.36
Q9H0A0,Q9H0A0;Q9H0A0-2,NAT10_HUMAN,NAT10,,,,,
Q9H0A8,Q9H0A8,COMD4_HUMAN,COMMD4,,,,5683.45,
Q9H0B6,Q9H0B6;Q9H0B6-2,KLC2_HUMAN,KLC2,,,,,
Q9H0B8,Q9H0B8;Q9H0B8-2;Q9H0B8-3,CRLD2_HUMAN,CRISPLD2,,,,13076.3,41059.7
Q9H0C8,Q9H0C8,ILKAP_HUMAN,ILKAP,,,44537.9,4787.17,
Q9H0D6,Q9H0D6;Q9H0D6-2,XRN2_HUMAN,XRN2,,245502.0,14220.8,79237.1,46028.5
Q9H0D6-2,Q9H0D6-2,XRN2_HUMAN,XRN2,,,,,
Q9H0E2,Q9H0E2;Q9H0E2-2,TOLIP_HUMAN,TOLLIP,,,40204.3,118370.0,16899.6
Q9H0E3-3,Q9H0E3;Q9H0E3-3,SP130_HUMAN,SAP130,,,,,
Q9H0E9,Q9H0E9;Q9H0E9-2;Q9H0E9-3;Q9H0E9-4,BRD8_HUMAN,BRD8,,,,,
Q9H0F6,Q9H0F6;Q9H0F6-2,SHRPN_HUMAN,SHARPIN,,,,,
Q9H0F7;Q9H0F7-2,Q9H0F7;Q9H0F7-2,ARL6_HUMAN,ARL6,,,,,
Q9H0G5,Q9H0G5,NSRP1_HUMAN,NSRP1,,,,,
Q9H0H0,Q9H0H0,INT2_HUMAN,INTS2,,,,,30760.5
Q9H0J9,Q9H0J9,PAR12_HUMAN,PARP12,,,,8892.93,
Q9H0K1,Q9H0K1,SIK2_HUMAN,SIK2,,,,,
Q9H0L4,Q9H0L4,CSTFT_HUMAN,CSTF2T,,,,,
Q9H0M0;Q9H0M0-3,Q9H0M0;Q9H0M0-3;Q9H0M0-6,WWP1_HUMAN,WWP1,,,,1751.28,
Q9H0N5,Q9H0N5,PHS2_HUMAN,PCBD2,,,,8744.88,
Q9H0P0,Q9H0P0;Q9H0P0-1;Q9H0P0-2;Q9H0P0-3,5NT3A_HUMAN,NT5C3A,,59827.1,26204.3,37178.6,8626.02
Q9H0Q0,Q9H0Q0,CYRIA_HUMAN,CYRIA,,,,6579.37,
Q9H0R1,Q9H0R1,AP5M1_HUMAN,AP5M1,28615.4,,8860.22,,
Q9H0R3,Q9H0R3,TM222_HUMAN,TMEM222,,,,21246.0,7156.07
Q9H0R4,Q9H0R4;Q9H0R4-2,HDHD2_HUMAN,HDHD2,,,25428.55,61473.2,204900.155
Q9H0R6,Q9H0R6,GATA_HUMAN,QRSL1,,,3667.74,76410.7,
Q9H0S4;Q9H0S4-2,Q9H0S4;Q9H0S4-2,DDX47_HUMAN,DDX47,,370860.0,,,
Q9H0T7,Q9H0T7,RAB17_HUMAN,RAB17,,,,,
Q9H0U3,Q9H0U3;Q9H0U3-2,MAGT1_HUMAN,MAGT1,,,10214.9,29738.0,15705.0
Q9H0U4,P62820;Q9H0U4;P62820-2,RAB1B_HUMAN,RAB1B,,,60939.2,144305.0,49082.2
Q9H0U6,Q9H0U6,RM18_HUMAN,MRPL18,,,2892.19,,
Q9H0U9,Q9H0U9,TSYL1_HUMAN,TSPYL1,,,,,
Q9H0V1;Q9H0V1-2,Q9H0V1;Q9H0V1-2,TM168_HUMAN,TMEM168,,,,,
Q9H0V9;Q9H0V9-2,Q9H0V9;Q9H0V9-2;Q9H0V9-3,LMA2L_HUMAN,LMAN2L,,,,22842.8,9547.28
Q9H0W8;Q9H0W8-2,Q9H0W8;Q9H0W8-2,SMG9_HUMAN,SMG9,,,,4888.52,
Q9H0W9;Q9H0W9-2;Q9H0W9-4,Q9H0W9;Q9H0W9-3;Q9H0W9-2;Q9H0W9-4,CK054_HUMAN,C11orf54,,,137618.0,16452.2,
Q9H0X4,Q9H0X4;Q9H0X4-2,F234A_HUMAN,FAM234A,,9425.61,13689.2,19332.9,7355.85
Q9H0X9;Q9H0X9-2;Q9H0X9-3,Q9H0X9;Q9H0X9-2;Q9H0X9-3,OSBL5_HUMAN,OSBPL5,,,12008.7,,
Q9H115,Q9H115;Q9H115-2;Q9H115-3,SNAB_HUMAN,NAPB,,,,102690.0,50812.7
Q9H147,Q9H147,TDIF1_HUMAN,DNTTIP1,,,,,
Q9H159;Q9H159-2,Q9H159;Q9H159-2,CAD19_HUMAN,CDH19,,,55806.0,3822.27,
Q9H160;Q9H160-2,Q9H160;Q9H160-2,ING2_HUMAN,ING2,,227464.0,46765.9,21400.17,15447.3
Q9H165;Q9H165-6,Q9H165;Q9H165-2;Q9H165-6,BC11A_HUMAN,BCL11A,,,,,
Q9H171;Q9H171-4;Q9H171-7,Q9H171;Q9H171-7;Q9H171-4,ZBP1_HUMAN,ZBP1,,,,,
Q9H173,Q9H173,SIL1_HUMAN,SIL1,,,9524.85,8276.84,
Q9H190,Q9H190,SDCB2_HUMAN,SDCBP2,,,,15662.7,
Q9H1A3;Q9H1A3-2,Q9H1A3;Q9H1A3-2,METL9_HUMAN,METTL9,,,,,
Q9H1A4,Q9H1A4,APC1_HUMAN,ANAPC1,4888.51,51460.0,2291.13,43935.7,
Q9H1B5,Q9H1B5;Q9H1B5-2,XYLT2_HUMAN,XYLT2,,,42229.3,13945.7,13126.3
Q9H1B7,Q9H1B7,I2BPL_HUMAN,IRF2BPL,69157.7,33995.8,227124.0,65186.3,257031.0
Q9H1C0,Q9H1C0,LPAR5_HUMAN,LPAR5,,,,,
Q9H1C4,Q9H1C4,UN93B_HUMAN,UNC93B1,,,,,
Q9H1C7,Q9H1C7,CYTM1_HUMAN,CYSTM1,,,1072290.0,40205.0,12059.5
Q9H1D9,Q9H1D9,RPC6_HUMAN,POLR3F,,,,,
Q9H1E1,Q9H1E1,RNAS7_HUMAN,RNASE7,,,,12758.06,6852.12
Q9H1E3,Q9H1E3,NUCKS_HUMAN,NUCKS1,,,,6720.52,
Q9H1E5,Q9H1E5,TMX4_HUMAN,TMX4,,,10945.5,42732.0,23862.2
Q9H1H9-2;Q9H1H9-3;Q9H1H9-4,Q9H1H9;Q9H1H9-2;Q9H1H9-3;Q9H1H9-4,KI13A_HUMAN,KIF13A,,,13369.9,17852.3,
Q9H1I8,Q9H1I8,ASCC2_HUMAN,ASCC2,,,80741.5,15430.3,19028.4
Q9H1J1,Q9H1J1;Q9H1J1-2,REN3A_HUMAN,UPF3A,,,,,
Q9H1K0,Q9H1K0,RBNS5_HUMAN,RBSN,118702.0,8324160.0,22486.4,4766110.0,127292.15
Q9H1K1;Q9H1K1-2,Q9H1K1;Q9H1K1-2,ISCU_HUMAN,ISCU,,,,,
Q9H1N7,Q9H1N7,S35B3_HUMAN,SLC35B3,,,,,
Q9H1P3;Q9H1P3-2,Q9H1P3;Q9H1P3-2,OSBL2_HUMAN,OSBPL2,,,,10577.4,
Q9H1U4,Q9H1U4,MEGF9_HUMAN,MEGF9,4362.719999999999,215926.0,14267.9,23976.25,
Q9H1U9,Q3SY17;Q9H1U9,S2551_HUMAN,SLC25A51,,,,,
Q9H1X3,Q9H1X3;Q9H1X3-2,DJC25_HUMAN,DNAJC25,,,,,
Q9H1X3-3,P50151;Q9H1X3-3,DJC25_HUMAN,DNAJC25,,,32558.7,108424.0,
Q9H1Y0,Q9H1Y0,ATG5_HUMAN,ATG5,,,1671.55,11707.3,
Q9H1Z4,Q9H1Z4;Q9H1Z4-2,WDR13_HUMAN,WDR13,,,5171.04,,
Q9H201;Q9H201-2,Q9H201;Q9H201-2,EPN3_HUMAN,EPN3,,,,,
Q9H204,Q9H204,MED28_HUMAN,MED28,,,,,
Q9H223,Q9H223,EHD4_HUMAN,EHD4,2870.62,710262.0,21898.8,66477.0,23284.4
Q9H228,Q9H228;Q9H228-2,S1PR5_HUMAN,S1PR5,,,,,
Q9H237;Q9H237-2;Q9H237-3;Q9H237-4;Q9H237-5,Q9H237;Q9H237-2;Q9H237-3;Q9H237-4;Q9H237-5,PORCN_HUMAN,PORCN,,,,,
Q9H244,Q9H244,P2Y12_HUMAN,P2RY12,,28295.2,,5359.89,
Q9H246,Q9H246,CA021_HUMAN,C1orf21,,,,,
Q9H251-6,Q9H251-6,CAD23_HUMAN,CDH23,,,2373.67,2408.105,
Q9H251;Q9H251-2;Q9H251-4;Q9H251-8,Q9H251;Q9H251-2;Q9H251-3;Q9H251-4;Q9H251-8,CAD23_HUMAN,CDH23,10213.7,55780.3,89299.5,85992.7,16791.25
Q9H254;Q9H254-4,Q9H254;Q9H254-3;Q9H254-4;Q9H254-5,SPTN4_HUMAN,SPTBN4,165017.0,124775.0,412603.0,486077.0,726974.0
Q9H257,Q9H257;Q9H257-2;Q9H257-3,CARD9_HUMAN,CARD9,,80353.5,15073.1,16509.8,5385.02
Q9H267,Q9H267;Q9H267-2,VP33B_HUMAN,VPS33B,,,7622.44,27580.0,
Q9H269,Q9H269;Q9H269-2,VPS16_HUMAN,VPS16,83295.0,,14219.1,21136.15,53158.4
Q9H270,Q9H270,VPS11_HUMAN,VPS11,,487358.0,7191.42,15005.75,3657.54
Q9H299,Q9H299,SH3L3_HUMAN,SH3BGRL3,6563.195,87229.20000000001,142060.0,412874.0,6449.014999999999
Q9H2A7,Q9H2A7,CXL16_HUMAN,CXCL16,,75843.0,,43380.9,
Q9H2C0,Q9H2C0,GAN_HUMAN,GAN,,,,63575.7,
Q9H2C2,Q9H2C2,ARV1_HUMAN,ARV1,,,,,
Q9H2D1,Q9H2D1,MFTC_HUMAN,SLC25A32,,,,,
Q9H2D6;Q9H2D6-3;Q9H2D6-5;Q9H2D6-7,Q9H2D6;Q9H2D6-5;Q9H2D6-2;Q9H2D6-3;Q9H2D6-7,TARA_HUMAN,TRIOBP,,,6945.74,22102.1,13115.0
Q9H2F5;Q9H2F5-2,Q9H2F5;Q9H2F5-2;Q9H2F5-3,EPC1_HUMAN,EPC1,,,,21348.8,
Q9H2G2,Q9H2G2,SLK_HUMAN,SLK,,,,,
Q9H2G2-2,Q9H2G2;Q9H2G2-2,SLK_HUMAN,SLK,121999.0,,40600.7,83357.9,39524.8
Q9H2G4,Q9H2G4,TSYL2_HUMAN,TSPYL2,,,,,
Q9H2G9,Q9H2G9,GO45_HUMAN,BLZF1,,,2251.01,,
Q9H2H8,Q9H2H8;Q9H2H8-2,PPIL3_HUMAN,PPIL3,,,,37333.52,
Q9H2H9,Q9H2H9,S38A1_HUMAN,SLC38A1,,11793.0,,,
Q9H2I8,Q9H2I8,LRMDA_HUMAN,LRMDA,,,22201.5,176691.0,
Q9H2J4,Q9H2J4,PDCL3_HUMAN,PDCL3,,,9001.95,19096.35,
Q9H2K0,Q9H2K0,IF3M_HUMAN,MTIF3,,,,,
Q9H2K8,Q9H2K8,TAOK3_HUMAN,TAOK3,3104.15,,25460.3,105348.0,40161.7
Q9H2L5,Q9H2L5;Q9H2L5-4,RASF4_HUMAN,RASSF4,,,,,
Q9H2M9,Q9H2M9,RBGPR_HUMAN,RAB3GAP2,,,22638.05,38331.2,10903.67
Q9H2P0,Q9H2P0,ADNP_HUMAN,ADNP,,,37375.7,54379.05,
Q9H2P9-6,Q9H2P9;Q9H2P9-2;Q9H2P9-3;Q9H2P9-4;Q9H2P9-5;Q9H2P9-6,DPH5_HUMAN,DPH5,,,,,
Q9H2U1;Q9H2U1-2,Q9H2U1;Q9H2U1-2;Q9H2U1-3,DHX36_HUMAN,DHX36,,9141.77,,,9533.1
Q9H2U2;Q9H2U2-2,Q9H2U2;Q9H2U2-2;Q9H2U2-3,IPYR2_HUMAN,PPA2,,,16828.1,50184.75,18438.5
Q9H2V7;Q9H2V7-2;Q9H2V7-3,Q9H2V7;Q9H2V7-2;Q9H2V7-3;Q9H2V7-4,SPNS1_HUMAN,SPNS1,,,,6458.84,5609.92
Q9H2W1,Q9H2W1;Q96DS6;Q9H2W1-2;Q9H2W1-3;Q9H2W1-4;Q9H2W1-5,M4A6A_HUMAN,MS4A6A,,1308.44,,,
Q9H2W6,Q9H2W6,RM46_HUMAN,MRPL46,,,,10009.2,5027.4
Q9H2X6;Q9H2X6-3,Q9H2X6;Q9H2X6-2;Q9H2X6-3,HIPK2_HUMAN,HIPK2,1979.88,,165821.0,,
Q9H2X8,Q9H2X8,I27L2_HUMAN,IFI27L2,,,,5265.86,
Q9H2X9-2,Q9H2X9;Q9H2X9-2,S12A5_HUMAN,SLC12A5,853.362,,,,
Q9H2Y7,Q9H2Y7;Q9H2Y7-2,ZN106_HUMAN,ZNF106,,,,,
Q9H300;Q9H300-2,Q9H300;Q9H300-2,PARL_HUMAN,PARL,,,,24540.7,
Q9H305;Q9H305-2;Q9H305-3,Q9H305;Q9H305-2;Q9H305-3,CDIP1_HUMAN,CDIP1,,,,,
Q9H307,Q9H307,PININ_HUMAN,PNN,5972.96,1641740.0,,13707.8,
Q9H330,Q9H330;Q9H330-4,TM245_HUMAN,TMEM245,,,4725.13,11175.8,8246.665
Q9H334;Q9H334-4;Q9H334-7,Q9H334;Q9H334-3;Q9H334-4;Q9H334-6;Q9H334-7;Q9H334-8,FOXP1_HUMAN,FOXP1,,27594.9,,92874.55,46125.8
Q9H336,Q9H336;Q9H336-2,CRLD1_HUMAN,CRISPLD1,,,,6548.76,6887.37
Q9H3C7,Q9H3C7;Q9H3C7-2;Q9H3C7-3,GGNB2_HUMAN,GGNBP2,,,14395.9,114239.0,
Q9H3F6,Q9H3F6,BACD3_HUMAN,KCTD10,,,,16131.3,
Q9H3G5,Q9H3G5,CPVL_HUMAN,CPVL,1469.08,,12323.4,16709.4,
Q9H3H3;Q9H3H3-1;Q9H3H3-3,Q9H3H3;Q9H3H3-3;Q9H3H3-1,CK068_HUMAN,C11orf68,,,,12845.3,
Q9H3H5;Q9H3H5-2,Q9H3H5;Q9H3H5-2;Q9H3H5-3,GPT_HUMAN,DPAGT1,,,,,
Q9H3J6;Q9H3J6-2,Q9H3J6;Q9H3J6-2,MTRFR_HUMAN,MTRFR,,,,,
Q9H3K2,Q9H3K2,GHITM_HUMAN,GHITM,,,,11919.65,
Q9H3K6,Q9H3K6,BOLA2_HUMAN,BOLA2,,,,10237.11,
Q9H3M7,Q9H3M7;Q9H3M7-2,TXNIP_HUMAN,TXNIP,,,,12447.13,
Q9H3N1,Q9H3N1,TMX1_HUMAN,TMX1,,,99089.6,220062.0,113774.5
Q9H3P2,Q9H3P2,NELFA_HUMAN,NELFA,,30204.3,,,
Q9H3P7,Q9H3P7,GCP60_HUMAN,ACBD3,,,4177.03,26137.4,8965.81
Q9H3Q1,Q9H3Q1;Q9H3Q1-2,BORG4_HUMAN,CDC42EP4,,,,,
Q9H3Q3,Q9H3Q3,G3ST2_HUMAN,GAL3ST2,,,,,
Q9H3R0;Q9H3R0-2;Q9H3R0-3;Q9H3R0-4,Q9H3R0;Q9H3R0-2;Q9H3R0-3;Q9H3R0-4,KDM4C_HUMAN,KDM4C,,,8340.79,,
Q9H3R2,Q9H3R2,MUC13_HUMAN,MUC13,,,,,
Q9H3S1,Q9H3S1,SEM4A_HUMAN,SEMA4A,,,,31077.0,
Q9H3S5,Q9H3S5,PIGM_HUMAN,PIGM,,,,,
Q9H3S7,Q9H3S7,PTN23_HUMAN,PTPN23,,,10379.6,38151.0,146034.0
Q9H3U1-2,Q9H3U1;Q9H3U1-2,UN45A_HUMAN,UNC45A,,85014.5,31963.35,83165.9,26040.45
Q9H3U5;Q9H3U5-3,Q9H3U5;Q9H3U5-2;Q9H3U5-3,MFSD1_HUMAN,MFSD1,,,12227.5,71875.95,28468.65
Q9H3Y8,Q9H3Y8,PPDPF_HUMAN,PPDPF,,,,,
Q9H3Z4;Q9H3Z4-2,Q9H3Z4;Q9H3Z4-2,DNJC5_HUMAN,DNAJC5,,,5093.25,7509.915,
Q9H400,Q9H400;Q9H400-2,LIME1_HUMAN,LIME1,,,,,
Q9H410;Q9H410-4,Q9H410;Q9H410-4,DSN1_HUMAN,DSN1,6413.870000000001,,,,47933.1
Q9H425,Q9H425;Q9H425-3,CA198_HUMAN,C1orf198,,16773.7,25933.2,54933.1,
Q9H444,Q9H444,CHM4B_HUMAN,CHMP4B,,,118295.0,70468.5,33022.6
Q9H446,Q9H446,RWDD1_HUMAN,RWDD1,,,6369.3,15101.6,
Q9H467,Q9H467,CUED2_HUMAN,CUEDC2,14445.0,,,,9763.05
Q9H469,Q9H469,FXL15_HUMAN,FBXL15,,,,,
Q9H479,Q9H479,FN3K_HUMAN,FN3K,,,19690.1,46679.60000000001,7632.62
Q9H488,Q9H488;Q9H488-2,OFUT1_HUMAN,POFUT1,,,,21860.2,
Q9H490;Q9H490-2,Q9H490;Q9H490-2,PIGU_HUMAN,PIGU,,,4073.97,,
Q9H492;Q9H492-2,Q9H492;Q9H492-2,MLP3A_HUMAN,MAP1LC3A,,,,,
Q9H496,Q9H496,IFG15_HUMAN,TOR1AIP2,,,,,
Q9H497,Q9H497;Q9H497-2,TOR3A_HUMAN,TOR3A,3449.15,,41816.4,58890.6,
Q9H4A3;Q9H4A3-2;Q9H4A3-5;Q9H4A3-6;Q9H4A3-7,Q9H4A3;Q9H4A3-2;Q9H4A3-4;Q9H4A3-5;Q9H4A3-6;Q9H4A3-7,WNK1_HUMAN,WNK1,,,15984.1,37748.6,23115.7
Q9H4A4,Q9H4A4,AMPB_HUMAN,RNPEP,7025.05,,29965.75,29634.0,15260.25
Q9H4A5,Q9H4A5;Q9H4A5-2,GLP3L_HUMAN,GOLPH3L,,,,9047.57,
Q9H4A6,Q9H4A6,GOLP3_HUMAN,GOLPH3,,,,3965.26,
Q9H4A9,Q9H4A9;Q9H4A9-2;Q9H4A9-3,DPEP2_HUMAN,DPEP2,10563.1,127794.0,14665.25,14595.1,7124.21
Q9H4B0,Q9H4B0;Q9H4B0-2;Q9H4B0-3,OSGL1_HUMAN,OSGEPL1,,,,,
Q9H4B6,Q9H4B6,SAV1_HUMAN,SAV1,,,49071.6,24091.8,3607.57
Q9H4B7,Q9H4B7,TBB1_HUMAN,TUBB1,7935.85,73578.1,810347.0,3355380.0,618564.0
Q9H4E7,Q9H4E7,DEFI6_HUMAN,DEF6,,,38411.25,25049.9,6324.14
Q9H4F1,Q9H4F1,SIA7D_HUMAN,ST6GALNAC4,,,,,
Q9H4F8;Q9H4F8-2,Q9H4F8;Q9H4F8-2,SMOC1_HUMAN,SMOC1,,19049.2,11564.55,25686.3,31160.6
Q9H4G0-4,Q9H4G0;Q9H4G0-2;Q9H4G0-4,E41L1_HUMAN,EPB41L1,,,,,
Q9H4G4,Q9H4G4,GAPR1_HUMAN,GLIPR2,11249.1,7173.99,51738.9,360753.0,279533.0
Q9H4I3,Q9H4I3,TRABD_HUMAN,TRABD,,,,,
Q9H4I9,Q9H4I9,EMRE_HUMAN,SMDT1,,,,4139.54,
Q9H4K7,Q9H4K7;Q9H4K7-2,MTG2_HUMAN,MTG2,,,,,
Q9H4L4,Q9H4L4,SENP3_HUMAN,SENP3,,,15712.7,,18159.455
Q9H4L5,Q9H4L5;Q9H4L5-2;Q9H4L5-3;Q9H4L5-4,OSBL3_HUMAN,OSBPL3,,,14754.7,13410.9,24815.6
Q9H4L7-2,Q9H4L7;Q9H4L7-2;Q9H4L7-3,SMRCD_HUMAN,SMARCAD1,,,,,
Q9H4M3,Q9H4M3;Q9H4M3-2,FBX44_HUMAN,FBXO44,,,,,
Q9H4M9,Q9H4M9,EHD1_HUMAN,EHD1,,,87377.9,253828.0,28864.7
Q9H4P4;Q9H4P4-2,Q9H4P4;Q9H4P4-2,RNF41_HUMAN,RNF41,,,,,
Q9H4X1;Q9H4X1-2,Q9H4X1;Q9H4X1-2,RGCC_HUMAN,RGCC,,16268.1,43098.60000000001,125504.0,
Q9H4Z3,Q9H4Z3,CAPAM_HUMAN,PCIF1,,,,,
Q9H501,Q9H501,ESF1_HUMAN,ESF1,,,,,
Q9H553,Q9H553;Q9H553-2,ALG2_HUMAN,ALG2,,,,17190.9,8332.8
Q9H579-2,Q9H579-2,MROH8_HUMAN,MROH8,,,,,
Q9H582,Q9H582;Q9H582-3,ZN644_HUMAN,ZNF644,,,,,
Q9H583,Q9H583,HEAT1_HUMAN,HEATR1,,219619.5,46346.35,125089.0,73054.0
Q9H5H4,Q9H5H4,ZN768_HUMAN,ZNF768,,,,,
Q9H5K3,Q9H5K3,SG196_HUMAN,POMK,,,,,
Q9H5N1,Q9H5N1;Q9H5N1-2,RABE2_HUMAN,RABEP2,,,14544.69,33524.95,
Q9H5Q4,Q9H5Q4,TFB2M_HUMAN,TFB2M,,,,,
Q9H5U6;Q9H5U6-3,Q9H5U6;Q9H5U6-3,ZCHC4_HUMAN,ZCCHC4,,,,,
Q9H5V8;Q9H5V8-2,Q9H5V8;Q9H5V8-2,CDCP1_HUMAN,CDCP1,,,,,
Q9H5V9;Q9H5V9-2;Q9H5V9-3,Q9H5V9;Q9H5V9-2;Q9H5V9-3,STEEP_HUMAN,STEEP1,,,,,
Q9H5X1,Q9H5X1;Q9H5X1-2,CIA2A_HUMAN,CIAO2A,,42899.7,47394.25,772043.0,1128390.0
Q9H5Z1;Q9H5Z1-2,Q9H5Z1;Q9H5Z1-2,DHX35_HUMAN,DHX35,,,,,
Q9H649,Q9H649,NSUN3_HUMAN,NSUN3,,,,,
Q9H665,Q9H665;Q9H665-2,IGFR1_HUMAN,IGFLR1,,118040.0,,,
Q9H668,Q9H668,STN1_HUMAN,STN1,,,,,
Q9H6A0,Q9H6A0,DEN2D_HUMAN,DENND2D,,,,,
Q9H6A0-2,Q9H6A0;Q9H6A0-2,DEN2D_HUMAN,DENND2D,,,19465.9,36700.39999999999,
Q9H6A9,Q9H6A9,PCX3_HUMAN,PCNX3,,,,,3280.54
Q9H6B9,Q9H6B9,EPHX3_HUMAN,EPHX3,,,4000.64,,
Q9H6D7,Q9H6D7;Q9H6D7-3;Q9H6D7-4,HAUS4_HUMAN,HAUS4,,,,64064.65,8877.81
Q9H6E4,Q9H6E4,CC134_HUMAN,CCDC134,,,,42456.2,7583.83
Q9H6E5,Q9H6E5,STPAP_HUMAN,TUT1,,,,114872.0,75267.4
Q9H6F5,Q9H6F5,CCD86_HUMAN,CCDC86,,,,,
Q9H6H4,Q9H6H4;Q9H6H4-2,REEP4_HUMAN,REEP4,,,38068.7,21338.6,10841.8
Q9H6K4,Q9H6K4;Q9H6K4-2,OPA3_HUMAN,OPA3,,,,7829.39,
Q9H6K4-2,Q9H6K4-2,OPA3_HUMAN,OPA3,,,,,
Q9H6L2,Q9H6L2,TM231_HUMAN,TMEM231,,,,,
Q9H6P5,Q9H6P5,TASP1_HUMAN,TASP1,,,,,
Q9H6Q3;Q9H6Q3-3,Q9H6Q3;Q9H6Q3-2;Q9H6Q3-3;Q9H6Q3-4,SLAP2_HUMAN,SLA2,,,11770.95,45202.1,12377.875
Q9H6Q4,Q9H6Q4;Q9H6Q4-3,CIAO3_HUMAN,CIAO3,,,,,
Q9H6R0,Q9H6R0;Q9H6R0-2,DHX33_HUMAN,DHX33,,,13972.8,50351.0,9680.675
Q9H6R4;Q9H6R4-4,Q9H6R4;Q9H6R4-2;Q9H6R4-4,NOL6_HUMAN,NOL6,,,,,
Q9H6R6;Q9H6R6-2,Q9H6R6;Q9H6R6-2,ZDHC6_HUMAN,ZDHHC6,,,,,
Q9H6S0,Q9H6S0,YTDC2_HUMAN,YTHDC2,,,,12202.025,
Q9H6S1,Q9H6S1;Q9H6S1-3;Q9H6S1-4;Q9H6S1-5,AZI2_HUMAN,AZI2,,,,28213.0,
Q9H6S3,Q9H6S3;Q9H6S3-2;Q9H6S3-3,ES8L2_HUMAN,EPS8L2,24978.3,,,10292.7,14349.45
Q9H6T3,Q9H6T3;Q9H6T3-2,RPAP3_HUMAN,RPAP3,,,,12512.4,
Q9H6U6-3;Q9H6U6-7;Q9H6U6-8,Q9H6U6-3;Q9H6U6-7;Q9H6U6-8,BCAS3_HUMAN,BCAS3,,,,,
Q9H6U6;Q9H6U6-2,Q9H6U6;Q9H6U6-2;Q9H6U6-3;Q9H6U6-6;Q9H6U6-7;Q9H6U6-8,BCAS3_HUMAN,BCAS3,,,13637.9,21525.0,6919.94
Q9H6U8;Q9H6U8-3,Q9H6U8;Q9H6U8-2;Q9H6U8-3;Q9H6U8-4,ALG9_HUMAN,ALG9,,,69667.7,45032.95,
Q9H6V9;Q9H6V9-2,Q9H6V9;Q9H6V9-2;Q9H6V9-3;Q9H6V9-4,LDAH_HUMAN,LDAH,,,2266.47,10293.895,
Q9H6W3,Q9H6W3;Q9H6W3-2,RIOX1_HUMAN,RIOX1,,,,5233.96,
Q9H6X2,Q9H6X2;Q9H6X2-2;Q9H6X2-3;Q9H6X2-4;Q9H6X2-5;Q9H6X2-6,ANTR1_HUMAN,ANTXR1,7419.48,17314.9,25429.9,506071.0,29432.4
Q9H6Y2,Q9H6Y2;Q9H6Y2-2,WDR55_HUMAN,WDR55,,27384.3,,78871.4,110632.0
Q9H6Y7;Q9H6Y7-2,Q9H6Y7;Q9H6Y7-2,RN167_HUMAN,RNF167,,,,,
Q9H6Z4,Q9H6Z4;Q9H6Z4-2;Q9H6Z4-3,RANB3_HUMAN,RANBP3,,6893.8,20849.15,14805.0,
Q9H720,Q9H720,PG2IP_HUMAN,CWH43,,,,,
Q9H756,Q9H756,LRC19_HUMAN,LRRC19,,50864.35000000001,,,
Q9H773,Q9H773,DCTP1_HUMAN,DCTPP1,,,,13339.0,
Q9H788-2,Q9H788;Q9H788-2,SH24A_HUMAN,SH2D4A,,,,,
Q9H799,Q9H799,CPLN1_HUMAN,CPLANE1,13007.6,,,,9732.54
Q9H7B2,Q9H7B2,RPF2_HUMAN,RPF2,,,,,
Q9H7B4,Q9H7B4,SMYD3_HUMAN,SMYD3,,,,16728.2,
Q9H7C9,Q9H7C9,AAMDC_HUMAN,AAMDC,,,4016.06,21185.505,
Q9H7D0,Q9H7D0,DOCK5_HUMAN,DOCK5,29490.2,48603.6,19638.3,71706.05,14845.3
Q9H7D7-2,Q9H7D7;Q9H7D7-2,WDR26_HUMAN,WDR26,,,4316.85,19856.6,901187.0
Q9H7E2-3,Q9H7E2-3,TDRD3_HUMAN,TDRD3,,,,,
Q9H7E9;Q9H7E9-2,Q9H7E9;Q9H7E9-2,CH033_HUMAN,C8orf33,,72641.85,,2852.1,8318.69
Q9H7F0,Q9H7F0,AT133_HUMAN,ATP13A3,,,,,
Q9H7H0;Q9H7H0-2;Q9H7H0-3,Q9H7H0;Q9H7H0-2;Q9H7H0-3,MET17_HUMAN,METTL17,,,,,
Q9H7J1,Q9H7J1,PPR3E_HUMAN,PPP1R3E,,,10622.65,29063.6,8699.68
Q9H7L9,Q9H7L9,SDS3_HUMAN,SUDS3,,,,,
Q9H7M9,Q9H7M9,VISTA_HUMAN,VSIR,,,7152.31,8617.77,3511.755
Q9H7N4,Q9H7N4,SFR19_HUMAN,SCAF1,,,,24459.0,
Q9H7P6;Q9H7P6-2,Q9H7P6;Q9H7P6-2,MB12B_HUMAN,MVB12B,,,,2388.415,
Q9H7P9,Q9H7P9;Q9H7P9-3,PKHG2_HUMAN,PLEKHG2,,,,,21025.9
Q9H7X0;Q9H7X0-2;Q9H7X0-3,Q9H7X0;Q9H7X0-2;Q9H7X0-3,NAA60_HUMAN,NAA60,,,,,
Q9H7X7;Q9H7X7-2;Q9H7X7-3,Q9H7X7;Q9H7X7-2;Q9H7X7-3,IFT22_HUMAN,IFT22,,,,,
Q9H7Z3,Q9H7Z3,NRDE2_HUMAN,NRDE2,,,,,
Q9H7Z6;Q9H7Z6-2,Q9H7Z6;Q9H7Z6-2,KAT8_HUMAN,KAT8,,,,,
Q9H7Z7,Q9H7Z7,PGES2_HUMAN,PTGES2,,,,2752.82,
Q9H813;Q9H813-2,Q9H813;Q9H813-2,PACC1_HUMAN,PACC1,,,,25005.4,
Q9H814,Q9H814,PHAX_HUMAN,PHAX,,,2899.8,5814.36,
Q9H819,Q9H819,DJC18_HUMAN,DNAJC18,,,,64517.2,
Q9H832,Q9H832;Q9H832-2,UBE2Z_HUMAN,UBE2Z,,787481.0,16670.5,,32295.4
Q9H840,Q9H840,GEMI7_HUMAN,GEMIN7,,,,,
Q9H845,Q9H845,ACAD9_HUMAN,ACAD9,,,11715.65,27602.0,11558.3
Q9H857;Q9H857-2,Q9H857;Q9H857-2;Q9H857-3;Q9H857-4,NT5D2_HUMAN,NT5DC2,,,,,7849.2
Q9H869-2;Q9H869-3;Q9H869-9,Q9H869;Q9H869-2;Q9H869-3;Q9H869-4;Q9H869-6;Q9H869-8;Q9H869-9,YYAP1_HUMAN,YY1AP1,,,,,
Q9H871,Q9H871,RMD5A_HUMAN,RMND5A,,,,17741.65,
Q9H892-2,Q9H892;Q9H892-2,TTC12_HUMAN,TTC12,,,,,
Q9H8E8;Q9H8E8-2,Q9H8E8;Q9H8E8-2,CSR2B_HUMAN,KAT14,,,,,
Q9H8G1,A6NN14;Q9H8G1,ZN430_HUMAN,ZNF430,,,,,
Q9H8G2,Q9H8G2,CAAP1_HUMAN,CAAP1,,,,,
Q9H8H0,Q9H8H0,NOL11_HUMAN,NOL11,,,,,
Q9H8H2,Q9H8H2;Q9H8H2-2;Q9H8H2-4,DDX31_HUMAN,DDX31,,,,,
Q9H8H3,Q9H8H3,TMT1A_HUMAN,TMT1A,,,26627.6,128049.0,25705.1
Q9H8J5,Q9H8J5,MANS1_HUMAN,MANSC1,,154592.0,62287.95,27502.9,
Q9H8L6,Q9H8L6,MMRN2_HUMAN,MMRN2,13144.0,1136230.0,94762.79999999999,76706.5,40091.2
Q9H8M1;Q9H8M1-2,Q9H8M1;Q9H8M1-2,CQ10B_HUMAN,COQ10B,,,5623.17,12203.5,
Q9H8M2,Q9H8M2;Q9H8M2-1;Q9H8M2-2;Q9H8M2-3;Q9H8M2-6,BRD9_HUMAN,BRD9,,,,,
Q9H8M5;Q9H8M5-2,Q9H8M5;Q9H8M5-2;Q9H8M5-3,CNNM2_HUMAN,CNNM2,,,,16185.9,
Q9H8M7,Q9H8M7,MINY3_HUMAN,MINDY3,,,18187.2,30847.1,
Q9H8T0;Q9H8T0-2,Q9H8T0;Q9H8T0-2,AKTIP_HUMAN,AKTIP,,,,,
Q9H8W4,Q9H8W4,PKHF2_HUMAN,PLEKHF2,,,47073.8,85098.25,29759.7
Q9H8Y5,Q9H8Y5,ANKZ1_HUMAN,ANKZF1,,,,4844.58,49226.0
Q9H8Y8;Q9H8Y8-3,Q9H8Y8;Q9H8Y8-2;Q9H8Y8-3,GORS2_HUMAN,GORASP2,,19482.075,12910.0,31555.6,
Q9H900,Q9H900;Q9H900-2,ZWILC_HUMAN,ZWILCH,,,,,
Q9H903;Q9H903-1,Q9H903;Q9H903-1;Q9H903-3;Q9H903-5,MTD2L_HUMAN,MTHFD2L,,,,,
Q9H910;Q9H910-3,Q9H910;Q9H910-2;Q9H910-3,JUPI2_HUMAN,JPT2,,20667.75,13208.8,24009.0,12019.2
Q9H920,Q9H920;Q9H920-2,RN121_HUMAN,RNF121,,,,4536.77,
Q9H930,Q9H930;Q9H930-1;Q9H930-2,SP14L_HUMAN,SP140L,,,,,
Q9H936,Q9H936,GHC1_HUMAN,SLC25A22,,,,24254.935,
Q9H939,Q9H939;Q9H939-2,PPIP2_HUMAN,PSTPIP2,,,38321.1,121547.0,18636.7
Q9H944,Q9H944,MED20_HUMAN,MED20,,,,16739.7,
Q9H972;Q9H972-2,Q9H972;Q9H972-2,CN093_HUMAN,C14orf93,,,,,
Q9H974;Q9H974-2;Q9H974-3;Q9H974-4,Q9H974;Q9H974-2;Q9H974-3;Q9H974-4,QTRT2_HUMAN,QTRT2,,,,,
Q9H981-2,Q9H981-2,ARP8_HUMAN,ACTR8,,,22584.7,,107194.0
Q9H993,Q9H993,ARMT1_HUMAN,ARMT1,,,2823.515,13938.85,
Q9H9A5;Q9H9A5-6,Q9H9A5;Q9H9A5-2;Q9H9A5-3;Q9H9A5-4;Q9H9A5-6,CNO10_HUMAN,CNOT10,,,6583.03,11213.3,
Q9H9A6,Q9H9A6,LRC40_HUMAN,LRRC40,,115679.0,11718.8,42638.6,16645.3
Q9H9B1,Q9H9B1;Q9H9B1-3;Q9H9B1-4,EHMT1_HUMAN,EHMT1,,,,,7483.19
Q9H9B4,Q9H9B4,SFXN1_HUMAN,SFXN1,,,19197.7,60050.7,19351.25
Q9H9C1,Q9H9C1;Q9H9C1-2,SPE39_HUMAN,VIPAS39,,29338.8,5051.78,24202.8,
Q9H9E3,Q9H9E3;Q9H9E3-2;Q9H9E3-3,COG4_HUMAN,COG4,,,5648.77,14010.85,9497.2
Q9H9F9,Q9H9F9,ARP5_HUMAN,ACTR5,,,,,483699.0
Q9H9G7,Q9H9G7;Q9HCK5;Q9H9G7-2,AGO3_HUMAN,AGO3,,,,5157.65,
Q9H9H4,Q9H9H4,VP37B_HUMAN,VPS37B,,,7863.82,20985.5,
Q9H9J2,Q9H9J2,RM44_HUMAN,MRPL44,,,5810.94,40543.0,
Q9H9K5,Q9H9K5,MER34_HUMAN,ERVMER34-1,,78445.0,,,
Q9H9L3,Q9H9L3,I20L2_HUMAN,ISG20L2,,,,,2851.58
Q9H9L4,Q9H9L4,KANL2_HUMAN,KANSL2,,,,,
Q9H9P5,Q9H9P5,UNKL_HUMAN,UNKL,,,,,
Q9H9P8,Q9H9P8;Q9H9P8-2,L2HDH_HUMAN,L2HGDH,,,26285.7,34131.9,28813.7
Q9H9Q2,Q9H9Q2;Q9H9Q2-2,CSN7B_HUMAN,COPS7B,,,21113.8,29405.9,3689.82
Q9H9Q4,Q9H9Q4;Q9H9Q4-2,NHEJ1_HUMAN,NHEJ1,,,,,
Q9H9S4,Q9H9S4,CB39L_HUMAN,CAB39L,,,,5480.01,1813.63
Q9H9S5,Q9H9S5,FKRP_HUMAN,FKRP,,,6968.56,,
Q9H9T3-2,Q9H9T3;Q9H9T3-2,ELP3_HUMAN,ELP3,,,174066.9,10014.5,20007.2
Q9H9V9;Q9H9V9-2,Q9H9V9;Q9H9V9-2,JMJD4_HUMAN,JMJD4,,,,,
Q9H9Y2,Q9H9Y2,RPF1_HUMAN,RPF1,,20218.2,48762.0,,
Q9H9Y6;Q9H9Y6-3,Q9H9Y6;Q9H9Y6-2;Q9H9Y6-3;Q9H9Y6-4;Q9H9Y6-5,RPA2_HUMAN,POLR1B,,,,,
Q9HA47,Q9BZX2;Q9HA47;Q9BZX2-2;Q9HA47-3;Q9HA47-4,UCK1_HUMAN,UCK1,,,,4061.29,
Q9HA64,Q9HA64,KT3K_HUMAN,FN3KRP,,,,25258.8,
Q9HA65;Q9HA65-3,Q9HA65;Q9HA65-2;Q9HA65-3,TBC17_HUMAN,TBC1D17,17024.05,,28340.85,10239.7,33852.0
Q9HA72,Q9HA72,CAHM2_HUMAN,CALHM2,,,,,
Q9HA77,Q9HA77,SYCM_HUMAN,CARS2,,,8707.59,18241.0,2850.99
Q9HA82,Q9HA82,CERS4_HUMAN,CERS4,,,,7915.53,
Q9HA92,Q9HA92;Q9HA92-2,RSAD1_HUMAN,RSAD1,3994.75,,,,
Q9HAB8,Q9HAB8,PPCS_HUMAN,PPCS,,,5677.26,42550.10000000001,
Q9HAD4,Q9HAD4;Q9HAD4-2,WDR41_HUMAN,WDR41,,24980.5,61246.0,34297.8,
Q9HAF1;Q9HAF1-2;Q9HAF1-3;Q9HAF1-4,Q9HAF1;Q9HAF1-2;Q9HAF1-3;Q9HAF1-4,EAF6_HUMAN,MEAF6,,,,,
Q9HAH7;Q9HAH7-1,Q9HAH7;Q9HAH7-1,FBRS_HUMAN,FBRS,,,,,
Q9HAJ7,Q9HAJ7,SP30L_HUMAN,SAP30L,,,,,
Q9HAN9,Q9HAN9,NMNA1_HUMAN,NMNAT1,,,,,
Q9HAP2,Q9HAP2;Q9HAP2-2;Q9HAP2-4,MLXIP_HUMAN,MLXIP,,,,7375.83,
Q9HAR2;Q9HAR2-2;Q9HAR2-4,Q9HAR2;Q9HAR2-2;Q9HAR2-3;Q9HAR2-4,AGRL3_HUMAN,ADGRL3,,,,,
Q9HAS0,Q9HAS0,NJMU_HUMAN,C17orf75,,27991.6,,13639.5,
Q9HAT2,Q9HAT2;Q9HAT2-2,SIAE_HUMAN,SIAE,,,10234.1,48589.4,
Q9HAT8,Q9HAT8,PELI2_HUMAN,PELI2,,,,,2021.95
Q9HAU0;Q9HAU0-2;Q9HAU0-4;Q9HAU0-6,Q9HAU0;Q9HAU0-2;Q9HAU0-3;Q9HAU0-4;Q9HAU0-5;Q9HAU0-6;Q9HAU0-8,PKHA5_HUMAN,PLEKHA5,,,9448.17,6194.85,
Q9HAU5,Q9HAU5,RENT2_HUMAN,UPF2,,,7272.43,23100.35,10540.8
Q9HAV0,Q9HAV0,GBB4_HUMAN,GNB4,,,277306.0,145603.0,47344.0
Q9HAV4,Q9HAV4,XPO5_HUMAN,XPO5,,,57545.2,8472.29,
Q9HAV7,Q9HAV7,GRPE1_HUMAN,GRPEL1,,,,16834.0,
Q9HAW7;Q9HAW7-2,O60656;Q9HAW7;Q9HAW9;O60656-2;Q9HAW7-2;Q9HAW9-2,UD17_HUMAN,UGT1A7,,,,,
Q9HAY6,Q9HAY6,BCDO1_HUMAN,BCO1,,,3105.77,,4544.295
Q9HB07,Q9HB07,MYG1_HUMAN,MYG1,,,9500.875,7606.465,
Q9HB19,Q9HB19,PKHA2_HUMAN,PLEKHA2,,,,29560.0,
Q9HB21,Q9HB21;Q9HB21-2,PKHA1_HUMAN,PLEKHA1,,,19797.7,,
Q9HB40,Q9HB40;Q9HB40-2,RISC_HUMAN,SCPEP1,,,9796.58,14023.15,7128.59
Q9HB58-6,Q9HB58;Q9HB58-3;Q9HB58-5;Q9HB58-6;Q9HB58-7,SP110_HUMAN,SP110,,,,,
Q9HB71,Q9HB71;Q9HB71-3,CYBP_HUMAN,CACYBP,,,22458.85,68299.2,12534.2
Q9HB90,Q9HB90,RRAGC_HUMAN,RRAGC,,,7090.38,23257.1,
Q9HBB8;Q9HBB8-2;Q9HBB8-4,Q9HBB8;Q9HBB8-2;Q9HBB8-4,CDHR5_HUMAN,CDHR5,22846.8,333478.0,99003.5,130257.5,69031.35
Q9HBE1-4,Q9HBE1;Q9HBE1-4;Q9HBE1-2;Q9HBE1-3,PATZ1_HUMAN,PATZ1,,,,,
Q9HBE5,Q9HBE5,IL21R_HUMAN,IL21R,,,,8404.03,
Q9HBF4;Q9HBF4-3,Q9HBF4;Q9HBF4-3,ZFYV1_HUMAN,ZFYVE1,,,,10413.4,
Q9HBG4,Q9HBG4,VPP4_HUMAN,ATP6V0A4,,,,,
Q9HBG6;Q9HBG6-10;Q9HBG6-3;Q9HBG6-4;Q9HBG6-5;Q9HBG6-6;Q9HBG6-7;Q9HBG6-8;Q9HBG6-9,Q9HBG6;Q9HBG6-10;Q9HBG6-11;Q9HBG6-3;Q9HBG6-4;Q9HBG6-5;Q9HBG6-6;Q9HBG6-7;Q9HBG6-8;Q9HBG6-9,IF122_HUMAN,IFT122,,,,,
Q9HBG7;Q9HBG7-2;Q9HBG7-3,Q9HBG7;Q9HBG7-2;Q9HBG7-3;Q9HBG7-4,LY9_HUMAN,LY9,,7354.41,,,
Q9HBH0,Q9HBH0;Q9HBH0-2,RHOF_HUMAN,RHOF,,,24711.15,87345.6,17416.25
Q9HBH1,Q9HBH1,DEFM_HUMAN,PDF,,,,,
Q9HBH5,Q9HBH5,RDH14_HUMAN,RDH14,9820.08,,20088.8,16432.6,4643.43
Q9HBH9,Q9HBH9,MKNK2_HUMAN,MKNK2,,,,,
Q9HBI0,Q9HBI0;Q9HBI0-2;Q9HBI0-3,PARVG_HUMAN,PARVG,,,9857.38,38207.60000000001,
Q9HBI1,Q9HBI1,PARVB_HUMAN,PARVB,,,,,
Q9HBI1-3,Q9HBI1;Q9HBI1-2;Q9HBI1-3,PARVB_HUMAN,PARVB,4943.28,48260.3,511028.0,1848490.0,82953.5
Q9HBL0,Q9HBL0;Q9HBL0-1;Q9HBL0-2,TENS1_HUMAN,TNS1,26188.9,243931.0,12151.49,28254.5,17970.35
Q9HBL7,Q9HBL7,PLRKT_HUMAN,PLGRKT,,,29745.6,33981.85,34175.2
Q9HBL8,Q9HBL8,NMRL1_HUMAN,NMRAL1,,,,,6575.54
Q9HBM0,Q9HBM0;Q9HBM0-2,VEZA_HUMAN,VEZT,,,34938.415,13809.97,34067.0
Q9HBM6,Q16594;Q9HBM6,TAF9B_HUMAN,TAF9B,,,,,
Q9HBR0,Q9HBR0;Q9HBR0-2;Q9HBR0-3,S38AA_HUMAN,SLC38A10,6375.115,75128.7,11803.5,6678.0,6175.55
Q9HBU6,Q9HBU6,EKI1_HUMAN,ETNK1,,,,,1101.33
Q9HBW0,Q9HBW0,LPAR2_HUMAN,LPAR2,,,,,
Q9HBW9,Q9HBW9,AGRL4_HUMAN,ADGRL4,2943.015,91521.0,15138.2,12103.5,6678.72
Q9HC07,Q9HC07;Q9HC07-2,TM165_HUMAN,TMEM165,,,,5324.11,2343.26
Q9HC16,Q9HC16,ABC3G_HUMAN,APOBEC3G,,,97345.6,131500.1,
Q9HC21,Q9HC21;Q9HC21-2,TPC_HUMAN,SLC25A19,,,46968.3,22984.7,
Q9HC29;Q9HC29-2,Q9HC29;Q9HC29-2,NOD2_HUMAN,NOD2,,,,,
Q9HC35,Q9HC35;Q9HC35-2,EMAL4_HUMAN,EML4,,,17054.9,38138.65,6869.57
Q9HC36,Q9HC36,MRM3_HUMAN,MRM3,,,,70064.2,
Q9HC38-2,Q9HC38;Q9HC38-2;Q9HC38-3,GLOD4_HUMAN,GLOD4,4832.23,,20661.2,62965.6,8992.175
Q9HC56;Q9HC56-2,Q9HC56;Q9HC56-2,PCDH9_HUMAN,PCDH9,961.98,61145.8,7440.18,4296.94,1934.655
Q9HC78;Q9HC78-2,Q9HC78;Q9HC78-2,ZBT20_HUMAN,ZBTB20,,,,,
Q9HC84,Q9HC84,MUC5B_HUMAN,MUC5B,,,35381.8,93734.2,4503.57
Q9HC98;Q9HC98-2;Q9HC98-3;Q9HC98-4,Q9HC98;Q9HC98-4;Q9HC98-2;Q9HC98-3,NEK6_HUMAN,NEK6,,,,,
Q9HCB6,Q9HCB6,SPON1_HUMAN,SPON1,1412.38,470494.0,13161.7,49721.6,116973.0
Q9HCC0,Q9HCC0;Q9HCC0-2,MCCB_HUMAN,MCCC2,,,15975.5,16603.15,10465.8
Q9HCD5,Q9HCD5,NCOA5_HUMAN,NCOA5,,,,,
Q9HCD6;Q9HCD6-2,Q9HCD6;Q9HCD6-2;Q9HCD6-3;Q9HCD6-4,TANC2_HUMAN,TANC2,,,,,
Q9HCE0;Q9HCE0-2,Q9HCE0;Q9HCE0-2,EPG5_HUMAN,EPG5,,9775.48,107993.0,6681.34,
Q9HCE1,Q9HCE1;Q9HCE1-2,MOV10_HUMAN,MOV10,,,51589.2,27525.0,
Q9HCE5,Q9HCE5,MET14_HUMAN,METTL14,,,,,
Q9HCE6;Q9HCE6-2;Q9HCE6-3,Q9HCE6;Q9HCE6-2;Q9HCE6-3;Q9HCE6-4;Q9HCE6-5,ARGAL_HUMAN,ARHGEF10L,,,,,
Q9HCE7;Q9HCE7-2,Q9HCE7;Q9HCE7-2,SMUF1_HUMAN,SMURF1,,,,24939.6,
Q9HCE9,Q9HCE9,ANO8_HUMAN,ANO8,,,,26920.9,
Q9HCF6;Q9HCF6-11;Q9HCF6-7,Q9HCF6;Q9HCF6-11;Q9HCF6-7,TRPM3_HUMAN,TRPM3,,,,,
Q9HCG7;Q9HCG7-2,Q9HCG7;Q9HCG7-2,GBA2_HUMAN,GBA2,2300.59,,20343.9,22498.9,3619.14
Q9HCG8,Q9HCG8,CWC22_HUMAN,CWC22,,,,,
Q9HCH0;Q9HCH0-2,Q9HCH0;Q9HCH0-2,NCK5L_HUMAN,NCKAP5L,,,,,
Q9HCH5;Q9HCH5-13;Q9HCH5-14;Q9HCH5-15;Q9HCH5-6,Q9HCH5;Q9HCH5-13;Q9HCH5-11;Q9HCH5-12;Q9HCH5-14;Q9HCH5-15;Q9HCH5-2;Q9HCH5-4;Q9HCH5-6;Q9HCH5-7;Q9HCH5-8;Q9HCH5-9,SYTL2_HUMAN,SYTL2,,,,,
Q9HCI7;Q9HCI7-2,Q9HCI7;Q9HCI7-2,MSL2_HUMAN,MSL2,,,,,
Q9HCJ1,Q9HCJ1;Q9HCJ1-2,ANKH_HUMAN,ANKH,,,,,
Q9HCJ6,Q9HCJ6,VAT1L_HUMAN,VAT1L,,,,,
Q9HCK5,Q9HCK5,AGO4_HUMAN,AGO4,,,,12438.1,
Q9HCK8,Q9HCK8;Q9HCK8-2,CHD8_HUMAN,CHD8,,,,,
Q9HCL0;Q9HCL0-2,Q9HCL0;Q9HCL0-2,PCD18_HUMAN,PCDH18,1611.65,,54210.6,23390.3,7952.16
Q9HCL2,Q9HCL2,GPAT1_HUMAN,GPAM,,,,,
Q9HCM1,Q9HCM1,RESF1_HUMAN,RESF1,,,,,
Q9HCM2,O75051;P51805;Q9HCM2;Q9UIW2,PLXA4_HUMAN,PLXNA4,,,23140.6,54396.3,19967.9
Q9HCM3;Q9HCM3-2,Q9HCM3;Q9HCM3-2,K1549_HUMAN,KIAA1549,,14444.6,28218.4,13105.1,
Q9HCM4;Q9HCM4-2;Q9HCM4-3;Q9HCM4-4,Q9H329;Q9HCM4;Q9H329-2;Q9HCM4-2;Q9HCM4-3;Q9HCM4-4,E41L5_HUMAN,EPB41L5,,,,,5841.82
Q9HCM7,Q9HCM7,FBSL_HUMAN,FBRSL1,,,,,
Q9HCN4;Q9HCN4-2;Q9HCN4-3;Q9HCN4-4;Q9HCN4-5,Q9HCN4;Q9HCN4-2;Q9HCN4-3;Q9HCN4-4;Q9HCN4-5,GPN1_HUMAN,GPN1,,,,,
Q9HCN6-3,Q9HCN6;Q9HCN6-2;Q9HCN6-3,GPVI_HUMAN,GP6,1280.43,22010.7,29451.4,44893.35000000001,3967.18
Q9HCN8,Q9HCN8,SDF2L_HUMAN,SDF2L1,,,14365.95,34694.3,
Q9HCP0;Q9HCP0-2,Q9HCP0;Q9HCP0-2,KC1G1_HUMAN,CSNK1G1,,,12419.5,17797.85,6035.85
Q9HCS2,Q9HCS2,CP4FC_HUMAN,CYP4F12,,,,,
Q9HCS7,Q9HCS7,SYF1_HUMAN,XAB2,33173.3,,,446560.5,418481.0
Q9HCU0,Q9HCU0,CD248_HUMAN,CD248,7945.14,43467.0,1503770.0,109099.0,17924.4
Q9HCU4,Q9HCU4,CELR2_HUMAN,CELSR2,,6608.77,2096.11,,4472.79
Q9HCU5,Q9HCU5,PREB_HUMAN,PREB,,,22945.1,50503.9,24441.4
Q9HCU8,Q9HCU8;Q9HCU8-2,DPOD4_HUMAN,POLD4,,,,,
Q9HCU9,Q9HCU9,BRMS1_HUMAN,BRMS1,,,,,
Q9HCY8,Q9HCY8,S10AE_HUMAN,S100A14,,8672.26,21075.9,61279.21,9647.15
Q9HD15,Q9HD15,SRA1_HUMAN,SRA1,44908.1,81617.9,4654910.0,448173.0,346698.0
Q9HD20,Q9HD20;Q9HD20-2,AT131_HUMAN,ATP13A1,,,54737.8,13171.7,5927.96
Q9HD23;Q9HD23-2,Q9HD23;Q9HD23-2;Q9HD23-4,MRS2_HUMAN,MRS2,,,,4711.45,
Q9HD26,Q9HD26;Q9HD26-2;Q9HD26-3,GOPC_HUMAN,GOPC,,,14400.465,10981.6,
Q9HD33;Q9HD33-2,Q9HD33;Q9HD33-2;Q9HD33-3,RM47_HUMAN,MRPL47,12217.4,,,15127.4,7401.32
Q9HD34,Q9HD34,LYRM4_HUMAN,LYRM4,,,,,
Q9HD40;Q9HD40-3,Q9HD40;Q9HD40-3,SPCS_HUMAN,SEPSECS,,,5139.4,5807.065000000001,1120.33
Q9HD42,Q9HD42,CHM1A_HUMAN,CHMP1A,,,15546.8,36462.75,5928.66
Q9HD45,Q9HD45,TM9S3_HUMAN,TM9SF3,,,15316.375,35141.6,30405.8
Q9HD67,Q9HD67;Q9HD67-3,MYO10_HUMAN,MYO10,2682.79,,,,
Q9HD89,Q9HD89;Q9HD89-2,RETN_HUMAN,RETN,1489.87,,29762.7,30859.7,
Q9HDC9,Q9HDC9,APMAP_HUMAN,APMAP,77142.1,24374.25,1806900.0,871576.0,823661.0
Q9NNW5,Q9NNW5,WDR6_HUMAN,WDR6,,,,4051.63,
Q9NNW7;Q9NNW7-2,Q9NNW7;Q9NNW7-2,TRXR2_HUMAN,TXNRD2,,,8082.84,3726.91,
Q9NNX1,Q9NNX1;Q9NNX1-2;Q9NNX1-3,TUFT1_HUMAN,TUFT1,,,,34935.4,
Q9NNX6;Q9NNX6-6,Q9NNX6;Q9NNX6-10;Q9NNX6-11;Q9NNX6-12;Q9NNX6-2;Q9NNX6-3;Q9NNX6-4;Q9NNX6-5;Q9NNX6-6;Q9NNX6-7;Q9NNX6-8,CD209_HUMAN,CD209,11399.7,28827.1,22912.4,52627.3,21870.1
Q9NP31;Q9NP31-2;Q9NP31-3;Q9NP31-4,Q9NP31;Q9NP31-2;Q9NP31-3;Q9NP31-4,SH22A_HUMAN,SH2D2A,,,,,
Q9NP50,Q9NP50,SHCAF_HUMAN,SINHCAF,,,,,
Q9NP55;Q9NP55-2,Q9NP55;Q9NP55-2,BPIA1_HUMAN,BPIFA1,2063.685,,101121.0,72932.8,28423.8
Q9NP58,Q9NP58;Q9NP58-4,ABCB6_HUMAN,ABCB6,,,10278.4,61648.2,17808.15
Q9NP59,Q9NP59,S40A1_HUMAN,SLC40A1,,,6340.44,19084.8,7371.07
Q9NP61,Q9NP61;Q9NP61-2,ARFG3_HUMAN,ARFGAP3,,,,,
Q9NP64-3,Q9NP64;Q9NP64-2;Q9NP64-3,ZCC17_HUMAN,ZCCHC17,,,,,
Q9NP66,Q9NP66,HM20A_HUMAN,HMG20A,,,,,
Q9NP72,Q9NP72;Q9NP72-2;Q9NP72-3,RAB18_HUMAN,RAB18,,,34464.9,207851.0,53353.4
Q9NP73,Q9NP73;Q9NP73-2;Q9NP73-3,ALG13_HUMAN,ALG13,,,,,
Q9NP74,Q9NP74;Q9NP74-2;Q9NP74-3,PALMD_HUMAN,PALMD,,,,,
Q9NP77,Q9NP77,SSU72_HUMAN,SSU72,,,,,
Q9NP78-6,Q9NP78;Q9NP78-2;Q9NP78-3;Q9NP78-5;Q9NP78-6;Q9NP78-7,ABCB9_HUMAN,ABCB9,66737.0,232916.0,637332.0,138741.0,1844040.0
Q9NP79,Q9NP79;Q9NP79-2,VTA1_HUMAN,VTA1,7810.32,1101300.0,11546.55,82472.2,14424.2
Q9NP80;Q9NP80-3,Q9NP80;Q9NP80-2;Q9NP80-3,PLPL8_HUMAN,PNPLA8,416853.0,67068.0,148550.0,178323.0,86203.7
Q9NP81,Q9NP81;Q9NP81-2,SYSM_HUMAN,SARS2,11233.9,,5375.27,27229.4,
Q9NP84,Q9NP84,TNR12_HUMAN,TNFRSF12A,4053.63,54556.6,,,
Q9NP87,Q9NP87;Q9NP87-2;Q9NP87-3,DPOLM_HUMAN,POLM,,,,,
Q9NP90,Q9NP90,RAB9B_HUMAN,RAB9B,,,,26897.7,
Q9NP92,Q9NP92,RT30_HUMAN,MRPS30,,,5054.9,10239.855,
Q9NP97,Q9NP97,DLRB1_HUMAN,DYNLRB1,,,15850.7,20395.35,
Q9NP99;Q9NP99-3,Q9NP99;Q9NP99-2;Q9NP99-3,TREM1_HUMAN,TREM1,,,,,
Q9NPA0,Q9NPA0,EMC7_HUMAN,EMC7,,,6265.98,12787.7,
Q9NPA8;Q9NPA8-2,Q9NPA8;Q9NPA8-2,ENY2_HUMAN,ENY2,,,,,
Q9NPB1,Q9NPB1,NT5M_HUMAN,NT5M,,,,,
Q9NPB8,Q9NPB8,GPCP1_HUMAN,GPCPD1,,,,15115.45,
Q9NPD3,Q9NPD3,EXOS4_HUMAN,EXOSC4,,,,,
Q9NPE3,Q9NPE3,NOP10_HUMAN,NOP10,,,,,
Q9NPF0,Q9NPF0,CD320_HUMAN,CD320,,41797.9,,11742.4,
Q9NPF2;Q9NPF2-2,Q9NPF2;Q9NPF2-2,CHSTB_HUMAN,CHST11,4212.21,,,,
Q9NPF4,Q9NPF4,OSGEP_HUMAN,OSGEP,,,,16227.2,
Q9NPF5,Q9NPF5,DMAP1_HUMAN,DMAP1,,,,,8984.35
Q9NPF8;Q9NPF8-2,Q9NPF8;Q9NPF8-2,ADAP2_HUMAN,ADAP2,,,,,
Q9NPG3;Q9NPG3-2,Q9NPG3;Q9NPG3-2,UBN1_HUMAN,UBN1,,,13000.5,,
Q9NPG4,Q9NPG4,PCD12_HUMAN,PCDH12,2664.035,,34065.0,16187.1,11103.7
Q9NPH0,Q9NPH0,PPA6_HUMAN,ACP6,,,,,
Q9NPH2;Q9NPH2-3,Q9NPH2;Q9NPH2-2;Q9NPH2-3,INO1_HUMAN,ISYNA1,,,13211.45,9591.85,
Q9NPH3,Q9NPH3;Q9NPH3-2;Q9NPH3-3;Q9NPH3-5,IL1AP_HUMAN,IL1RAP,27810.1,1407740.0,17259.5,37445.8,26760.7
Q9NPI0,Q9NPI0,TM138_HUMAN,TMEM138,,,,,
Q9NPI1,Q9NPI1;Q9NPI1-2,BRD7_HUMAN,BRD7,,753985.0,36308.0,,
Q9NPI1-2,Q9NPI1-2,BRD7_HUMAN,BRD7,,,,,
Q9NPI6;Q9NPI6-2,Q9NPI6;Q9NPI6-2,DCP1A_HUMAN,DCP1A,,,,5482.57,
Q9NPJ3,Q9NPJ3,ACO13_HUMAN,ACOT13,,,15660.8,43448.3,
Q9NPJ6,Q9NPJ6,MED4_HUMAN,MED4,,,,5582.33,
Q9NPJ8;Q9NPJ8-3;Q9UKK6,Q9NPJ8;Q9UKK6;Q9NPJ8-3,NXT1_HUMAN;NXT2_HUMAN,NXT1;NXT2,,,,,
Q9NPL8,Q9NPL8,TIDC1_HUMAN,TIMMDC1,,,,,
Q9NPP4,Q9NPP4,NLRC4_HUMAN,NLRC4,,,,,
Q9NPQ8-3,Q9NPQ8;Q9NPQ8-2;Q9NPQ8-3,RIC8A_HUMAN,RIC8A,,,,,
Q9NPQ8-4,Q9NPQ8;Q9NVN3;Q9NPQ8-4;Q9NPQ8-2;Q9NPQ8-3;Q9NVN3-1;Q9NVN3-3;Q9NVN3-4,RIC8A_HUMAN,RIC8A,,43179.0,32191.2,52002.0,6007.37
Q9NPR2,Q9NPR2,SEM4B_HUMAN,SEMA4B,4861.49,,,,
Q9NPR9,Q9NPR9,GP108_HUMAN,GPR108,,,,10590.015,52161.9
Q9NPY3,Q9NPY3;Q9UHG2,C1QR1_HUMAN,CD93,10284.4,8473.23,159036.0,40199.3,16612.7
Q9NQ11,Q9NQ11;Q9NQ11-2;Q9NQ11-3,AT132_HUMAN,ATP13A2,,,6066.09,14112.6,7310.099999999999
Q9NQ25;Q9NQ25-3,Q9NQ25;Q9NQ25-2;Q9NQ25-3;Q9NQ25-5;Q9NQ25-7,SLAF7_HUMAN,SLAMF7,,28926.8,,,8290.37
Q9NQ29;Q9NQ29-2,Q9NQ29;Q9NQ29-2;Q9NQ29-3,LUC7L_HUMAN,LUC7L,,,361872.5,,
Q9NQ30,Q9NQ30;Q9NQ30-2,ESM1_HUMAN,ESM1,,,23287.5,6782.9,
Q9NQ31;Q9NQ31-3,Q9NQ31;Q9NQ31-2;Q9NQ31-3,AKIP1_HUMAN,AKIP1,,,,,
Q9NQ34,Q9NQ34;Q9NQ34-2,TMM9B_HUMAN,TMEM9B,,,,13081.0,9536.58
Q9NQ38-3,Q9NQ38;Q9NQ38-2;Q9NQ38-3,ISK5_HUMAN,SPINK5,3378.975,279567.0,21569.8,29274.4,43022.6
Q9NQ48;Q9NQ48-2,Q9NQ48;Q9NQ48-2,LZTL1_HUMAN,LZTFL1,,,,,
Q9NQ50,Q9NQ50,RM40_HUMAN,MRPL40,,,,,
Q9NQ55;Q9NQ55-2;Q9NQ55-3,Q9NQ55;Q9NQ55-2;Q9NQ55-3,SSF1_HUMAN,PPAN,,,,,
Q9NQ66,Q9NQ66;Q9NQ66-2,PLCB1_HUMAN,PLCB1,,,7042.305,13180.2,3842.24
Q9NQ75,Q9NQ75;Q9NQ75-2,CASS4_HUMAN,CASS4,27158.4,29696.8,53442.6,150124.0,34693.15
Q9NQ75-3,Q9NQ75-3,CASS4_HUMAN,CASS4,,,5358.21,10722.785,4840.27
Q9NQ76;Q9NQ76-2,Q9NQ76;Q9NQ76-2,MEPE_HUMAN,MEPE,1042.105,147661.0,16591.05,,2824.68
Q9NQ79;Q9NQ79-2,Q9NQ79;Q9NQ79-2;Q9NQ79-3,CRAC1_HUMAN,CRTAC1,72088.5,32230.55,594213.0,177602.0,242694.0
Q9NQ84;Q9NQ84-2,Q9NQ84;Q9NQ84-2,GPC5C_HUMAN,GPRC5C,,,,16335.45,
Q9NQ88,Q9NQ88,TIGAR_HUMAN,TIGAR,,,,,
Q9NQ89,Q9NQ89,CL004_HUMAN,C12orf4,,,,,
Q9NQA3,A8K0Z3;C4AMC7;Q6VEQ5;A8MWX3;Q9NQA3,WASH6_HUMAN,WASH6P,,,7484.92,9095.46,5644.105
Q9NQC1-3,Q9NQC1;Q9NQC1-2;Q9NQC1-3,JADE2_HUMAN,JADE2,,,6080.93,,
Q9NQC3-2,Q9NQC3;Q9NQC3-2;Q9NQC3-3;Q9NQC3-4;Q9NQC3-5;Q9NQC3-6,RTN4_HUMAN,RTN4,3082.33,87086.4,254758.0,997073.0,433851.0
Q9NQC3-3,Q9NQC3-3,RTN4_HUMAN,RTN4,,,238566.0,915745.0,412075.0
Q9NQC3-5,Q9NQC3-5,RTN4_HUMAN,RTN4,,,,21958.9,15401.5
Q9NQC3-6,Q9NQC3;Q9NQC3-4;Q9NQC3-6,RTN4_HUMAN,RTN4,,,,,
Q9NQC7;Q9NQC7-2,Q9NQC7;Q9NQC7-2,CYLD_HUMAN,CYLD,,23006.9,6829.1,25029.3,44866.945
Q9NQE9,Q9NQE9,HINT3_HUMAN,HINT3,,,4982.54,17054.45,
Q9NQG5,Q9NQG5,RPR1B_HUMAN,RPRD1B,,,16738.0,5660.96,22042.7
Q9NQG6,Q9NQG6;Q9NQG6-2,MID51_HUMAN,MIEF1,,,,,
Q9NQG7-3;Q9NQG7-4,Q9NQG7-3;Q9NQG7-4,HPS4_HUMAN,HPS4,,,7278.075,15226.3,
Q9NQH7;Q9NQH7-4,Q9NQH7;Q9NQH7-2;Q9NQH7-3;Q9NQH7-4;Q9NQH7-5,XPP3_HUMAN,XPNPEP3,,,,2925.32,
Q9NQP4,Q9NQP4,PFD4_HUMAN,PFDN4,,,,25122.8,
Q9NQQ7;Q9NQQ7-2;Q9NQQ7-3,Q9NQQ7;Q9NQQ7-3;Q9NQQ7-2,S35C2_HUMAN,SLC35C2,,,,,
Q9NQR1;Q9NQR1-2,Q9NQR1;Q9NQR1-2,KMT5A_HUMAN,KMT5A,,,,7490.83,
Q9NQR4,Q9NQR4,NIT2_HUMAN,NIT2,,,10567.5,26419.7,5756.65
Q9NQS1,Q9NQS1,AVEN_HUMAN,AVEN,,,15134.53,11019.25,5249.115
Q9NQS3-3,Q9NQS3;Q9NQS3-2;Q9NQS3-3,NECT3_HUMAN,NECTIN3,710.882,132400.0,4196.09,,
Q9NQS5,Q9NQS5,GPR84_HUMAN,GPR84,,,,,
Q9NQT4,Q9NQT4,EXOS5_HUMAN,EXOSC5,,,,,
Q9NQT5,Q9NQT5,EXOS3_HUMAN,EXOSC3,,,,,
Q9NQT8,Q9NQT8,KI13B_HUMAN,KIF13B,16790.5,144259.0,40265.65,61135.15,22008.35
Q9NQV6-6,Q9NQV6;Q9NQV6-1;Q9NQV6-2;Q9NQV6-4;Q9NQV6-5;Q9NQV6-6;Q9NQV6-7,PRD10_HUMAN,PRDM10,,,,,
Q9NQW7-3,Q9NQW7-3;Q9NQW7-4,XPP1_HUMAN,XPNPEP1,,20517.1,14477.7,41610.1,3800.96
Q9NQX3;Q9NQX3-2,Q9NQX3;Q9NQX3-2,GEPH_HUMAN,GPHN,,739097.0,65305.44,24689.7,3503.42
Q9NQY0,Q9NQY0,BIN3_HUMAN,BIN3,,,,,
Q9NQZ2,Q9NQZ2,SAS10_HUMAN,UTP3,,,,,
Q9NQZ5,Q9NQZ5,STAR7_HUMAN,STARD7,,,,,
Q9NR09,Q9NR09,BIRC6_HUMAN,BIRC6,,13945.7,11776.095,12306.7,63790.8
Q9NR12,Q9NR12;Q9NR12-3;Q9NR12-4;Q9NR12-5;Q9NR12-6,PDLI7_HUMAN,PDLIM7,1996.005,59557.4,141413.0,468000.0,74737.0
Q9NR12-2,Q9NR12-2,PDLI7_HUMAN,PDLIM7,,,,12343.7,
Q9NR19;Q9NR19-2,Q9NR19;Q9NR19-2,ACSA_HUMAN,ACSS2,,,14073.3,15995.7,
Q9NR28;Q9NR28-2,Q9NR28;Q9NR28-2,DBLOH_HUMAN,DIABLO,,,4781.41,35635.65,
Q9NR30,Q9NR30;Q9NR30-2,DDX21_HUMAN,DDX21,96883.8,,,16775.0,
Q9NR31,Q9NR31;Q9NR31-2,SAR1A_HUMAN,SAR1A,2329.85,,330637.0,667242.0,49084.7
Q9NR33,Q9NR33,DPOE4_HUMAN,POLE4,,,,,
Q9NR34,Q9NR34,MA1C1_HUMAN,MAN1C1,,,6242.23,26952.7,14171.7
Q9NR45,Q9NR45,SIAS_HUMAN,NANS,,,109907.5,31649.15,
Q9NR46,Q9NR46;Q9NR46-2,SHLB2_HUMAN,SH3GLB2,,,20120.4,47105.4,6925.19
Q9NR50,Q9NR50;Q9NR50-2;Q9NR50-3,EI2BG_HUMAN,EIF2B3,,,8282.81,31354.4,324282.0
Q9NR56-7,Q5VZF2;Q9NR56;Q5VZF2-2;Q5VZF2-3;Q9NR56-2;Q9NR56-3;Q9NR56-4;Q9NR56-5;Q9NR56-6;Q9NR56-7,MBNL1_HUMAN,MBNL1,,,2644.015,17740.15,1927.89
Q9NR77,Q9NR77,PXMP2_HUMAN,PXMP2,,,,,
Q9NR80;Q9NR80-3;Q9NR80-4,Q9NR80;Q9NR80-3;Q9NR80-4,ARHG4_HUMAN,ARHGEF4,,20053.95,,,
Q9NR81,Q9NR81;Q9NR81-2;Q9NR81-3;Q9NR81-4,ARHG3_HUMAN,ARHGEF3,,,,9283.96,
Q9NR96-4,Q9NR96;Q9NR96-2;Q9NR96-3;Q9NR96-4;Q9NR96-5,TLR9_HUMAN,TLR9,,,,,
Q9NR97;Q9NR97-2,Q9NR97;Q9NR97-2,TLR8_HUMAN,TLR8,,,,,
Q9NR99,Q9NR99,MXRA5_HUMAN,MXRA5,,129279.0,46319.2,12999.25,54671.0
Q9NRA0;Q9NRA0-2;Q9NRA0-3;Q9NRA0-4;Q9NRA0-5,Q9NRA0;Q9NRA0-2;Q9NRA0-3;Q9NRA0-4;Q9NRA0-5,SPHK2_HUMAN,SPHK2,,,,6224.57,
Q9NRA1,Q9NRA1;Q9NRA1-4,PDGFC_HUMAN,PDGFC,1797.62,15485.18,63882.4,18352.3,11127.95
Q9NRA2,Q9NRA2,S17A5_HUMAN,SLC17A5,,,,4528.41,3770.205
Q9NRA8;Q9NRA8-3,Q9NRA8;Q9NRA8-2;Q9NRA8-3,4ET_HUMAN,EIF4ENIF1,,,4347.06,9104.82,3860.74
Q9NRB3,Q9NRB3,CHSTC_HUMAN,CHST12,,15738.7,39655.5,18741.8,8971.065
Q9NRC1-2;Q9NRC1-3,Q9NRC1;Q8TDW4;Q8TDW4-2;Q8TDW4-3;Q8TDW4-4;Q8TDW4-5;Q8TDW4-6;Q8TDW4-7;Q8TDW4-8;Q9NRC1-2;Q9NRC1-3;Q9NRC1-4;Q9NRC1-5;Q9NRC1-6;Q9NRC1-7,ST7_HUMAN,ST7,4883.18,,,2194.57,
Q9NRC6,Q9NRC6,SPTN5_HUMAN,SPTBN5,5262.18,2170.44,4813.81,5069.43,5924.57
Q9NRC8,Q9NRC8,SIR7_HUMAN,SIRT7,,,,,
Q9NRD1,Q9NRD1,FBX6_HUMAN,FBXO6,,,,,27220.1
Q9NRD5,Q9NRD5,PICK1_HUMAN,PICK1,,,,4038.96,
Q9NRD8,Q9NRD8,DUOX2_HUMAN,DUOX2,,,,,
Q9NRD9,Q9NRD9;Q9NRD9-2,DUOX1_HUMAN,DUOX1,,,,,
Q9NRF2,Q9NRF2;Q9NRF2-2;Q9NRF2-3,SH2B1_HUMAN,SH2B1,,,,,
Q9NRF8,Q9NRF8,PYRG2_HUMAN,CTPS2,,,38862.45,42773.3,11558.495
Q9NRF9,Q9NRF9,DPOE3_HUMAN,POLE3,,,,,
Q9NRG0,Q9NRG0,CHRC1_HUMAN,CHRAC1,,,5115.6,,
Q9NRG1,Q9NRG1;Q9NRG1-2,PRDC1_HUMAN,PRTFDC1,,,18298.0,82657.65,
Q9NRG4,Q9NRG4,SMYD2_HUMAN,SMYD2,,,,,
Q9NRG7,Q9NRG7;Q9NRG7-3,D39U1_HUMAN,SDR39U1,,,,,3374.57
Q9NRG9,Q9NRG9,AAAS_HUMAN,AAAS,,,,35810.5,
Q9NRH2,Q9NRH2,SNRK_HUMAN,SNRK,,9256.99,,,
Q9NRI5;Q9NRI5-2,Q9NRI5;Q9NRI5-2;Q9NRI5-3;Q9NRI5-5;Q9NRI5-8;Q9NRI5-9,DISC1_HUMAN,DISC1,,,,,
Q9NRJ3,Q9NRJ3,CCL28_HUMAN,CCL28,,,,,2074.09
Q9NRK6,Q9NRK6,ABCBA_HUMAN,ABCB10,,,6545.95,15357.7,67372.15
Q9NRL2,Q9NRL2;Q9NRL2-2,BAZ1A_HUMAN,BAZ1A,,,,,
Q9NRL3;Q9NRL3-3,Q9NRL3;Q9NRL3-3,STRN4_HUMAN,STRN4,,,15758.4,34120.0,4905.9
Q9NRM0;Q9NRM0-2,Q9NRM0;Q9NRM0-2,GTR9_HUMAN,SLC2A9,3244.46,,,,
Q9NRN5,Q9NRN5;Q9NRN5-2;Q9NRN5-3,OLFL3_HUMAN,OLFML3,3140.96,10205.8,21676.4,13006.1,64167.2
Q9NRN7,Q9NRN7;Q9NRN7-2,ADPPT_HUMAN,AASDHPPT,,,,5011.684999999999,7141.59
Q9NRP0;Q9NRP0-2,Q9NRP0;Q9NRP0-2,OSTC_HUMAN,OSTC,,,17117.2,57283.3,22935.6
Q9NRP2,Q9NRP2,COXM2_HUMAN,CMC2,,,11322.2,44594.8,
Q9NRQ2,Q9NRQ2;Q9NRQ2-2,PLS4_HUMAN,PLSCR4,,,6500.54,22701.7,10667.8
Q9NRR4;Q9NRR4-2;Q9NRR4-4,Q9NRR4;Q9NRR4-2;Q9NRR4-4,RNC_HUMAN,DROSHA,,,,,
Q9NRR5,Q9NRR5,UBQL4_HUMAN,UBQLN4,,,3238.47,4609.85,
Q9NRS6,Q9NRS6;Q9NRS6-2,SNX15_HUMAN,SNX15,,,,211579.0,3482.17
Q9NRV9,Q9NRV9,HEBP1_HUMAN,HEBP1,,,4684.79,11262.3,5918.755
Q9NRW1,Q9NRW1;Q9NRW1-2,RAB6B_HUMAN,RAB6B,34044.7,2560740.0,80497.2,305140.0,97341.0
Q9NRW3,Q9NRW3,ABC3C_HUMAN,APOBEC3C,,,,,
Q9NRW4;Q9NRW4-2,Q9NRW4;Q9NRW4-2,DUS22_HUMAN,DUSP22,,,21465.8,30755.1,5863.25
Q9NRW7,Q9NRW7,VPS45_HUMAN,VPS45,4914.38,,11431.78,23751.0,8645.46
Q9NRW7-2,Q9NRW7-2,VPS45_HUMAN,VPS45,,,,,
Q9NRX1,Q9NRX1,PNO1_HUMAN,PNO1,,,,,
Q9NRX2,Q9NRX2,RM17_HUMAN,MRPL17,,,,6419.37,
Q9NRX4,Q9NRX4,PHP14_HUMAN,PHPT1,,,3471.81,2621.365,
Q9NRX5,Q9NRX5,SERC1_HUMAN,SERINC1,,,,,
Q9NRX6,Q9NRX6,KISHB_HUMAN,TMEM167B,,,,,
Q9NRY2;Q9NRY2-2,Q9NRY2;Q9NRY2-2,SOSSC_HUMAN,INIP,,,,,
Q9NRY4,Q9NRY4,RHG35_HUMAN,ARHGAP35,,,4385.33,25211.7,12498.69
Q9NRY5,Q9NRY5,F1142_HUMAN,FAM114A2,5866.6,,22489.2,28762.5,3271.22
Q9NRY6,Q9NRY6,PLS3_HUMAN,PLSCR3,,42446.25,9038.01,14975.2,26817.25
Q9NRZ5,Q9NRZ5,PLCD_HUMAN,AGPAT4,,,,26420.0,
Q9NRZ7,Q9NRZ7;Q9NRZ7-2;Q9NRZ7-3,PLCC_HUMAN,AGPAT3,,,13073.0,32317.25,14162.45
Q9NRZ9-6,Q9NRZ9;Q9NRZ9-6;Q9NRZ9-2;Q9NRZ9-3;Q9NRZ9-4;Q9NRZ9-5,HELLS_HUMAN,HELLS,,,,,
Q9NS00;Q9NS00-2,Q9NS00;Q9NS00-2,C1GLT_HUMAN,C1GALT1,,,,56848.0,
Q9NS15,Q9NS15;Q9NS15-2,LTBP3_HUMAN,LTBP3,,,17021.8,23319.2,16660.6
Q9NS23;Q9NS23-2,Q9NS23;Q9NS23-4;Q9NS23-2;Q9NS23-3;Q9NS23-5,RASF1_HUMAN,RASSF1,,63099.10000000001,27004.4,30650.1,23197.8
Q9NS28,Q9NS28,RGS18_HUMAN,RGS18,,,22845.5,101735.0,30039.9
Q9NS62;Q9NS62-2;Q9NS62-3,Q9NS62;Q9NS62-2;Q9NS62-3,THSD1_HUMAN,THSD1,,37128.0,19013.1,9882.55,
Q9NS69,Q9NS69,TOM22_HUMAN,TOMM22,,29428.9,,33865.55,
Q9NS73;Q9NS73-5,Q9NS73;Q9NS73-5;Q9NS73-2;Q9NS73-3,MBIP1_HUMAN,MBIP,,,,,
Q9NS84,Q9NS84,CHST7_HUMAN,CHST7,,,12654.2,,10652.9
Q9NS86,Q9NS86,LANC2_HUMAN,LANCL2,35176.0,,7089.25,35432.95,
Q9NS87;Q9NS87-2,Q9NS87;Q9NS87-2;Q9NS87-4,KIF15_HUMAN,KIF15,,286756.0,,59171.95,38908.9
Q9NS91,Q9NS91,RAD18_HUMAN,RAD18,,,,,
Q9NS93,Q9NS93,TM7S3_HUMAN,TM7SF3,,,,,
Q9NSA3,Q9NSA3,CNBP1_HUMAN,CTNNBIP1,,,,,
Q9NSB2,Q9NSB2,KRT84_HUMAN,KRT84,,,,,9987.65
Q9NSB8;Q9NSB8-2,Q9NSB8;Q9NSB8-2,HOME2_HUMAN,HOMER2,,,,11494.81,
Q9NSC5;Q9NSC5-2;Q9NSC5-5,Q9NSC5;Q9NSC5-2;Q9NSC5-5,HOME3_HUMAN,HOMER3,,,,,
Q9NSC7,Q9NSC7,SIA7A_HUMAN,ST6GALNAC1,,53588.15,22972.4,5592.09,7360.285
Q9NSD9,Q9NSD9;Q9NSD9-2,SYFB_HUMAN,FARSB,,,8644.62,19486.9,5023.360000000001
Q9NSE4,Q9NSE4,SYIM_HUMAN,IARS2,267165.0,12142100.0,26509.5,46409.5,8286.54
Q9NSI2;Q9NSI2-2,Q9NSI2;Q9NSI2-2,SLX9_HUMAN,SLX9,,,,,
Q9NSI6-2,Q9NSI6;Q9NSI6-2;Q9NSI6-3,BRWD1_HUMAN,BRWD1,,,,,
Q9NSI8;Q9NSI8-3,Q9NSI8;Q9NSI8-2;Q9NSI8-3,SAMN1_HUMAN,SAMSN1,,,10451.6,2804.18,
Q9NSK0,Q9NSK0;Q9NSK0-3;Q9NSK0-5,KLC4_HUMAN,KLC4,,,43038.84,8248.48,2267.6
Q9NSK7;Q9NSK7-2;Q9NSK7-3;Q9NSK7-4,Q9NSK7;Q9NSK7-2;Q9NSK7-3;Q9NSK7-4,CS012_HUMAN,C19orf12,,,,36783.1,
Q9NSU2;Q9NSU2-1;Q9NSU2-2,Q9NSU2;Q9NSU2-1;Q9NSU2-2,TREX1_HUMAN,TREX1,,,,6851.200000000001,
Q9NSV4;Q9NSV4-4;Q9NSV4-6;Q9NSV4-7,Q9NSV4;Q9NSV4-4;Q9NSV4-5;Q9NSV4-6;Q9NSV4-7,DIAP3_HUMAN,DIAPH3,4796.62,,,,1874.33
Q9NSY0,Q9NSY0;Q9NSY0-2;Q9NSY0-4,NRBP2_HUMAN,NRBP2,,,5182.82,10014.9,8071.465
Q9NSY1,Q9NSY1,BMP2K_HUMAN,BMP2K,,,86144.7,17704.05,8586.87
Q9NSY2,Q9NSY2,STAR5_HUMAN,STARD5,,,,,
Q9NT22;Q9NT22-2,Q9NT22;Q9NT22-2,EMIL3_HUMAN,EMILIN3,,21700.4,29661.25,,1247.2405
Q9NT62,Q9NT62;Q9NT62-2,ATG3_HUMAN,ATG3,,1007460.0,70675.8,69507.5,465785.26
Q9NT99,Q9NT99,LRC4B_HUMAN,LRRC4B,,12178.3,,,
Q9NTG7,Q9NTG7;Q9NTG7-2,SIR3_HUMAN,SIRT3,,,,16553.4,
Q9NTI5;Q9NTI5-2,Q9NTI5;Q9NTI5-2;Q9NTI5-3,PDS5B_HUMAN,PDS5B,,,,,9268.19
Q9NTI7,Q9NTI7,INKA2_HUMAN,INKA2,,,,,
Q9NTJ3,Q9NTJ3;Q9NTJ3-2,SMC4_HUMAN,SMC4,,93750.6,,21819.65,
Q9NTJ4;Q9NTJ4-2;Q9NTJ4-4,Q9NTJ4;Q9NTJ4-2;Q9NTJ4-3;Q9NTJ4-4,MA2C1_HUMAN,MAN2C1,,,,26698.6,
Q9NTJ5,Q9NTJ5;Q9NTJ5-2,SAC1_HUMAN,SACM1L,,,60737.8,194419.0,56562.6
Q9NTK5,Q9NTK5;Q9NTK5-2,OLA1_HUMAN,OLA1,,,53696.3,177701.0,64843.9
Q9NTM9,Q9NTM9,CUTC_HUMAN,CUTC,,,,,
Q9NTN3-2,Q9NTN3;Q9NTN3-2,S35D1_HUMAN,SLC35D1,,,,,
Q9NTU7,Q9NTU7,CBLN4_HUMAN,CBLN4,11845.22,1287770.0,4199.31,,
Q9NTW7-4;Q9NTW7-5;Q9NTW7-6,Q9NTW7;Q9NTW7-3;Q9NTW7-4;Q9NTW7-5;Q9NTW7-6,ZF64B_HUMAN,ZFP64,,,,,
Q9NTX5;Q9NTX5-2;Q9NTX5-6,Q9NTX5;Q9NTX5-2;Q9NTX5-3;Q9NTX5-4;Q9NTX5-5;Q9NTX5-6,ECHD1_HUMAN,ECHDC1,,,9818.385,23528.55,22882.55
Q9NTX7;Q9NTX7-2,Q9NTX7;Q9NTX7-2,RN146_HUMAN,RNF146,,,,,
Q9NTZ6,Q9NTZ6,RBM12_HUMAN,RBM12,,,30752.95,14967.3,
Q9NU22,Q9NU22,MDN1_HUMAN,MDN1,,,,9617.98,
Q9NUA8,Q9NUA8,ZBT40_HUMAN,ZBTB40,,,4285.95,,
Q9NUB1;Q9NUB1-2,Q9NUB1;Q9NUB1-2;Q9NUB1-3;Q9NUB1-4,ACS2L_HUMAN,ACSS1,,,14267.9,28815.6,2075.49
Q9NUD5,Q9NUD5,ZCHC3_HUMAN,ZCCHC3,,,,,
Q9NUE0;Q9NUE0-2,Q9NUE0;Q9NUE0-2,ZDH18_HUMAN,ZDHHC18,,,,1886.71,
Q9NUG4;Q9NUG4-2;Q9NUG4-3,Q9NUG4;Q9NUG4-2;Q9NUG4-3,CCM2L_HUMAN,CCM2L,,,7619.805,9333.175,
Q9NUG6,Q9NUG6,PDRG1_HUMAN,PDRG1,,,,,
Q9NUI1,Q9NUI1;Q9NUI1-3,DECR2_HUMAN,DECR2,6670.23,,7487.4,54346.9,36382.3
Q9NUJ1,Q9NUJ1;Q9NUJ1-2,ABHDA_HUMAN,ABHD10,,41837.0,6075.08,25239.1,
Q9NUJ3,Q9NUJ3,T11L1_HUMAN,TCP11L1,,,,28367.15,
Q9NUJ7,Q9NUJ7,PLCX1_HUMAN,PLCXD1,,,,15561.9,5945.03
Q9NUL3;Q9NUL3-2;Q9NUL3-3;Q9NUL3-6;Q9NUL3-7;Q9NUL3-8,Q9NUL3;Q9NUL3-2;Q9NUL3-3;Q9NUL3-4;Q9NUL3-6;Q9NUL3-7;Q9NUL3-8,STAU2_HUMAN,STAU2,,,,,4180.5
Q9NUL5;Q9NUL5-2;Q9NUL5-4,Q9NUL5;Q9NUL5-4;Q9NUL5-2,SHFL_HUMAN,SHFL,,,,,
Q9NUL7,Q9NUL7,DDX28_HUMAN,DDX28,,11344.4,,,
Q9NUM4,Q9NUM4,T106B_HUMAN,TMEM106B,,,3064.765,5200.5,4654.01
Q9NUN5;Q9NUN5-3,Q9NUN5;Q9NUN5-3;Q9NUN5-2;Q9NUN5-4,LMBD1_HUMAN,LMBRD1,,,,,
Q9NUN7;Q9NUN7-2,Q9NUN7;Q9NUN7-2,ACER3_HUMAN,ACER3,,,,,
Q9NUP1,Q9NUP1,BL1S4_HUMAN,BLOC1S4,,,,,
Q9NUP7,Q9NUP7,TRM13_HUMAN,TRMT13,,,,,
Q9NUP9,Q9NUP9,LIN7C_HUMAN,LIN7C,,,,14775.0,21213.7
Q9NUQ2,Q9NUQ2,PLCE_HUMAN,AGPAT5,,,,53064.1,
Q9NUQ3,Q9NUQ3,TXLNG_HUMAN,TXLNG,,,,,
Q9NUQ6-2,Q9NUQ6-2,SPS2L_HUMAN,SPATS2L,,,,7540.93,
Q9NUQ7,Q9NUQ7,UFSP2_HUMAN,UFSP2,,,,10808.6,
Q9NUQ8,Q9NUQ8;Q9NUQ8-2,ABCF3_HUMAN,ABCF3,,,,,
Q9NUQ9,Q9NUQ9;Q9NUQ9-2,CYRIB_HUMAN,CYRIB,,,20273.1,51291.4,12642.5
Q9NUS5,Q9NUS5,AP5S1_HUMAN,AP5S1,,,,1501.9,
Q9NUT2;Q9NUT2-2;Q9NUT2-4;Q9NUT2-5,Q9NUT2;Q9NUT2-2;Q9NUT2-4;Q9NUT2-5,MITOS_HUMAN,ABCB8,,,,33613.75,
Q9NUU6,Q9NUU6,OTULL_HUMAN,OTULINL,2831.42,27931.7,,36780.6,
Q9NUU7,Q9NUU7;Q9NUU7-2,DD19A_HUMAN,DDX19A,,,,,
Q9NUV9,Q9NUV9,GIMA4_HUMAN,GIMAP4,,,86617.2,24681.0,
Q9NUW8,Q9NUW8,TYDP1_HUMAN,TDP1,,,,162315.0,
Q9NUX5,Q9NUX5;Q9NUX5-2,POTE1_HUMAN,POT1,,,,,
Q9NUY8,Q9NUY8;Q9NUY8-2,TBC23_HUMAN,TBC1D23,,256134.0,5024.76,22909.6,
Q9NV06,Q9NV06,DCA13_HUMAN,DCAF13,,23157.8,,12530.2,11784.9
Q9NV31,Q9NV31,IMP3_HUMAN,IMP3,,,,,
Q9NV35,Q9NV35,NUD15_HUMAN,NUDT15,,,,,
Q9NV56,Q9NV56,MRGBP_HUMAN,MRGBP,,,,,
Q9NV66,Q9NV66;Q9NV66-2,TYW1_HUMAN,TYW1,,,,,
Q9NV70;Q9NV70-2,Q9NV70;Q9NV70-2,EXOC1_HUMAN,EXOC1,,,6952.81,35463.7,8721.69
Q9NV88;Q9NV88-2;Q9NV88-3,Q9NV88;Q9NV88-2;Q9NV88-3,INT9_HUMAN,INTS9,4515.1,,40954.6,23354.9,22164.0
Q9NV96,Q9NV96,CC50A_HUMAN,TMEM30A,,,17506.3,31852.7,9172.24
Q9NV96-3,Q9NV96-3,CC50A_HUMAN,TMEM30A,,,,,
Q9NVA1;Q9NVA1-2,Q9NVA1;Q9NVA1-2;Q9NVA1-5,UQCC1_HUMAN,UQCC1,,17292.2,,5032.645,162980.0
Q9NVA2,Q14141;Q92599;Q9NVA2;Q14141-2;Q14141-3;Q14141-4;Q92599-2;Q92599-3;Q92599-4;Q9NVA2-2,SEP11_HUMAN,SEPTIN11,,,55113.7,189796.0,25529.6
Q9NVA4,Q9NVA4,T184C_HUMAN,TMEM184C,,,105389.0,,
Q9NVC3,Q9NVC3;Q9NVC3-2,S38A7_HUMAN,SLC38A7,,,,,
Q9NVC6,Q9NVC6,MED17_HUMAN,MED17,,,,,
Q9NVD7,Q9NVD7;Q9NVD7-2,PARVA_HUMAN,PARVA,,67211.4,,,
Q9NVE5;Q9NVE5-3,Q9NVE5;Q9NVE5-3,UBP40_HUMAN,USP40,,,,,
Q9NVE7,Q9NVE7,PANK4_HUMAN,PANK4,,,10204.97,20992.7,11877.1
Q9NVF7,Q9NVF7,FBX28_HUMAN,FBXO28,,,,,
Q9NVF9;Q9NVF9-2;Q9NVF9-3,Q9NVF9;Q9NVF9-2;Q9NVF9-3,EKI2_HUMAN,ETNK2,260532.0,146471.0,50621.5,208677.0,142440.0
Q9NVG8,Q9NVG8;Q9NVG8-3,TBC13_HUMAN,TBC1D13,,,8554.81,27816.0,
Q9NVH0,Q9NVH0;Q9NVH0-2,EXD2_HUMAN,EXD2,,,5745.82,54888.9,
Q9NVH1;Q9NVH1-3,Q9NVH1;Q9NVH1-2;Q9NVH1-3,DJC11_HUMAN,DNAJC11,87629.2,,7859.465,19551.9,5585.625
Q9NVH2;Q9NVH2-2;Q9NVH2-3,Q9NVH2;Q9NVH2-2;Q9NVH2-3;Q9NVH2-4,INT7_HUMAN,INTS7,,,,,
Q9NVH6;Q9NVH6-7;Q9NVH6-8,Q9NVH6;Q9NVH6-2;Q9NVH6-3;Q9NVH6-4;Q9NVH6-5;Q9NVH6-6;Q9NVH6-7;Q9NVH6-8,TMLH_HUMAN,TMLHE,,,38846.4,,
Q9NVI1,Q9NVI1;Q9NVI1-1;Q9NVI1-2,FANCI_HUMAN,FANCI,,,,,
Q9NVI7-2,Q5T9A4;Q9NVI7;Q9NVI7-2,ATD3A_HUMAN,ATAD3A,,,11460.9,28629.1,8306.035
Q9NVJ2,Q96BM9;Q9NVJ2,ARL8B_HUMAN,ARL8B,,25927.8,41120.1,141310.0,31291.1
Q9NVK5-2,Q9NVK5;Q9NVK5-3;Q9NVK5-2,FGOP2_HUMAN,FGFR1OP2,,,15897.05,36908.3,6372.19
Q9NVM6,Q9NVM6,DJC17_HUMAN,DNAJC17,,,,,
Q9NVM9,Q9NVM9,INT13_HUMAN,INTS13,,,,,
Q9NVN3;Q9NVN3-1,Q9NVN3;Q9NVN3-1;Q9NVN3-3,RIC8B_HUMAN,RIC8B,,,,,
Q9NVN8,Q9NVN8,GNL3L_HUMAN,GNL3L,,,,,
Q9NVP1,Q9NVP1,DDX18_HUMAN,DDX18,,,,,14660.5
Q9NVQ4,Q9NVQ4,FAIM1_HUMAN,FAIM,5339.26,,,,22810.1
Q9NVR0,Q9NVR0,KLH11_HUMAN,KLHL11,,,,,
Q9NVR2,Q9NVR2,INT10_HUMAN,INTS10,,,,,
Q9NVR5,Q9NVR5;Q9NVR5-2,KTU_HUMAN,DNAAF2,,,,,
Q9NVS2;Q9NVS2-2,Q9NVS2;Q9NVS2-2;Q9NVS2-3,RT18A_HUMAN,MRPS18A,,,,,
Q9NVS9;Q9NVS9-3,Q9NVS9;Q9NVS9-3,PNPO_HUMAN,PNPO,,42855.4,,84234.5,17472.5
Q9NVT9,Q9NVT9;Q9NVT9-2,ARMC1_HUMAN,ARMC1,,,,13868.5,
Q9NVU0;Q9NVU0-4;Q9NVU0-5,Q9NVU0;Q9NVU0-2;Q9NVU0-3;Q9NVU0-4;Q9NVU0-5,RPC5_HUMAN,POLR3E,,,,,
Q9NVU7,Q9NVU7;Q9NVU7-2,SDA1_HUMAN,SDAD1,,,,,
Q9NVV0,Q9NVV0,TM38B_HUMAN,TMEM38B,,,,14503.7,
Q9NVV4,Q9NVV4;Q9NVV4-2,PAPD1_HUMAN,MTPAP,,,,,
Q9NVV5;Q9NVV5-1;Q9NVV5-3;Q9NVV5-5;Q9NVV5-6,Q9NVV5;Q9NVV5-1;Q9NVV5-3;Q9NVV5-5;Q9NVV5-6,AIG1_HUMAN,AIG1,,,,,
Q9NVV9,Q9NVV9,THAP1_HUMAN,THAP1,,,,,
Q9NVX0,Q9NVX0;Q9NVX0-2;Q9NVX0-3,HAUS2_HUMAN,HAUS2,,,,,
Q9NVX2,Q9NVX2,NLE1_HUMAN,NLE1,,,,3188.49,
Q9NVX7;Q9NVX7-2,Q9NVX7;Q9NVX7-2,KBTB4_HUMAN,KBTBD4,,,,,
Q9NVZ3-2,Q9NVZ3;Q9NVZ3-2;Q9NVZ3-4,NECP2_HUMAN,NECAP2,,,,38811.7,
Q9NW08,Q9NW08;Q9NW08-2,RPC2_HUMAN,POLR3B,,253403.0,1588.66,,
Q9NW13,Q9NW13,RBM28_HUMAN,RBM28,,,,32961.5,
Q9NW15,Q9NW15;Q9NW15-3;Q9NW15-4;Q9NW15-5,ANO10_HUMAN,ANO10,,,,29923.2,9233.09
Q9NW61,Q9NW61,PKHJ1_HUMAN,PLEKHJ1,,,,,
Q9NW64,Q9NW64;Q9NW64-2,RBM22_HUMAN,RBM22,,,,,
Q9NW68,Q9NW68;Q9NW68-2;Q9NW68-3;Q9NW68-4;Q9NW68-7;Q9NW68-8;Q9NW68-9,BSDC1_HUMAN,BSDC1,,,,68021.9,
Q9NW68-4,Q9NW68-4,BSDC1_HUMAN,BSDC1,,,,,
Q9NW75;Q9NW75-2,Q9NW75;Q9NW75-2,GPTC2_HUMAN,GPATCH2,,,,,5715.68
Q9NW81;Q9NW81-4,Q9NW81;Q9NW81-3;Q9NW81-4;Q9NW81-6,DMAC2_HUMAN,DMAC2,,,,,
Q9NW82,Q9NW82,WDR70_HUMAN,WDR70,,,,7266.83,
Q9NWA0,Q9NWA0,MED9_HUMAN,MED9,,,,,
Q9NWB6,Q9NWB6;Q9NWB6-2;Q9NWB6-3,ARGL1_HUMAN,ARGLU1,,,,,
Q9NWD8,Q9NWD8,TM248_HUMAN,TMEM248,,32026.4,,,
Q9NWF9;Q9NWF9-1,Q9NWF9;Q9NWF9-1;Q9NWF9-3,RN216_HUMAN,RNF216,,,,27924.55,2686.02
Q9NWH9,Q9NWH9;Q9NWH9-3,SLTM_HUMAN,SLTM,,,,,35843.895
Q9NWL6,Q9NWL6,ASND1_HUMAN,ASNSD1,,,,,
Q9NWM8,Q9NWM8,FKB14_HUMAN,FKBP14,,,4670.6,,
Q9NWQ4;Q9NWQ4-1;Q9NWQ4-4,Q9NWQ4;Q9NWQ4-1;Q9NWQ4-4,GPT2L_HUMAN,GPATCH2L,,,,,
Q9NWQ8,Q9NWQ8,PHAG1_HUMAN,PAG1,,,,40881.6,
Q9NWR8,Q9NWR8,MCUB_HUMAN,MCUB,,,,,
Q9NWS0,Q9NWS0,PIHD1_HUMAN,PIH1D1,,,,15126.3,
Q9NWS6,Q9NWS6;Q9NWS6-2,F118A_HUMAN,FAM118A,,,,,
Q9NWS8,Q9NWS8;Q9NWS8-3,RMND1_HUMAN,RMND1,,5679.96,,43534.05,41182.4
Q9NWS9;Q9NWS9-2,Q9NWS9;Q9NWS9-2,ZN446_HUMAN,ZNF446,,,,,
Q9NWT1,Q9NWT1,PK1IP_HUMAN,PAK1IP1,,,,,
Q9NWT6,Q9NWT6,HIF1N_HUMAN,HIF1AN,3419.3,,,9805.2,
Q9NWU1,Q9NWU1;Q9NWU1-2,OXSM_HUMAN,OXSM,,,,23689.3,
Q9NWU2,Q9NWU2,GID8_HUMAN,GID8,,,,11866.01,
Q9NWU5,Q9NWU5;Q9NWU5-2;Q9NWU5-3,RM22_HUMAN,MRPL22,,,,14610.1,3266.12
Q9NWV4,Q9NWV4,CZIB_HUMAN,CZIB,,,22433.0,15814.0,
Q9NWV8,Q9NWV8,BABA1_HUMAN,BABAM1,,,,25303.9,
Q9NWW5;Q9NWW5-2,Q9NWW5;Q9NWW5-2,CLN6_HUMAN,CLN6,,,,3667.49,3950.84
Q9NWW6,Q9NWW6,NRK1_HUMAN,NMRK1,,,,4301.35,
Q9NWW7,Q9NWW7,CB042_HUMAN,C2orf42,,,,,
Q9NWX5,Q9NWX5,ASB6_HUMAN,ASB6,,,,,
Q9NWX6,Q9NWX6,THG1_HUMAN,THG1L,,,18321.3,,9381.66
Q9NWY4,Q9NWY4;A8MVJ9,HPF1_HUMAN,HPF1,,,,,1272.58
Q9NWZ3,Q9NWZ3,IRAK4_HUMAN,IRAK4,,,12281.2,24384.9,25540.5
Q9NWZ5,Q9NWZ5;Q9NWZ5-2;Q9NWZ5-3;Q9NWZ5-4,UCKL1_HUMAN,UCKL1,,,5706.35,12617.9,
Q9NWZ5-2,Q9NWZ5-2,UCKL1_HUMAN,UCKL1,,,,,
Q9NX00,Q9NX00,TM160_HUMAN,TMEM160,,,,12813.6,
Q9NX01,Q9NX01,TXN4B_HUMAN,TXNL4B,,,,,
Q9NX02;Q9NX02-5,Q9NX02;Q9NX02-3;Q9NX02-5,NALP2_HUMAN,NLRP2,,,9782.09,,
Q9NX05,Q9NX05,F120C_HUMAN,FAM120C,,,,,
Q9NX07,Q9NX07,TSAP1_HUMAN,TRNAU1AP,,,,,
Q9NX08,Q9NX08,COMD8_HUMAN,COMMD8,,,,6847.23,
Q9NX14;Q9NX14-2,Q9NX14;Q9NX14-2,NDUBB_HUMAN,NDUFB11,,,44571.4,7222.2,2533.82
Q9NX20,Q9NX20,RM16_HUMAN,MRPL16,,,,12963.44,
Q9NX24,Q9NX24,NHP2_HUMAN,NHP2,,,,,
Q9NX40,Q9NX40;Q9NX40-2;Q9NX40-3;Q9NX40-4,OCAD1_HUMAN,OCIAD1,,,48205.1,47191.5,10707.5
Q9NX46,Q9NX46,ADPRS_HUMAN,ADPRS,,,10509.7,18636.8,10657.0
Q9NX47,Q9NX47,MARH5_HUMAN,MARCHF5,,,,,26576.3
Q9NX55,Q9NX55;Q9NX55-3,HYPK_HUMAN,HYPK,,,,,
Q9NX57,Q9NX57,RAB20_HUMAN,RAB20,,,210169.5,24113.7,14354.55
Q9NX58,Q9NX58,LYAR_HUMAN,LYAR,,,,11451.9,
Q9NX62,Q9NX62,IMPA3_HUMAN,BPNT2,,,,48672.8,10190.5
Q9NX63,Q9NX63,MIC19_HUMAN,CHCHD3,,,13122.0,30708.1,14865.8
Q9NX70,Q9NX70;Q9NX70-2,MED29_HUMAN,MED29,,,,,
Q9NX74,Q9NX74,DUS2L_HUMAN,DUS2,,,,,
Q9NX76,Q9NX76,CKLF6_HUMAN,CMTM6,,,15818.3,111521.85,41596.45
Q9NX78,Q9NX78,TM260_HUMAN,TMEM260,,,,,
Q9NX94;Q9NX94-2,Q9NX94;Q9NX94-2,WBP1L_HUMAN,WBP1L,,,,,
Q9NXA8,Q9NXA8;Q9NXA8-2;Q9NXA8-3,SIR5_HUMAN,SIRT5,,,3436.29,9991.39,1405.67
Q9NXC2,Q9NXC2,GFOD1_HUMAN,GFOD1,,,11103.0,20374.3,2228.32
Q9NXC5,Q9NXC5;Q9NXC5-2,MIO_HUMAN,MIOS,,,3012.33,9588.72,
Q9NXD2,Q9NXD2;Q9NXD2-2,MTMRA_HUMAN,MTMR10,,75992.54999999999,,8212.375,
Q9NXE4-2,Q9NXE4;Q9NXE4-10;Q9NXE4-2;Q9NXE4-3;Q9NXE4-4;Q9NXE4-5;Q9NXE4-6;Q9NXE4-7;Q9NXE4-8;Q9NXE4-9,NSMA3_HUMAN,SMPD4,,,,,
Q9NXE8,Q9NXE8,CWC25_HUMAN,CWC25,,,,,
Q9NXF1;Q9NXF1-2,Q9NXF1;Q9NXF1-2,TEX10_HUMAN,TEX10,,,,,
Q9NXF7,Q9NXF7,DCA16_HUMAN,DCAF16,,,,4530.89,
Q9NXF8,Q9NXF8,ZDHC7_HUMAN,ZDHHC7,,,,,
Q9NXG2,Q9NXG2,THUM1_HUMAN,THUMPD1,,,,,761.429
Q9NXG6;Q9NXG6-3,Q9NXG6;Q9NXG6-3,P4HTM_HUMAN,P4HTM,,,,,
Q9NXH8,Q9NXH8,TOR4A_HUMAN,TOR4A,,219335.0,47375.2,139687.0,76674.0
Q9NXH9;Q9NXH9-2,Q9NXH9;Q9NXH9-2,TRM1_HUMAN,TRMT1,,,,,
Q9NXJ5,Q9NXJ5,PGPI_HUMAN,PGPEP1,,,,,
Q9NXL6,Q9NXL6;Q9NXL6-2,SIDT1_HUMAN,SIDT1,,,,8121.215,24501.9
Q9NXN4,Q9NXN4;Q9NXN4-2,GDAP2_HUMAN,GDAP2,,,4561.16,11246.225,
Q9NXR1;Q9NXR1-1,Q9NXR1;Q9NXR1-1,NDE1_HUMAN,NDE1,,,,5465.39,
Q9NXR7,Q9NXR7;Q9NXR7-1;Q9NXR7-3;Q9NXR7-4,BABA2_HUMAN,BABAM2,,,25096.1,44190.5,
Q9NXR8,Q9NXR8,ING3_HUMAN,ING3,,,252.545,,
Q9NXS2,Q9NXS2;Q9NXS2-3,QPCTL_HUMAN,QPCTL,,,,8368.85,6556.75
Q9NXS3,Q9NXS3;Q9NXS3-2,KLH28_HUMAN,KLHL28,6010.82,,,741624.5,114569.0
Q9NXU5,Q9NXU5,ARL15_HUMAN,ARL15,,,4828.45,18279.0,5351.6
Q9NXV2,Q9NXV2,KCTD5_HUMAN,KCTD5,,,,,
Q9NXV6,Q9NXV6,CARF_HUMAN,CDKN2AIP,,,,,
Q9NXW2,Q9NXW2;Q9NXW2-2,DJB12_HUMAN,DNAJB12,,,,85203.4,13180.2
Q9NXX6,Q9NXX6;Q9NXX6-2,NSE4A_HUMAN,NSMCE4A,,,,,
Q9NY12;Q9NY12-2,Q9NY12;Q9NY12-2,GAR1_HUMAN,GAR1,,,,,3161.49
Q9NY15,Q9NY15;Q9NY15-2,STAB1_HUMAN,STAB1,7396.05,,11501.1,13302.2,15327.1
Q9NY25,Q9NY25;Q9NY25-2,CLC5A_HUMAN,CLEC5A,,8099.4,,12322.2,
Q9NY26;Q9NY26-2,Q9NY26;Q9NY26-2,S39A1_HUMAN,SLC39A1,,,,,
Q9NY27,Q9NY27,PP4R2_HUMAN,PPP4R2,,,,,
Q9NY33,Q9NY33;Q9NY33-4,DPP3_HUMAN,DPP3,53241.5,,11087.5,47061.35,6622.15
Q9NY35-2,Q9NY35;Q9NY35-2,CLDN1_HUMAN,CLDND1,,,,,
Q9NY47;Q9NY47-2;Q9NY47-3;Q9NY47-4;Q9NY47-5,Q9NY47;Q9NY47-2;Q9NY47-3;Q9NY47-4;Q9NY47-5,CA2D2_HUMAN,CACNA2D2,,23326.8,41606.2,,2440.55
Q9NY59,Q9NY59;Q9NY59-2,NSMA2_HUMAN,SMPD3,,,,2690.05,
Q9NY61,Q9NY61,AATF_HUMAN,AATF,,,,,
Q9NY65,Q9NY65;Q9NY65-2,TBA8_HUMAN,TUBA8,2861.585,122191.0,282197.0,1083350.0,169867.0
Q9NY65-2,Q9NY65-2,TBA8_HUMAN,TUBA8,,,,,
Q9NY93;Q9NY93-2,Q9NY93;Q9NY93-2,DDX56_HUMAN,DDX56,,,42307.835,,
Q9NY97;Q9NY97-2,Q9NY97;Q9NY97-2,B3GN2_HUMAN,B3GNT2,9620.0,99267.4,118207.0,18566.0,20661.5
Q9NYA1-2,Q9NYA1;Q9NYA1-2;Q9NYA1-3,SPHK1_HUMAN,SPHK1,,,,28595.9,
Q9NYA4,Q9NYA4,MTMR4_HUMAN,MTMR4,,,,,
Q9NYB0,Q9NYB0,TE2IP_HUMAN,TERF2IP,,,,7080.99,
Q9NYB9;Q9NYB9-2;Q9NYB9-4,Q9NYB9;Q9NYB9-2;Q9NYB9-4,ABI2_HUMAN,ABI2,,,,29059.75,
Q9NYF8-3,Q9NYF8;Q9NYF8-2;Q9NYF8-3;Q9NYF8-4,BCLF1_HUMAN,BCLAF1,,,,22617.955,
Q9NYG2-2,Q9NYG2;Q9NYG2-2,ZDHC3_HUMAN,ZDHHC3,,,,,
Q9NYH9,Q9NYH9,UTP6_HUMAN,UTP6,,,,62711.9,29236.2
Q9NYI0;Q9NYI0-2,Q9NYI0;Q9NYI0-2;Q9NYI0-3,PSD3_HUMAN,PSD3,,,,68995.2,
Q9NYJ1,Q9NYJ1;Q9NYJ1-2,COA4_HUMAN,COA4,,,,,
Q9NYJ8,Q9NYJ8;Q9NYJ8-2,TAB2_HUMAN,TAB2,,,,,6799.71
Q9NYK1,Q9NYK1,TLR7_HUMAN,TLR7,,,,,
Q9NYK5;Q9NYK5-2,Q9NYK5;Q9NYK5-2,RM39_HUMAN,MRPL39,,,6296.72,,
Q9NYK6,Q9NYK6,EURL_HUMAN,EURL,,,,,
Q9NYL2-2,Q9NYL2;Q9NYL2-2;Q9NYL2-3,M3K20_HUMAN,MAP3K20,24688.2,9901.1,61900.8,47554.5,84138.7
Q9NYL4,Q9NYL4;Q9NYL4-2,FKB11_HUMAN,FKBP11,,,6596.81,12114.25,9577.55
Q9NYL9,Q9NYL9,TMOD3_HUMAN,TMOD3,,,28100.4,97186.1,
Q9NYM9,Q9NYM9,BET1L_HUMAN,BET1L,,,,21932.15,14340.985
Q9NYP7;Q9NYP7-2,Q9NYP7;Q9NYP7-2,ELOV5_HUMAN,ELOVL5,,,,,
Q9NYQ6,Q9NYQ6;Q9NYQ6-2,CELR1_HUMAN,CELSR1,,,13083.2,6947.88,
Q9NYQ8,Q9NYQ8,FAT2_HUMAN,FAT2,12096.5,18152.7,24715.7,10867.95,7157.54
Q9NYR9;Q9NYR9-2,Q9NYR9;Q9NYR9-2;Q9NYR9-3,KBRS2_HUMAN,NKIRAS2,,,,35754.5,
Q9NYT0,Q9NYT0,PLEK2_HUMAN,PLEK2,,,,,
Q9NYU2;Q9NYU2-2,Q9NYU2;Q9NYU2-2,UGGG1_HUMAN,UGGT1,1737.175,,46027.0,126289.0,9654.81
Q9NYV4;Q9NYV4-2,Q14004;Q9NYV4;Q14004-2;Q9NYV4-2;Q9NYV4-3,CDK12_HUMAN,CDK12,,,,,
Q9NYV6,Q9NYV6;Q9NYV6-3;Q9NYV6-4,RRN3_HUMAN,RRN3,,,778037.0,44366.5,
Q9NYY8,Q9NYY8;Q9NYY8-2,FAKD2_HUMAN,FASTKD2,,,,,
Q9NYZ2,Q9NYZ2;Q9NYZ2-2,MFRN1_HUMAN,SLC25A37,,,,,
Q9NZ01,Q9NZ01,TECR_HUMAN,TECR,,,,9887.005000000001,
Q9NZ08-2,Q9NZ08;Q9NZ08-2,ERAP1_HUMAN,ERAP1,7150.73,126646.6,20404.9,58528.2,15739.0
Q9NZ09-3;Q9NZ09-4,Q9NZ09;Q9NZ09-2;Q9NZ09-3;Q9NZ09-4,UBAP1_HUMAN,UBAP1,,,,24804.4,
Q9NZ32,Q9NZ32,ARP10_HUMAN,ACTR10,,,19747.5,49215.9,
Q9NZ43,Q9NZ43;Q9NZ43-2;Q9NZ43-3,USE1_HUMAN,USE1,,327853.0,34795.1,11200.46,7736.43
Q9NZ45,Q9NZ45,CISD1_HUMAN,CISD1,,,,,
Q9NZ52,Q9NZ52;Q9NZ52-2;Q9NZ52-3;Q9NZ52-4,GGA3_HUMAN,GGA3,,,6924.6,22877.45,
Q9NZ53,Q9NZ53,PDXL2_HUMAN,PODXL2,,12657.4,10560.5,,
Q9NZ63,Q9NZ63,TLS1_HUMAN,C9orf78,,,94915.7,,
Q9NZ71;Q9NZ71-2;Q9NZ71-6;Q9NZ71-7,Q9NZ71;Q9NZ71-2;Q9NZ71-4;Q9NZ71-6;Q9NZ71-7;Q9NZ71-8;Q9NZ71-9,RTEL1_HUMAN,RTEL1,8914.39,,,,
Q9NZ94;Q9NZ94-2;Q9NZ94-3,Q9NZ94;Q9NZ94-2;Q9NZ94-3,NLGN3_HUMAN,NLGN3,,,,,
Q9NZA1,Q9NZA1;Q9NZA1-2,CLIC5_HUMAN,CLIC5,,,,13659.1,
Q9NZB2;Q9NZB2-6,Q9NZB2;Q9NZB2-4;Q9NZB2-6,F120A_HUMAN,FAM120A,24266.5,,22515.7,24585.2,6395.43
Q9NZC3,Q9NZC3,GDE1_HUMAN,GDE1,,,,134702.85,
Q9NZC7,Q9NZC7;Q9NZC7-5;Q9NZC7-2;Q9NZC7-3;Q9NZC7-6;Q9NZC7-7,WWOX_HUMAN,WWOX,,,,361516.0,
Q9NZC9,Q9NZC9,SMAL1_HUMAN,SMARCAL1,,,,,
Q9NZD2,Q9NZD2,GLTP_HUMAN,GLTP,,205158.0,,30928.3,28435.75
Q9NZD4,Q9NZD4,AHSP_HUMAN,AHSP,1284.1295,,6518.0,14374.45,
Q9NZD8,Q9NZD8;Q9NZD8-2,SPG21_HUMAN,SPG21,,,,8001.33,
Q9NZE8,Q9NZE8,RM35_HUMAN,MRPL35,,,,,
Q9NZG7,Q9NZG7,NINJ2_HUMAN,NINJ2,,,,2098.66,
Q9NZH6;Q9NZH6-2;Q9NZH6-4,Q9NZH6;Q9NZH6-2;Q9NZH6-3;Q9NZH6-4;Q9NZH6-5,IL37_HUMAN,IL37,,,,,
Q9NZH8;Q9NZH8-2,Q9NZH8;Q9NZH8-2,IL36G_HUMAN,IL36G,,,,87858.6,18478.8
Q9NZI5,Q9NZI5;Q9NZI5-2,GRHL1_HUMAN,GRHL1,,,,,
Q9NZI7,Q9NZI7,UBIP1_HUMAN,UBP1,,,,,
Q9NZJ4,Q9NZJ4;Q9NZJ4-2,SACS_HUMAN,SACS,,,,,
Q9NZJ5,Q9NZJ5,E2AK3_HUMAN,EIF2AK3,,,16546.2,6751.58,
Q9NZJ6,Q9NZJ6,COQ3_HUMAN,COQ3,,,,,
Q9NZJ7;Q9NZJ7-2,Q9NZJ7;Q9NZJ7-2;Q9NZJ7-3,MTCH1_HUMAN,MTCH1,,,,57864.0,13137.3
Q9NZJ9,Q9NZJ9;A0A024RBG1;Q9NZJ9-2,NUDT4_HUMAN,NUDT4,,,,,
Q9NZK5,Q9NZK5;Q9NZK5-2,ADA2_HUMAN,ADA2,6770.475,,,26835.8,49204.8
Q9NZL4;Q9NZL4-3,Q9NZL4;Q9NZL4-2;Q9NZL4-3,HPBP1_HUMAN,HSPBP1,,,,6559.98,
Q9NZL9,Q9NZL9;Q9NZL9-2;Q9NZL9-3;Q9NZL9-4;Q9NZL9-5,MAT2B_HUMAN,MAT2B,,,6758.365,25051.1,6843.965
Q9NZM1;Q9NZM1-6,Q9NZM1;Q9NZM1-2;Q9NZM1-3;Q9NZM1-5;Q9NZM1-6,MYOF_HUMAN,MYOF,,,76904.3,48156.5,7554.69
Q9NZM3;Q9NZM3-2,Q15811;Q9NZM3;Q15811-4;Q15811-8;Q15811-9;Q9NZM3-2,ITSN2_HUMAN,ITSN2,,,9356.28,35916.8,10290.8
Q9NZM4;Q9NZM4-2,Q9NZM4;Q9NZM4-2,BICRA_HUMAN,BICRA,,,,,
Q9NZN3,Q9H223;Q9NZN3;Q9NZN3-2,EHD3_HUMAN,EHD3,,,273509.0,774149.0,83463.6
Q9NZN4,Q9NZN4;Q9NZN4-2,EHD2_HUMAN,EHD2,,,14903.9,17136.9,
Q9NZN5-2,Q9NZN5;Q9NZN5-2,ARHGC_HUMAN,ARHGEF12,,,12781.65,33774.3,12720.5
Q9NZN8,Q9NZN8;Q9NZN8-4;Q9NZN8-5,CNOT2_HUMAN,CNOT2,,,2339.11,7598.23,
Q9NZP8,Q9NZP8,C1RL_HUMAN,C1RL,161794.0,1123570.0,221566.0,89160.5,104304.0
Q9NZQ0-3,Q9NZQ0;Q9NZQ0-2;Q9NZQ0-3,DJC27_HUMAN,DNAJC27,,,,22658.4,
Q9NZQ3;Q9NZQ3-3,Q9NZQ3;Q9NZQ3-3,SPN90_HUMAN,NCKIPSD,,,26914.55,73419.6,11455.2
Q9NZQ7,Q9NZQ7;Q9NZQ7-2;Q9NZQ7-3,PD1L1_HUMAN,CD274,,,,10007.2,
Q9NZR1,Q9NZR1;Q9NZR1-2,TMOD2_HUMAN,TMOD2,,,,,
Q9NZR2,Q9NZR2,LRP1B_HUMAN,LRP1B,,,237456.0,21731.9,
Q9NZT1,Q9NZT1,CALL5_HUMAN,CALML5,,72011.55,2710.42,61996.5,30363.8
Q9NZT2;Q9NZT2-2,Q9NZT2;Q9NZT2-2,OGFR_HUMAN,OGFR,,44298.11,17076.6,9279.59,
Q9NZV5;Q9NZV5-2,Q9NZV5;Q9NZV5-2,SELN_HUMAN,SELENON,39907.4,,,,17151.225
Q9NZW5,Q9NZW5,PALS2_HUMAN,PALS2,,,,10604.7,
Q9NZZ3,Q9NZZ3;Q9NZZ3-2,CHMP5_HUMAN,CHMP5,,175699.0,21734.1,35210.4,19638.5
Q9P000,Q9P000;Q9P000-2,COMD9_HUMAN,COMMD9,,,8078.21,16604.5,
Q9P003,Q9P003,CNIH4_HUMAN,CNIH4,,,,,
Q9P013,Q9P013,CWC15_HUMAN,CWC15,,,,,
Q9P015,Q9P015,RM15_HUMAN,MRPL15,,32961.2,,6633.415,32949.1
Q9P016,Q9P016,THYN1_HUMAN,THYN1,17390.8,,,,
Q9P021,Q9P021,CRIPT_HUMAN,CRIPT,,,,,
Q9P031,Q9P031,TAP26_HUMAN,CCDC59,,,,,
Q9P032,Q9P032,NDUF4_HUMAN,NDUFAF4,,,,,5674.12
Q9P035,Q9P035,HACD3_HUMAN,HACD3,,,13284.85,23925.15,8056.025
Q9P086,Q9P086,MED11_HUMAN,MED11,,,,4608.74,
Q9P0B6,Q9P0B6,CC167_HUMAN,CCDC167,,,,,
Q9P0I2,Q9P0I2;Q9P0I2-2,EMC3_HUMAN,EMC3,,,,12748.9,6748.11
Q9P0J0;Q9P0J0-2,Q9P0J0;Q9P0J0-2,NDUAD_HUMAN,NDUFA13,,,17094.45,42321.7,13051.1
Q9P0J1;Q9P0J1-2,Q9P0J1;Q9P0J1-2,PDP1_HUMAN,PDP1,,,21854.2,,16029.4
Q9P0J7,Q9P0J7,KCMF1_HUMAN,KCMF1,,,1415.04,4360.04,
Q9P0K1;Q9P0K1-2;Q9P0K1-5,Q9P0K1;Q9P0K1-2;Q9P0K1-3;Q9P0K1-4;Q9P0K1-5,ADA22_HUMAN,ADAM22,,,,,2161.21
Q9P0K8;Q9P0K8-2,Q9P0K8;Q9P0K8-2,FOXJ2_HUMAN,FOXJ2,4774.2,,,,
Q9P0L0,Q9P0L0;Q9P0L0-2,VAPA_HUMAN,VAPA,,31139.65,92199.3,282017.0,101635.0
Q9P0M2,Q9P0M2,AKA7G_HUMAN,AKAP7,,,1134.15,7959.66,
Q9P0M6,Q9P0M6,H2AW_HUMAN,MACROH2A2,,,,,
Q9P0M9,Q9P0M9,RM27_HUMAN,MRPL27,,,,16828.25,
Q9P0N8,Q9P0N8,MARH2_HUMAN,MARCHF2,,,,,927.827
Q9P0N9;Q9P0N9-2;Q9P0N9-3,Q9P0N9;Q9P0N9-2;Q9P0N9-3;Q9P0N9-4,TBCD7_HUMAN,TBC1D7,,,,,
Q9P0P0,Q9P0P0,RN181_HUMAN,RNF181,,,,,
Q9P0P8,Q9P0P8,MRES1_HUMAN,MTRES1,,,,,
Q9P0R6,Q9P0R6,GSKIP_HUMAN,GSKIP,,,,8030.86,
Q9P0S2,Q9P0S2,COX16_HUMAN,COX16,,14007.59,,3110.83,
Q9P0S3,Q9P0S3,ORML1_HUMAN,ORMDL1,,,,,
Q9P0S9,Q9P0S9,TM14C_HUMAN,TMEM14C,,,,3205.335,2704.3285
Q9P0T4,Q9P0T4,ZN581_HUMAN,ZNF581,,,,,
Q9P0T7,Q9P0T7,TMEM9_HUMAN,TMEM9,,,10782.8,34847.3,
Q9P0U1,Q9P0U1,TOM7_HUMAN,TOMM7,,,,,
Q9P0U3;Q9P0U3-2,Q9P0U3;Q9P0U3-2,SENP1_HUMAN,SENP1,,,,,
Q9P0U4;Q9P0U4-2,Q9P0U4;Q9P0U4-2,CXXC1_HUMAN,CXXC1,,,,169848.0,8515.02
Q9P0V3;Q9P0V3-2,Q9P0V3;Q9P0V3-2,SH3B4_HUMAN,SH3BP4,,,,4263.85,
Q9P0V9;Q9P0V9-2,Q9P0V9;Q9P0V9-2;Q9P0V9-3,SEP10_HUMAN,SEPTIN10,,,,,
Q9P0W2;Q9P0W2-2;Q9P0W2-3,Q9P0W2;Q9P0W2-2;Q9P0W2-3,HM20B_HUMAN,HMG20B,,,,1974.74,
Q9P107,Q9P107;Q9P107-2,GMIP_HUMAN,GMIP,,1798410.0,6025.13,15735.9,9248.11
Q9P109,Q9P109,GCNT4_HUMAN,GCNT4,,,,,
Q9P121;Q9P121-2;Q9P121-3;Q9P121-4,Q9P121;Q9P121-3;Q9P121-2;Q9P121-4,NTRI_HUMAN,NTM,2345.19,254724.0,8743.52,,14427.065
Q9P126;Q9P126-2,Q9P126;Q9P126-2,CLC1B_HUMAN,CLEC1B,,,33749.8,106170.0,27921.7
Q9P1F3,Q9P1F3,ABRAL_HUMAN,ABRACL,,,53265.9,61995.0,3655.1
Q9P1Q0;Q9P1Q0-2;Q9P1Q0-4,Q9P1Q0;Q9P1Q0-4;Q9P1Q0-2;Q9P1Q0-3,VPS54_HUMAN,VPS54,,,,10805.685,
Q9P1T7;Q9P1T7-1,Q9P1T7;Q9P1T7-1,MDFIC_HUMAN,MDFIC,,,,,
Q9P1U1,Q9P1U1;Q9C0K3;Q9P1U1-2;Q9P1U1-3,ARP3B_HUMAN,ACTR3B,,,,58046.1,
Q9P1W8;Q9P1W8-2,Q9P1W8;Q9P1W8-2;Q9P1W8-4,SIRPG_HUMAN,SIRPG,,68697.2,22854.9,13073.27,
Q9P1Y5;Q9P1Y5-2,Q9P1Y5;Q9P1Y5-2,CAMP3_HUMAN,CAMSAP3,,,,,
Q9P1Y6;Q9P1Y6-3,Q9P1Y6;Q9P1Y6-2;Q9P1Y6-3,PHRF1_HUMAN,PHRF1,,,16783.1,59367.55,
Q9P1Z0,Q9P1Z0,ZBTB4_HUMAN,ZBTB4,,,,,
Q9P1Z2;Q9P1Z2-3,Q9P1Z2;Q9P1Z2-2;Q9P1Z2-3,CACO1_HUMAN,CALCOCO1,,,12014.8,34458.1,10071.575
Q9P206;Q9P206-2;Q9P206-3,Q9P206;Q9P206-3;Q9P206-2,K1522_HUMAN,KIAA1522,,,,,
Q9P215,Q9P215,POGK_HUMAN,POGK,,,,,
Q9P219,Q9P219,DAPLE_HUMAN,CCDC88C,,,5726.75,11112.9,
Q9P227,Q9P227;Q9P227-2,RHG23_HUMAN,ARHGAP23,,14254.2,,17147.6,
Q9P232,Q9P232,CNTN3_HUMAN,CNTN3,3437.76,,,,
Q9P243;Q9P243-2;Q9P243-4,Q9P243;Q9P243-2;Q9P243-3;Q9P243-4,ZFAT_HUMAN,ZFAT,,,,,
Q9P246-2,Q9P246;Q9P246-2;Q9P246-3,STIM2_HUMAN,STIM2,,,65394.8,,
Q9P253,Q9P253,VPS18_HUMAN,VPS18,,,23987.0,24904.85,26828.4
Q9P258,Q9P258,RCC2_HUMAN,RCC2,,,,84170.6,14976.71
Q9P260,Q9P260,RELCH_HUMAN,RELCH,,,,12448.0,4790.45
Q9P260-2,Q9P260-2,RELCH_HUMAN,RELCH,,,9825.35,18155.1,10637.7
Q9P265,Q9P265,DIP2B_HUMAN,DIP2B,,36437.1,6281.245,12085.75,22488.8
Q9P266,Q9P266,JCAD_HUMAN,JCAD,,,9318.1,16122.9,7760.865
Q9P270,Q9P270,SLAI2_HUMAN,SLAIN2,,,32801.2,84605.1,28797.9
Q9P275,Q9P275,UBP36_HUMAN,USP36,,22199.9,,,
Q9P287,Q9P287,BCCIP_HUMAN,BCCIP,,,,7892.21,
Q9P287-2,Q9P287-2,BCCIP_HUMAN,BCCIP,,,,,
Q9P289,Q9P289;Q9P289-3,STK26_HUMAN,STK26,,,16179.85,41606.1,6308.32
Q9P299,Q9P299,COPZ2_HUMAN,COPZ2,425.099,,,,
Q9P2A4;Q9P2A4-2,Q9P2A4;Q9P2A4-2,ABI3_HUMAN,ABI3,,,3402.21,4642.94,
Q9P2B2,Q9P2B2,FPRP_HUMAN,PTGFRN,4439.78,,,16638.3,
Q9P2B4,Q9P2B4,CT2NL_HUMAN,CTTNBP2NL,,,,,
Q9P2D0,Q9P2D0;Q9P2D0-2,IBTK_HUMAN,IBTK,,,,,
Q9P2D3,Q9P2D3,HTR5B_HUMAN,HEATR5B,,,7709.924999999999,23816.35,10018.4
Q9P2D6-4,Q9P2D6-4,F135A_HUMAN,FAM135A,,,,,
Q9P2E2-3,Q9P2E2-3,KIF17_HUMAN,KIF17,,,,18049.0,
Q9P2E3,Q9P2E3,ZNFX1_HUMAN,ZNFX1,,,20391.5,,
Q9P2E5,Q9P2E5;Q9P2E5-2,CHPF2_HUMAN,CHPF2,15417.0,,6426.55,,
Q9P2E9,Q9P2E9,RRBP1_HUMAN,RRBP1,,24318.9,8951.95,20537.15,9379.35
Q9P2E9-3,Q9P2E9-3,RRBP1_HUMAN,RRBP1,,,,,
Q9P2F8,Q9P2F8,SI1L2_HUMAN,SIPA1L2,,,,,
Q9P2F9,Q9P2F9,ZN319_HUMAN,ZNF319,,,,,
Q9P2G1,Q9P2G1,AKIB1_HUMAN,ANKIB1,,,12298.8,,
Q9P2G9;Q9P2G9-2,Q9P2G9;Q9P2G9-2,KLHL8_HUMAN,KLHL8,,,,,
Q9P2H3-3,Q8IWR1;Q9P2H3-3,IFT80_HUMAN,IFT80,,,,,
Q9P2H5;Q9P2H5-2,Q9P2H5;Q9P2H5-2,UBP35_HUMAN,USP35,,,,,
Q9P2I0,Q9P2I0,CPSF2_HUMAN,CPSF2,,,,39967.0,
Q9P2J5,Q9P2J5;Q9P2J5-2,SYLC_HUMAN,LARS1,6241.35,,10870.8,23035.0,13179.1
Q9P2K2,Q9P2K2,TXD16_HUMAN,TXNDC16,,,,,
Q9P2K3;Q9P2K3-3,Q9P2K3;Q9P2K3-3;Q9P2K3-4,RCOR3_HUMAN,RCOR3,,,,,
Q9P2K5,Q9P2K5;Q9P2K5-2,MYEF2_HUMAN,MYEF2,,,,,
Q9P2K6,Q9P2K6,KLH42_HUMAN,KLHL42,,,,,
Q9P2K8;Q9P2K8-2,Q9P2K8;Q9P2K8-2,E2AK4_HUMAN,EIF2AK4,,,,6541.81,
Q9P2M4,Q9P2M4;Q9P2M4-2,TBC14_HUMAN,TBC1D14,,,,3911.15,
Q9P2M7,Q9P2M7;Q9P2M7-2,CING_HUMAN,CGN,,,,,
Q9P2N5,Q9P2N5,RBM27_HUMAN,RBM27,,,,,2182.45
Q9P2N6-2,Q9P2N6;Q9P2N6-2;Q9P2N6-3;Q9P2N6-4;Q9P2N6-5;Q9P2N6-6;Q9P2N6-8,KANL3_HUMAN,KANSL3,,,,,
Q9P2N7;Q9P2N7-2;Q9P2N7-3;Q9P2N7-4;Q9P2N7-5,Q9P2J3;Q9P2N7;Q9P2N7-2;Q9P2N7-3;Q9P2N7-4;Q9P2N7-5,KLH13_HUMAN,KLHL13,,,,,
Q9P2P6,Q9HAQ2;Q9P2P6;Q9P2P6-2;Q9P2P6-3;Q9HAQ2-2,STAR9_HUMAN,STARD9,,,,,
Q9P2Q2,Q9P2Q2,FRM4A_HUMAN,FRMD4A,,,,,
Q9P2R3,Q9P2R3;Q9P2R3-2;Q9P2R3-4,ANFY1_HUMAN,ANKFY1,,,15860.75,34358.55,9845.93
Q9P2R6,Q9P2R6,RERE_HUMAN,RERE,,,,,
Q9P2R7;Q9P2R7-2,Q9P2R7;Q9P2R7-2,SUCB1_HUMAN,SUCLA2,,,16230.3,35839.35000000001,12445.7
Q9P2S5,Q9P2S5,WRP73_HUMAN,WRAP73,29819.9,36252.1,,4071.735,
Q9P2T1;Q9P2T1-2,Q9P2T1;Q9P2T1-2;Q9P2T1-3,GMPR2_HUMAN,GMPR2,,,9004.76,24579.7,
Q9P2U7-2,Q9P2U7;Q9P2U7-2;Q9P2U7-3,VGLU1_HUMAN,SLC17A7,,,,,
Q9P2W9,Q9P2W9,STX18_HUMAN,STX18,,,3306.72,9975.125,3217.64
Q9P2X0;Q9P2X0-2,Q9P2X0;Q9P2X0-2,DPM3_HUMAN,DPM3,1760.28,9448.44,14630.6,39316.0,10758.47
Q9P2X3,Q9P2X3;Q9P2X3-2,IMPCT_HUMAN,IMPACT,,,,20929.1,
Q9P2Y5,Q9P2Y5,UVRAG_HUMAN,UVRAG,,,,14899.5,9262.735
Q9UBB4,Q9UBB4;Q9UBB4-2,ATX10_HUMAN,ATXN10,,,4539.88,15872.6,
Q9UBB5,Q9UBB5;Q9UBB5-3,MBD2_HUMAN,MBD2,,1069.44,,,
Q9UBB6-2,Q9UBB6;Q9UBB6-2,NCDN_HUMAN,NCDN,,,,,
Q9UBB9,Q9UBB9,TFP11_HUMAN,TFIP11,24877.35,18583.2,21315.4,23901.6,15877.2
Q9UBC2-2,Q9UBC2;Q9UBC2-2;Q9UBC2-3;Q9UBC2-4,EP15R_HUMAN,EPS15L1,,22063.2,26418.1,74833.3,16193.5
Q9UBC5,Q9UBC5,MYO1A_HUMAN,MYO1A,,,,,
Q9UBC9,Q9UBC9,SPRR3_HUMAN,SPRR3,,,,,
Q9UBD5,Q9UBD5;Q9UBD5-2;Q9UBD5-3,ORC3_HUMAN,ORC3,,,,,
Q9UBD6,Q9UBD6,RHCG_HUMAN,RHCG,,,,,
Q9UBE0,Q9UBE0,SAE1_HUMAN,SAE1,30158.5,27795.2,29005.0,31558.25,60477.2
Q9UBE8,Q9UBE8,NLK_HUMAN,NLK,,,,,
Q9UBF2,Q9UBF2;Q9UBF2-2,COPG2_HUMAN,COPG2,,,10474.2,29989.15,6311.78
Q9UBF6;Q9UBF6-4,Q9UBF6;Q9UBF6-4,RBX2_HUMAN,RNF7,,,,8884.279999999999,
Q9UBF8;Q9UBF8-2,Q9UBF8;Q9UBF8-2;Q9UBF8-3,PI4KB_HUMAN,PI4KB,,,,,
Q9UBG0,Q9UBG0,MRC2_HUMAN,MRC2,3866.18,18584.15,11542.35,6188.0,
Q9UBG3,Q9UBG3,CRNN_HUMAN,CRNN,,,74300.2,,
Q9UBH0,Q9UBH0,I36RA_HUMAN,IL36RN,,,,,
Q9UBH6;Q9UBH6-2,Q9UBH6;Q9UBH6-2,XPR1_HUMAN,XPR1,,,,,
Q9UBI1,Q9UBI1,COMD3_HUMAN,COMMD3,,,54475.6,21178.0,37669.35
Q9UBI6,Q9UBI6,GBG12_HUMAN,GNG12,,,,,
Q9UBI9,Q9UBI9,HDC_HUMAN,HECA,,,,,
Q9UBJ2,Q9UBJ2,ABCD2_HUMAN,ABCD2,,,,,
Q9UBK7-2;Q9UNT1-2,Q9UNT1;Q9UBK7;Q9UNT1-2;Q9UBK7-2;Q9UBK7-3;Q9UNT1-3,RBL2A_HUMAN;RBL2B_HUMAN,RABL2A;RABL2B,,,11647.9,,
Q9UBK9-2,Q9UBK9;Q9UBK9-2,UXT_HUMAN,UXT,,,,,
Q9UBL3;Q9UBL3-3,Q9UBL3;Q9UBL3-3;Q9UBL3-2,ASH2L_HUMAN,ASH2L,,,,,
Q9UBM7,Q9UBM7,DHCR7_HUMAN,DHCR7,,,39180.15,21149.9,17959.9
Q9UBN4;Q9UBN4-5;Q9UBN4-6,Q9UBN4;Q9UBN4-5;Q9UBN4-6,TRPC4_HUMAN,TRPC4,,,,,
Q9UBN7,Q9UBN7,HDAC6_HUMAN,HDAC6,,27953.6,12542.55,30456.9,21374.1
Q9UBN7-2,Q9UBN7-2,HDAC6_HUMAN,HDAC6,,,,,
Q9UBP0-2;Q9UBP0-4,Q9UBP0;Q9UBP0-3;Q9UBP0-2;Q9UBP0-4,SPAST_HUMAN,SPAST,,,6124.67,13586.7,5126.1
Q9UBP4,Q9UBP4,DKK3_HUMAN,DKK3,3188.6,88132.55,567346.0,42642.7,
Q9UBP6,Q9UBP6,TRMB_HUMAN,METTL1,,,,,
Q9UBQ0,Q9UBQ0;Q9UBQ0-2,VPS29_HUMAN,VPS29,,,16856.0,20754.7,
Q9UBQ5,Q9UBQ5;Q9UBQ5-2,EIF3K_HUMAN,EIF3K,,,,41670.9,
Q9UBQ6,Q9UBQ6,EXTL2_HUMAN,EXTL2,7709.97,,9894.93,74871.0,8488.75
Q9UBQ7,Q9UBQ7,GRHPR_HUMAN,GRHPR,1160.45,,24067.3,65113.0,5301.54
Q9UBR2,Q9UBR2,CATZ_HUMAN,CTSZ,6111.87,,8484.96,18775.25,
Q9UBR5;Q9UBR5-2;Q9UBR5-3;Q9UBR5-4,Q9UBR5;Q9UBR5-2;Q9UBR5-3;Q9UBR5-4,CKLF_HUMAN,CKLF,,,,,
Q9UBS0,Q9UBS0,KS6B2_HUMAN,RPS6KB2,,,,,
Q9UBS3,Q9UBS3,DNJB9_HUMAN,DNAJB9,,,,19488.15,9172.720000000001
Q9UBS4,Q9UBS4,DJB11_HUMAN,DNAJB11,,,10284.945,55796.0,14717.4
Q9UBS5;Q9UBS5-4;Q9UBS5-5,Q9UBS5;Q9UBS5-4;Q9UBS5-5,GABR1_HUMAN,GABBR1,5665.47,,,,
Q9UBS8,Q9UBS8,RNF14_HUMAN,RNF14,,,,56027.005,
Q9UBS9,Q9UBS9;Q9UBS9-2,SUCO_HUMAN,SUCO,,119565.0,66825.4,279991.6,31887.95
Q9UBT2,Q9UBT2;Q9UBT2-2,SAE2_HUMAN,UBA2,14364.2,,12380.61,12119.5,
Q9UBT6,Q9UBT6;Q9UBT6-3;Q9UBT6-8,POLK_HUMAN,POLK,,,,,
Q9UBU6,Q9UBU6,FA8A1_HUMAN,FAM8A1,,,,,
Q9UBU8-2,Q9UBU8;Q9UBU8-2,MO4L1_HUMAN,MORF4L1,,,,,
Q9UBU9,Q9UBU9;Q9UBU9-2,NXF1_HUMAN,NXF1,,13945.4,,4996.21,
Q9UBV2,Q9UBV2;Q9UBV2-2,SE1L1_HUMAN,SEL1L,,,15040.1,8175.559999999999,43914.8
Q9UBV4,Q9UBV4,WNT16_HUMAN,WNT16,,,99633.3,,
Q9UBV7,Q9UBV7,B4GT7_HUMAN,B4GALT7,,,,,1209.405
Q9UBV8,Q9UBV8,PEF1_HUMAN,PEF1,,,,18388.4,17452.9
Q9UBW5,Q9UBW5;Q9UBW5-2;Q9UBW5-3,BIN2_HUMAN,BIN2,3577.06,56552.3,153164.0,673916.0,59779.8
Q9UBW7,Q9UBW7;Q9UBW7-2,ZMYM2_HUMAN,ZMYM2,,,,,
Q9UBW8,Q9UBW8,CSN7A_HUMAN,COPS7A,,,32645.75,55131.1,23295.6
Q9UBX1,Q9UBX1,CATF_HUMAN,CTSF,8308.61,53739.5,70105.5,22352.1,23399.7
Q9UBX3;Q9UBX3-2,Q9UBX3;Q9UBX3-2,DIC_HUMAN,SLC25A10,,,,11933.0,
Q9UBX5,Q9UBX5,FBLN5_HUMAN,FBLN5,12930.8,13483.9,86730.4,13707.6,9361.1
Q9UBX7;Q9UBX7-1;Q9UBX7-3;Q9UBX7-4,Q9UBX7;Q9UBX7-1;Q9UBX7-3;Q9UBX7-4,KLK11_HUMAN,KLK11,,,,,
Q9UBY8,Q9UBY8,CLN8_HUMAN,CLN8,,,,,
Q9UDR5,Q9UDR5,AASS_HUMAN,AASS,,13676.7,9519.19,,2450.14
Q9UDT6,Q9UDT6,CLIP2_HUMAN,CLIP2,,,,,
Q9UDT6-2,Q9UDT6;Q9UDT6-2,CLIP2_HUMAN,CLIP2,5231.41,10438.8,20829.7,37082.8,12942.1
Q9UDW1,Q9UDW1;Q9UDW1-2,QCR9_HUMAN,UQCR10,,142351.0,,12819.9,5350.02
Q9UDX3,Q9UDX3;Q9UDX3-2,S14L4_HUMAN,SEC14L4,,,,5056.02,2338.84
Q9UDX5,Q9UDX5;Q9UDX5-2,MTFP1_HUMAN,MTFP1,,,,,11640.145
Q9UDY2-2,Q9UDY2-2;Q9UDY2-4,ZO2_HUMAN,TJP2,,,,,
Q9UDY2-3,Q9UDY2;Q9UDY2-2;Q9UDY2-3;Q9UDY2-4;Q9UDY2-5;Q9UDY2-6;Q9UDY2-7,ZO2_HUMAN,TJP2,1594.64,27585.2,50459.7,123540.0,45018.64999999999
Q9UDY4,Q9UDY4,DNJB4_HUMAN,DNAJB4,,,7260.309999999999,13249.0,
Q9UDY6,Q9UDY6;Q9UDY6-2,TRI10_HUMAN,TRIM10,,,,,
Q9UDY8-2,Q9UDY8-2,MALT1_HUMAN,MALT1,,,,,
Q9UEE5,Q9UEE5,ST17A_HUMAN,STK17A,,97491.7,,,15162.2
Q9UEE9,Q9UEE9;Q9UEE9-2,CFDP1_HUMAN,CFDP1,,,,,
Q9UER7;Q9UER7-2;Q9UER7-4,Q9UER7;Q9UER7-2;Q9UER7-3;Q9UER7-4;Q9UER7-5,DAXX_HUMAN,DAXX,,,,6458.52,
Q9UET6;Q9UET6-2,Q9UET6;Q9UET6-2,TRM7_HUMAN,FTSJ1,,,,,
Q9UEU0,Q9UEU0;Q9UEU0-2,VTI1B_HUMAN,VTI1B,,,14390.2,32445.3,11996.2
Q9UEW3;Q9UEW3-2,Q9UEW3;Q9UEW3-2,MARCO_HUMAN,MARCO,36132.3,17117.25,14414.7,30628.3,30483.8
Q9UEW8;Q9UEW8-2,Q9UEW8;Q9UEW8-2,STK39_HUMAN,STK39,,,30036.4,58067.4,21206.1
Q9UEY8-2,Q9UEY8;Q9UEY8-2,ADDG_HUMAN,ADD3,35823.6,36360.9,33573.8,93656.4,40377.3
Q9UF56,Q9UF56;Q9UF56-2;Q9UF56-3,FXL17_HUMAN,FBXL17,,,,,
Q9UFC0,Q9UFC0,LRWD1_HUMAN,LRWD1,,,,,
Q9UFF9;Q9UFF9-3,Q9UFF9;Q9UFF9-3,CNOT8_HUMAN,CNOT8,,,,,
Q9UFG5,Q9UFG5;Q9UFG5-2,CS025_HUMAN,C19orf25,,,,6919.65,
Q9UFN0,Q9UFN0;Q9BS92,NPS3A_HUMAN,NIPSNAP3A,,,26691.9,78463.1,23738.6
Q9UFW8,Q9UFW8,CGBP1_HUMAN,CGGBP1,,259392.0,,,
Q9UG01-2,Q9UG01;Q9UG01-2;Q9UG01-3,IF172_HUMAN,IFT172,9355.045,,1604800.0,62809.3,34388.5
Q9UG22,Q9UG22,GIMA2_HUMAN,GIMAP2,,,,,
Q9UG56,Q9UG56;Q9UG56-2,PISD_HUMAN,PISD,,,,,
Q9UG63;Q9UG63-2,Q9UG63;Q9UG63-2,ABCF2_HUMAN,ABCF2,3963.27,,21126.3,20139.9,
Q9UGH3;Q9UGH3-2,Q9UGH3;Q9UGH3-2,S23A2_HUMAN,SLC23A2,,,,,
Q9UGI8;Q9UGI8-2,Q9UGI8;Q9UGI8-2,TES_HUMAN,TES,,,79230.4,11251.8,6359.3
Q9UGJ0;Q9UGJ0-3,Q9UGJ0;Q9UGJ0-3;Q9UGJ0-2,AAKG2_HUMAN,PRKAG2,,,,27970.05,
Q9UGJ1;Q9UGJ1-2,Q9UGJ1;Q9UGJ1-2,GCP4_HUMAN,TUBGCP4,,,,28942.95,
Q9UGK3;Q9UGK3-2,Q9UGK3;Q9UGK3-2,STAP2_HUMAN,STAP2,,,,,
Q9UGL9,Q9UGL9,CRCT1_HUMAN,CRCT1,,,,25896.6,6039.44
Q9UGM3;Q9UGM3-3;Q9UGM3-5;Q9UGM3-6;Q9UGM3-7,Q9UGM3;Q9UGM3-2;Q9UGM3-3;Q9UGM3-4;Q9UGM3-5;Q9UGM3-6;Q9UGM3-7;Q9UGM3-8;Q9UGM3-9,DMBT1_HUMAN,DMBT1,,8314.53,28469.9,,
Q9UGM5,Q9UGM5;Q9UGM5-2,FETUB_HUMAN,FETUB,110885.0,371901.0,80287.8,61578.0,286971.0
Q9UGM6,Q9UGM6,SYWM_HUMAN,WARS2,,26971.4,,29632.2,
Q9UGN4,Q9UGN4,CLM8_HUMAN,CD300A,,54959.1,,1848.29,
Q9UGN5;Q9UGN5-2,Q9UGN5;Q9UGN5-2,PARP2_HUMAN,PARP2,,,,,
Q9UGP4,Q9UGP4,LIMD1_HUMAN,LIMD1,,,14179.8,26888.7,8519.725
Q9UGP5;Q9UGP5-2,Q9UGP5;Q9UGP5-2,DPOLL_HUMAN,POLL,,,,,
Q9UGP8,Q9UGP8,SEC63_HUMAN,SEC63,,,,8583.05,1927.37
Q9UGQ3;Q9UGQ3-2,Q9UGQ3;Q9UGQ3-2,GTR6_HUMAN,SLC2A6,,,,,
Q9UGR2,Q9UGR2,Z3H7B_HUMAN,ZC3H7B,,,14793.83,23178.7,11413.8
Q9UGU0,Q9UGU0;Q9UGU0-2,TCF20_HUMAN,TCF20,,146358.0,,32216.5,
Q9UGU5,Q9UGU5,HMGX4_HUMAN,HMGXB4,35033.5,40232.25,85797.2,142027.5,54095.6
Q9UGV2,Q9UGV2;Q9UGV2-2;Q9UGV2-3,NDRG3_HUMAN,NDRG3,,,,,
Q9UGY1,Q9UGY1,NOL12_HUMAN,NOL12,,,,,
Q9UH03;Q9UH03-2,Q9UH03;Q9UH03-2,SEPT3_HUMAN,SEPTIN3,,,62492.4,69139.25,43648.7
Q9UH62,Q9UH62,ARMX3_HUMAN,ARMCX3,,,23454.15,39241.1,25722.5
Q9UH65,Q9UH65,SWP70_HUMAN,SWAP70,,,,,
Q9UH90,Q9UH90,FBX40_HUMAN,FBXO40,,,,,
Q9UH92;Q9UH92-2;Q9UH92-3,Q9UH92;Q9UH92-3;Q9UH92-2,MLX_HUMAN,MLX,,,,,8279.63
Q9UH99;Q9UH99-2,Q9UH99;Q9UH99-2;Q9UH99-3,SUN2_HUMAN,SUN2,,,,,
Q9UHA2,Q9UHA2,S18L2_HUMAN,SS18L2,,,,,
Q9UHA3,Q9UHA3,RLP24_HUMAN,RSL24D1,,,,,
Q9UHA4,Q9UHA4,LTOR3_HUMAN,LAMTOR3,,,,108664.0,
Q9UHA7,Q9UHA7,IL36A_HUMAN,IL36A,,,,3912.28,
Q9UHB4;Q9UHB4-2;Q9UHB4-4,Q9UHB4;Q9UHB4-2;Q9UHB4-3;Q9UHB4-4,NDOR1_HUMAN,NDOR1,,,,10392.145,1415.57
Q9UHB6-4,Q9UHB6;Q9UHB6-2;Q9UHB6-4;Q9UHB6-5,LIMA1_HUMAN,LIMA1,,57309.0,54313.3,116854.0,37913.45
Q9UHB7,Q9UHB7;Q9UHB7-2;Q9UHB7-3,AFF4_HUMAN,AFF4,,,,,
Q9UHB9,Q9UHB9;Q9UHB9-2;Q9UHB9-3;Q9UHB9-4,SRP68_HUMAN,SRP68,,,,6027.219999999999,6970.25
Q9UHC7;Q9UHC7-2,Q9UHC7;Q9UHC7-2;Q9UHC7-3;Q9UHC7-4,MKRN1_HUMAN,MKRN1,,,,2686.21,
Q9UHD1;Q9UHD1-2,Q9UHD1;Q9UHD1-2,CHRD1_HUMAN,CHORDC1,,,9280.25,10714.9,
Q9UHD2,Q9UHD2,TBK1_HUMAN,TBK1,,,9000.39,14115.05,
Q9UHD4,Q9UHD4,CIDEB_HUMAN,CIDEB,,,111331.0,27491.8,7492.809999999999
Q9UHD8-5,Q9UHD8;Q9UHD8-2;Q9UHD8-3;Q9UHD8-4;Q9UHD8-5;Q9UHD8-7;Q9UHD8-8;Q9UHD8-9,SEPT9_HUMAN,SEPTIN9,22148.3,36709.95,16959.7,40638.4,15170.2
Q9UHD9,Q9UHD9,UBQL2_HUMAN,UBQLN2,5640.68,,,8853.19,
Q9UHF1,Q9UHF1,EGFL7_HUMAN,EGFL7,,,,7565.89,19499.1
Q9UHF7;Q9UHF7-2;Q9UHF7-3,Q9UHF7;Q9UHF7-2;Q9UHF7-3,TRPS1_HUMAN,TRPS1,,,,,2102.87
Q9UHG2,Q9UHG2,PCS1N_HUMAN,PCSK1N,,,8663.83,22783.1,
Q9UHG3,Q9UHG3;Q9UHG3-2,PCYOX_HUMAN,PCYOX1,45532.7,30343.4,77178.9,960219.0,168090.0
Q9UHG3-2,Q9UHG3-2,PCYOX_HUMAN,PCYOX1,,,,27209.9,5231.014999999999
Q9UHI5,Q9UHI5;Q9UHI5-2;Q9UHI5-3;Q9UHI5-4,LAT2_HUMAN,SLC7A8,,,21947.5,13665.8,
Q9UHI6,Q9UHI6,DDX20_HUMAN,DDX20,,,,,
Q9UHI8,Q9UHI8,ATS1_HUMAN,ADAMTS1,,,31881.6,24138.0,
Q9UHJ3,Q9UHJ3;Q9UHJ3-2,SMBT1_HUMAN,SFMBT1,,,,,
Q9UHJ6,Q9UHJ6,SHPK_HUMAN,SHPK,,,14834.75,16145.35,
Q9UHJ9;Q9UHJ9-2;Q9UHJ9-3;Q9UHJ9-5,Q9UHJ9;Q9UHJ9-5;Q9UHJ9-2;Q9UHJ9-3,PGAP2_HUMAN,PGAP2,,,,,
Q9UHK6;Q9UHK6-5,Q9UHK6;Q9UHK6-2;Q9UHK6-4;Q9UHK6-5,AMACR_HUMAN,AMACR,,,,,
Q9UHL4,Q9UHL4,DPP2_HUMAN,DPP7,,,,23348.7,
Q9UHN1,Q9UHN1,DPOG2_HUMAN,POLG2,,,,11686.45,
Q9UHN6,Q9UHN6;Q9UHN6-2,CEIP2_HUMAN,CEMIP2,,,7187.8,17223.6,
Q9UHP3;Q9UHP3-1;Q9UHP3-3,Q9UHP3;Q9UHP3-1;Q9UHP3-3,UBP25_HUMAN,USP25,118722.0,,42735.6,13791.6,
Q9UHQ4;Q9UHQ4-2,Q9UHQ4;Q9UHQ4-2,BAP29_HUMAN,BCAP29,,,6304.77,17753.35,8751.275000000001
Q9UHQ9,Q9UHQ9,NB5R1_HUMAN,CYB5R1,,,15942.4,54901.0,22023.7
Q9UHR4,Q9UHR4,BI2L1_HUMAN,BAIAP2L1,,,,16789.1,
Q9UHR5;Q9UHR5-2,Q9UHR5;Q9UHR5-2,S30BP_HUMAN,SAP30BP,,,,49294.05,8175.75
Q9UHR6,Q9UHR6,ZNHI2_HUMAN,ZNHIT2,,,,4926.66,
Q9UHV5,Q9UHV5,RPGFL_HUMAN,RAPGEFL1,,,,,
Q9UHV7,Q9UHV7,MED13_HUMAN,MED13,,,,,
Q9UHV9,Q9UHV9,PFD2_HUMAN,PFDN2,,,14746.05,47992.25,
Q9UHW5;Q9UHW5-2,Q9UHW5;Q9UHW5-2,GPN3_HUMAN,GPN3,,,,,
Q9UHW9,Q9UHW9;Q9UHW9-2;Q9UHW9-3;Q9UHW9-4;Q9UHW9-5;Q9UHW9-6,S12A6_HUMAN,SLC12A6,,,,50565.9,
Q9UHX1;Q9UHX1-2,Q9UHX1;Q9UHX1-2;Q9UHX1-5;Q9UHX1-6;Q9UHX1-3;Q9UHX1-4,PUF60_HUMAN,PUF60,,42467.5,,,2614.87
Q9UHX3;Q9UHX3-3;Q9UHX3-4;Q9UHX3-6,Q9UHX3;Q9UHX3-3;Q9UHX3-4;Q9UHX3-5;Q9UHX3-6,AGRE2_HUMAN,ADGRE2,,,,13924.9,2273.4
Q9UHY1,Q9UHY1,NRBP_HUMAN,NRBP1,,,33150.75,65342.95,
Q9UHY7,Q9UHY7;Q9UHY7-2,ENOPH_HUMAN,ENOPH1,,,7365.97,12879.6,
Q9UHY8-2,Q9UHY8;Q9UHY8-2,FEZ2_HUMAN,FEZ2,,,,30027.1,
Q9UI08-2;Q9UI08-5,Q9UI08;Q9UI08-2;Q9UI08-3;Q9UI08-4;Q9UI08-5,EVL_HUMAN,EVL,,,,11633.6,3928.77
Q9UI09,Q9UI09,NDUAC_HUMAN,NDUFA12,,,13982.25,30827.6,
Q9UI10-2,Q9UI10-2,EI2BD_HUMAN,EIF2B4,,,,,
Q9UI10;Q9UI10-3,Q9UI10;Q9UI10-2;Q9UI10-3,EI2BD_HUMAN,EIF2B4,685.9715,2885.92,11257.9,32753.5,6628.309999999999
Q9UI12;Q9UI12-2,Q9UI12;Q9UI12-2,VATH_HUMAN,ATP6V1H,,,11787.4,26782.0,7936.93
Q9UI14,Q9UI14,PRAF1_HUMAN,RABAC1,,,,,
Q9UI15,Q9UI15,TAGL3_HUMAN,TAGLN3,1936.21,,,46472.4,
Q9UI26;Q9UI26-2,Q9UI26;Q9UI26-2,IPO11_HUMAN,IPO11,,,5492.52,34851.55,
Q9UI30,Q9UI30,TR112_HUMAN,TRMT112,,,,5276.19,
Q9UI38,Q9UI38,TSP50_HUMAN,PRSS50,,,,,
Q9UI42;Q9UI42-2,Q9UI42;Q9UI42-2,CBPA4_HUMAN,CPA4,,,,6171.2,6153.94
Q9UI43,Q9UI43,MRM2_HUMAN,MRM2,,,,,
Q9UIA0,Q9UIA0,CYH4_HUMAN,CYTH4,,,,,
Q9UIA9,Q9UIA9,XPO7_HUMAN,XPO7,,,19201.0,71595.0,7365.77
Q9UIB8;Q9UIB8-2;Q9UIB8-3,Q9UIB8;Q9UIB8-2;Q9UIB8-3;Q9UIB8-4;Q9UIB8-5;Q9UIB8-6,SLAF5_HUMAN,CD84,4462.91,109143.0,65429.4,178472.0,58962.2
Q9UIC8;Q9UIC8-2,Q9UIC8;Q9UIC8-2;Q9UIC8-3,LCMT1_HUMAN,LCMT1,,,,68339.20000000001,
Q9UID3,Q9UID3;Q9UID3-2,VPS51_HUMAN,VPS51,,,7594.84,13799.55,3576.6
Q9UID6,Q9UID6,ZN639_HUMAN,ZNF639,,,,,
Q9UIF9;Q9UIF9-2;Q9UIF9-3,Q9UIF9;Q9UIF9-2;Q9UIF9-3,BAZ2A_HUMAN,BAZ2A,,,,,
Q9UIG0,Q9UIG0;Q9UIG0-2,BAZ1B_HUMAN,BAZ1B,,46025.2,40033.05,,6215.92
Q9UIG8,Q9UIG8;Q9UIG8-2,SO3A1_HUMAN,SLCO3A1,,,,10884.17,
Q9UII2,Q9UII2,ATIF1_HUMAN,ATP5IF1,,,,,
Q9UII4,Q9UII4,HERC5_HUMAN,HERC5,,,,,
Q9UIJ7,Q9UIJ7;Q9UIJ7-2;Q9UIJ7-3,KAD3_HUMAN,AK3,,,32805.0,108469.0,
Q9UIK4,Q9UIK4;Q9UIK4-2,DAPK2_HUMAN,DAPK2,,,,,
Q9UIL1;Q9UIL1-2;Q9UIL1-3,Q9UIL1;Q9UIL1-3;Q9UIL1-2,SCOC_HUMAN,SCOC,,,,,
Q9UIL8,Q9UIL8,PHF11_HUMAN,PHF11,,,,,
Q9UIM3,Q9UIM3,FKBPL_HUMAN,FKBPL,,,,,16261.0
Q9UIQ6,Q9UIQ6,LCAP_HUMAN,LNPEP,,,,,
Q9UIQ6-3,Q9UIQ6;Q9UIQ6-2;Q9UIQ6-3,LCAP_HUMAN,LNPEP,,7113.02,16101.1,56994.2,15720.8
Q9UIS9;Q9UIS9-10;Q9UIS9-5;Q9UIS9-7;Q9UIS9-9,Q9UIS9;Q9UIS9-10;Q9UIS9-11;Q9UIS9-12;Q9UIS9-2;Q9UIS9-4;Q9UIS9-5;Q9UIS9-6;Q9UIS9-7;Q9UIS9-8;Q9UIS9-9,MBD1_HUMAN,MBD1,,,,71236.3,
Q9UIV1,Q9UIV1;Q9UIV1-2,CNOT7_HUMAN,CNOT7,,,,90462.55,
Q9UIV8;Q9UIV8-2,Q9UIV8;Q9UIV8-2,SPB13_HUMAN,SERPINB13,,,,13143.9,12578.2
Q9UIW2,Q9UIW2,PLXA1_HUMAN,PLXNA1,1442.155,,,,11301.8
Q9UJ14,Q9UJ14,GGT7_HUMAN,GGT7,,,3797.5,,
Q9UJ41;Q9UJ41-3;Q9UJ41-4,Q9UJ41;Q9UJ41-4;Q9UJ41-3,RABX5_HUMAN,RABGEF1,,,27417.4,33297.9,
Q9UJ68;Q9UJ68-3;Q9UJ68-5,Q9UJ68;Q9UJ68-5;Q9UJ68-2;Q9UJ68-3;Q9UJ68-4,MSRA_HUMAN,MSRA,,,,,
Q9UJ70,Q9UJ70;Q9UJ70-2,NAGK_HUMAN,NAGK,,,12593.2,32063.6,7289.5
Q9UJ83;Q9UJ83-2,Q9UJ83;Q9UJ83-2,HACL1_HUMAN,HACL1,,,,7508.21,
Q9UJ98;Q9UJ98-2;Q9UJ98-3,Q9UJ98;Q9UJ98-2;Q9UJ98-3,STAG3_HUMAN,STAG3,,,,,
Q9UJA5,Q9UJA5;Q9UJA5-2;Q9UJA5-3;Q9UJA5-4,TRM6_HUMAN,TRMT6,,,,,
Q9UJC3,Q9UJC3;Q9UJC3-2,HOOK1_HUMAN,HOOK1,,,,,
Q9UJC5,Q9UJC5,SH3L2_HUMAN,SH3BGRL2,,70402.7,35747.2,129400.0,
Q9UJF2-2,Q9UJF2;Q9UJF2-2,NGAP_HUMAN,RASAL2,,,3622.835,,
Q9UJG1;Q9UJG1-2;Q9UJG1-3,Q9UJG1;Q9UJG1-2;Q9UJG1-3,MSPD1_HUMAN,MOSPD1,,,,,20538.2
Q9UJH8,Q9UJH8,METRN_HUMAN,METRN,,20061.4,,23425.05,8039.55
Q9UJJ9,Q9UJJ9,GNPTG_HUMAN,GNPTG,12297.6,24614.975,16680.2,14520.65,45937.7
Q9UJK0,Q9UJK0,TSR3_HUMAN,TSR3,,,8561.03,,
Q9UJS0;Q9UJS0-2,Q9UJS0;Q9UJS0-2,S2513_HUMAN,SLC25A13,83900.0,,5788.12,27695.0,6884.52
Q9UJT0,Q9UJT0,TBE_HUMAN,TUBE1,,,,4168.66,
Q9UJU2;Q9UJU2-5,Q9UJU2;Q9UJU2-3;Q9UJU2-5;Q9UJU2-6;Q9UJU2-7,LEF1_HUMAN,LEF1,,,,,
Q9UJU6,Q9UJU6;Q9UJU6-5,DBNL_HUMAN,DBNL,,27824.65,87492.5,170155.0,11919.5
Q9UJU6-6,Q9UJU6-2;Q9UJU6-3;Q9UJU6-4;Q9UJU6-6,DBNL_HUMAN,DBNL,,,7505.65,10051.7,
Q9UJV9,Q9UJV9,DDX41_HUMAN,DDX41,,,127319.0,36915.35,
Q9UJW0,Q9UJW0;Q9UJW0-3,DCTN4_HUMAN,DCTN4,,,17097.8,44248.2,7165.56
Q9UJX2,Q9UJX2;Q9UJX2-3,CDC23_HUMAN,CDC23,,,5046.88,13825.1,
Q9UJX3;Q9UJX3-2,Q9UJX3;Q9UJX3-2,APC7_HUMAN,ANAPC7,,,,205020.0,217204.0
Q9UJX4,Q9UJX4;Q9UJX4-3,APC5_HUMAN,ANAPC5,,,42131.9,25563.9,
Q9UJX5;Q9UJX5-3,Q9UJX5;Q9UJX5-3,APC4_HUMAN,ANAPC4,,,,7952.11,
Q9UJX6-2,Q9UJX6;Q9UJX6-2,ANC2_HUMAN,ANAPC2,,,,28356.2,
Q9UJY1,Q9UJY1,HSPB8_HUMAN,HSPB8,,,,,
Q9UJY4,Q9UJY4,GGA2_HUMAN,GGA2,,,,,
Q9UJY5;Q9UJY5-3;Q9UJY5-4;Q9UJY5-6,Q9UJY5;Q9UJY5-4;Q9UJY5-2;Q9UJY5-3;Q9UJY5-6,GGA1_HUMAN,GGA1,,,8185.18,14056.75,
Q9UJZ1,Q9UJZ1;Q9UJZ1-2,STML2_HUMAN,STOML2,,,12858.8,31738.0,8219.220000000001
Q9UK08,Q9UK08,GBG8_HUMAN,GNG8,,,,,
Q9UK22,Q9UK22,FBX2_HUMAN,FBXO2,,,,,
Q9UK23;Q9UK23-2,Q9UK23;Q9UK23-2;Q9UK23-3,NAGPA_HUMAN,NAGPA,963.518,,,,
Q9UK41,Q9UK41;Q9UK41-2,VPS28_HUMAN,VPS28,,,12908.7,40834.9,91887.7
Q9UK45,Q9UK45,LSM7_HUMAN,LSM7,,,10199.0,14428.45,8158.27
Q9UK53;Q9UK53-2;Q9UK53-4;Q9UK53-5,Q9UK53;Q9UK53-2;Q9UK53-3;Q9UK53-4;Q9UK53-5,ING1_HUMAN,ING1,,17524.1,,,
Q9UK55,Q9UK55,ZPI_HUMAN,SERPINA10,110058.0,436119.0,981620.0,127063.0,360566.0
Q9UK58;Q9UK58-6,Q9UK58;Q9UK58-4;Q9UK58-5;Q9UK58-6,CCNL1_HUMAN,CCNL1,,,,,
Q9UK59,Q9UK59;Q9UK59-2,DBR1_HUMAN,DBR1,,,2796.33,25169.0,
Q9UK61;Q9UK61-3;Q9UK61-4,Q9UK61;Q9UK61-3;Q9UK61-4,TASOR_HUMAN,TASOR,,,,,
Q9UK73,Q9UK73,FEM1B_HUMAN,FEM1B,,,,,
Q9UK76,Q9UK76;Q9UK76-2,JUPI1_HUMAN,JPT1,,6847.96,,21163.45,
Q9UK97-2,Q9UK97;Q9UK97-2;Q9UK97-3,FBX9_HUMAN,FBXO9,,,23116.2,,
Q9UK99,Q9UK99;Q9UK99-2;Q9UK99-3,FBX3_HUMAN,FBXO3,727621.0,78751.9,146117.5,164223.5,232864.0
Q9UKA2,Q9UKA2,FBXL4_HUMAN,FBXL4,,,,,
Q9UKA4,Q9UKA4,AKA11_HUMAN,AKAP11,,,,,
Q9UKA8,Q9UKA8;Q9UKA8-5;Q9UKA8-6,RCAN3_HUMAN,RCAN3,,,3071.6,,
Q9UKA9;Q9UKA9-2;Q9UKA9-3;Q9UKA9-4;Q9UKA9-5;Q9UKA9-6,Q9UKA9;Q9UKA9-2;Q9UKA9-5;Q9UKA9-3;Q9UKA9-4;Q9UKA9-6,PTBP2_HUMAN,PTBP2,,,9584.925,31401.35,
Q9UKB1;Q9UKB1-2;Q9UKB1-3,Q9UKB1;Q9UKB1-2;Q9UKB1-3,FBW1B_HUMAN,FBXW11,,,,,20417.3
Q9UKD1,Q9UKD1,GMEB2_HUMAN,GMEB2,4874.49,,,,
Q9UKD2,Q9UKD2,MRT4_HUMAN,MRTO4,,,,,
Q9UKE5-4;Q9UKE5-6,O95819;Q8N4C8;Q9UKE5;O95819-2;O95819-3;O95819-4;O95819-5;O95819-6;Q8N4C8-2;Q8N4C8-3;Q8N4C8-4;Q8N4C8-5;Q9UKE5-2;Q9UKE5-3;Q9UKE5-4;Q9UKE5-5;Q9UKE5-6;Q9UKE5-7;Q9UKE5-8,TNIK_HUMAN,TNIK,,374968.25,39778.1,102194.0,39631.65
Q9UKF6,Q9UKF6,CPSF3_HUMAN,CPSF3,,465627.0,8171.65,6831.22,
Q9UKF7,Q9UKF7;Q9UKF7-2,PITC1_HUMAN,PITPNC1,,16254.5,8116.38,13581.3,25577.4
Q9UKG1,Q9UKG1,DP13A_HUMAN,APPL1,,,18420.6,48436.0,11007.9
Q9UKG9;Q9UKG9-3,Q9UKG9;Q9UKG9-3,OCTC_HUMAN,CROT,,,,,
Q9UKI3,Q9UKI3,VPRE3_HUMAN,VPREB3,,,2124.64,,
Q9UKI8-5,Q86UE8;Q9UKI8;Q86UE8-2;Q86UE8-3;Q9UKI8-2;Q9UKI8-3;Q9UKI8-4;Q9UKI8-5,TLK1_HUMAN,TLK1,,,,,
Q9UKJ1;Q9UKJ1-2;Q9UKJ1-3;Q9UKJ1-4,Q9UKJ1;Q9UKJ1-2;Q9UKJ1-3;Q9UKJ1-4,PILRA_HUMAN,PILRA,489.282,24604.0,,,
Q9UKJ3;Q9UKJ3-2,Q9UKJ3;Q9UKJ3-2,GPTC8_HUMAN,GPATCH8,13556.1,,,,
Q9UKJ5,Q9UKJ5;Q5VXU3;Q5VXU3-2,CHIC2_HUMAN,CHIC2,,,,,
Q9UKK3,Q9UKK3,PARP4_HUMAN,PARP4,,,,4104.38,
Q9UKK9,Q9UKK9,NUDT5_HUMAN,NUDT5,,,8752.01,40441.5,7606.27
Q9UKL0,Q9UKL0,RCOR1_HUMAN,RCOR1,14493.3,,,17730.8,37931.4
Q9UKL6,Q9UKL6,PPCT_HUMAN,PCTP,,,,,
Q9UKM7,Q9UKM7,MA1B1_HUMAN,MAN1B1,,,29202.0,10208.1,3170.11
Q9UKM9,Q9UKM9;Q9UKM9-2,RALY_HUMAN,RALY,,,7736.14,1944265.05,4562.42
Q9UKN8,Q9UKN8,TF3C4_HUMAN,GTF3C4,,,,,
Q9UKP3;Q9UKP3-2,Q9UKP3;Q9UKP3-2,ITBP2_HUMAN,ITGB1BP2,,,,,
Q9UKR0-3,Q9UKR0;Q9UKR0-2;Q9UKR0-3,KLK12_HUMAN,KLK12,,,,,
Q9UKR3,Q9UKR3,KLK13_HUMAN,KLK13,,,3400.91,,
Q9UKR5,Q9UKR5,ERG28_HUMAN,ERG28,,,,,
Q9UKS6,Q9UKS6,PACN3_HUMAN,PACSIN3,,,106609.0,4794.52,
Q9UKT5,Q9UKT5;Q9UKT5-2,FBX4_HUMAN,FBXO4,,,1588.0,,
Q9UKT7,Q9UKT7,FBXL3_HUMAN,FBXL3,,,11914.2,,
Q9UKT8,Q9UKT8;Q9UKT8-2,FBXW2_HUMAN,FBXW2,,,,,
Q9UKT9,Q9UKT9;Q9UKT9-10;Q9UKT9-2;Q9UKT9-7;Q9UKT9-9,IKZF3_HUMAN,IKZF3,,,,,
Q9UKU0-3;Q9UKU0-8,Q9UKU0;Q9UKU0-1;Q9UKU0-2;Q9UKU0-3;Q9UKU0-5;Q9UKU0-7;Q9UKU0-8;Q9UKU0-9,ACSL6_HUMAN,ACSL6,24826.4,,,32042.5,15707.5
Q9UKU6,Q9UKU6,TRHDE_HUMAN,TRHDE,3006.45,,11657.69,13544.9,7343.68
Q9UKU7,Q9UKU7;Q9UKU7-2,ACAD8_HUMAN,ACAD8,4603.48,,,15617.6,
Q9UKU9,Q9UKU9,ANGL2_HUMAN,ANGPTL2,,,9051.375,17649.65,
Q9UKV3,Q9UKV3;Q9UKV3-2;Q9UKV3-3;Q9UKV3-5,ACINU_HUMAN,ACIN1,,96469.1,17370.4,28243.9,27643.3
Q9UKV5,Q9UKV5,AMFR_HUMAN,AMFR,,,,,
Q9UKV8,Q9H9G7;Q9HCK5;Q9UKV8;Q9UL18;Q9H9G7-2;Q9UKV8-2,AGO2_HUMAN,AGO2,,,10553.5,61657.7,16565.1
Q9UKW4,Q9UKW4;Q9UKW4-2;Q9UKW4-4,VAV3_HUMAN,VAV3,,,8061.39,33771.5,
Q9UKX2,P13535;Q9UKX2;Q9UKX2-2,MYH2_HUMAN,MYH2,2515.77,31027.7,7907.254999999999,2707.35,14575.0
Q9UKX5;Q9UKX5-2,Q9UKX5;Q9UKX5-2,ITA11_HUMAN,ITGA11,3701.77,,14564.5,48999.8,11016.1
Q9UKX7;Q9UKX7-2,Q9UKX7;Q9UKX7-2,NUP50_HUMAN,NUP50,,,,,36829.8
Q9UKY1,Q9UKY1,ZHX1_HUMAN,ZHX1,,,,,
Q9UKY7,Q9UKY7;Q9UKY7-2,CDV3_HUMAN,CDV3,,79292.7,49737.0,39325.8,31165.65
Q9UKZ1,Q9UKZ1,CNO11_HUMAN,CNOT11,,,2372.52,6764.51,1898.08
Q9UKZ9,Q9UKZ9,PCOC2_HUMAN,PCOLCE2,1990.31,,29978.6,10647.9,175296.0
Q9UL01,Q9UL01,DSE_HUMAN,DSE,,,,19805.9,
Q9UL03;Q9UL03-3,Q9UL03;Q9UL03-3,INT6_HUMAN,INTS6,,363896.5,10476.7,70156.9,71252.2
Q9UL12,Q9UL12,SARDH_HUMAN,SARDH,,,,104083.4,
Q9UL15,Q9UL15;Q9UL15-2,BAG5_HUMAN,BAG5,,,,32182.4,
Q9UL17,Q9UL17,TBX21_HUMAN,TBX21,,,,,
Q9UL18,Q9UL18,AGO1_HUMAN,AGO1,,,,12921.4,5387.31
Q9UL25,Q9UL25,RAB21_HUMAN,RAB21,,,30050.0,95634.9,26453.2
Q9UL26,Q9UL26,RB22A_HUMAN,RAB22A,,,,21380.5,
Q9UL33;Q9UL33-2,Q9UL33;Q9UL33-2,TPC2L_HUMAN,TRAPPC2L,,,6100.795,27813.35,3592.5
Q9UL40;Q9UL40-2,Q9UL40;Q9UL40-2;Q9UL40-3,ZN346_HUMAN,ZNF346,,,,,
Q9UL45,Q9UL45,BL1S6_HUMAN,BLOC1S6,,,,,
Q9UL46,Q9UL46,PSME2_HUMAN,PSME2,,977160.0,25621.7,113195.0,14708.63
Q9UL52,Q9UL52,TM11E_HUMAN,TMPRSS11E,,,,,
Q9UL54-2,Q9UL54-2,TAOK2_HUMAN,TAOK2,,,,14354.5,
Q9UL54-3,Q9UL54;Q9UL54-3,TAOK2_HUMAN,TAOK2,,,,,
Q9UL63,Q9UL63,MKLN1_HUMAN,MKLN1,,,,,
Q9UL68-3,Q9UL68;Q9UL68-3;Q9UL68-4,MYT1L_HUMAN,MYT1L,,,29878.6,,
Q9ULA0;Q9ULA0-2,Q9ULA0;Q9ULA0-2,DNPEP_HUMAN,DNPEP,,,12420.05,73856.7,8645.55
Q9ULB1-2;Q9ULB1-3,Q9ULB1;Q9ULB1-2;Q9ULB1-3,NRX1A_HUMAN,NRXN1,82300.4,,8211.53,,
Q9ULC0-3,Q9ULC0-3,MUCEN_HUMAN,EMCN,,134611.0,,,
Q9ULC3,Q9ULC3,RAB23_HUMAN,RAB23,,,,23567.4,
Q9ULC4;Q9ULC4-3,Q9ULC4;A0A3B3IRV3;Q9ULC4-2;Q9ULC4-3,MCTS1_HUMAN,MCTS1,,,193733.5,54721.3,14514.8
Q9ULC5-3,Q9ULC5;Q9ULC5-3;Q9ULC5-4,ACSL5_HUMAN,ACSL5,17336.0,19575.0,19350.0,44533.3,25767.5
Q9ULC6,Q9ULC6,PADI1_HUMAN,PADI1,,,,,
Q9ULE0,Q9ULE0,WWC3_HUMAN,WWC3,,,,,
Q9ULF5,Q9ULF5;Q9ULF5-2,S39AA_HUMAN,SLC39A10,,32943.1,,14002.7,22617.1
Q9ULG1,Q9ULG1,INO80_HUMAN,INO80,,,,220329.5,
Q9ULG6;Q9ULG6-2;Q9ULG6-5,Q9ULG6;Q9ULG6-2;Q9ULG6-3;Q9ULG6-4;Q9ULG6-5,CCPG1_HUMAN,CCPG1,3651.03,,,4644.35,
Q9ULH0-2,Q9ULH0;Q9ULH0-2;Q9ULH0-3;Q9ULH0-4,KDIS_HUMAN,KIDINS220,,,15422.1,8237.44,20429.8
Q9ULH1;Q9ULH1-2,Q9ULH1;Q9ULH1-2,ASAP1_HUMAN,ASAP1,,93750.6,39075.89999999999,109968.0,20713.6
Q9ULH7;Q9ULH7-4;Q9ULH7-5,Q9ULH7;Q9ULH7-2;Q9ULH7-3;Q9ULH7-4;Q9ULH7-5,MRTFB_HUMAN,MRTFB,,,,,
Q9ULI0,Q9ULI0;Q9ULI0-2,ATD2B_HUMAN,ATAD2B,,,,,6159.96
Q9ULI3,Q9ULI3;Q9ULI3-2,HEG1_HUMAN,HEG1,5008.65,703579.0,250099.0,440810.0,18593.25
Q9ULJ6-3,Q8NF64;Q9ULJ6;Q8NF64-2;Q8NF64-3;Q9ULJ6-3,ZMIZ1_HUMAN,ZMIZ1,,,,,91264.2
Q9ULJ7,Q9ULJ7;Q9ULJ7-2,ANR50_HUMAN,ANKRD50,,,,,
Q9ULJ8;Q9ULJ8-3;Q9ULJ8-4;Q9ULJ8-5,Q9ULJ8;Q9ULJ8-3;Q9ULJ8-4;Q9ULJ8-5,NEB1_HUMAN,PPP1R9A,,,,,
Q9ULK4;Q9ULK4-3;Q9ULK4-4;Q9ULK4-5,Q9ULK4;Q9ULK4-2;Q9ULK4-3;Q9ULK4-4;Q9ULK4-5,MED23_HUMAN,MED23,2896970.0,,352598.7,287886.5,440295.0
Q9ULK6;Q9ULK6-2;Q9ULK6-3,Q9ULK6;Q9ULK6-2;Q9ULK6-3,RN150_HUMAN,RNF150,,8923.24,,,
Q9ULL4;Q9ULL4-2,Q9ULL4;Q9ULL4-2,PLXB3_HUMAN,PLXNB3,,,11458.76,41922.3,16726.25
Q9ULL5,Q9ULL5;Q9ULL5-2,PRR12_HUMAN,PRR12,,,,,
Q9ULL8,Q9ULL8;Q9ULL8-2,SHRM4_HUMAN,SHROOM4,11822.6,1799350.0,164127.45,79007.75,580051.0
Q9ULM3,Q9ULM3,YETS2_HUMAN,YEATS2,,,,,
Q9ULP0-3,Q9ULP0-3,NDRG4_HUMAN,NDRG4,,,,,
Q9ULP9;Q9ULP9-2,Q9ULP9;Q9ULP9-2,TBC24_HUMAN,TBC1D24,,,6465.785,28411.25,12304.8
Q9ULQ0,Q9ULQ0,STRP2_HUMAN,STRIP2,,,,28488.5,177541.0
Q9ULQ1;Q9ULQ1-3,Q9ULQ1;Q9ULQ1-2;Q9ULQ1-3,TPC1_HUMAN,TPCN1,,,13982.5,8655.24,
Q9ULR0;Q9ULR0-1,Q9ULR0;Q9ULR0-1;Q9ULR0-2,ISY1_HUMAN,ISY1,,,,,
Q9ULR3,Q9ULR3;Q5JR12;Q5JR12-2,PPM1H_HUMAN,PPM1H,,,,13217.1,
Q9ULS5,Q9ULS5,TMCC3_HUMAN,TMCC3,,,,,
Q9ULT0;Q9ULT0-4,Q9ULT0;Q9ULT0-4,TTC7A_HUMAN,TTC7A,,,,,
Q9ULT8,Q9ULT8,HECD1_HUMAN,HECTD1,69546.4,,68764.70000000001,19950.05,88916.9
Q9ULU4-12,Q9ULU4-12;Q9ULU4-13;Q9ULU4-14;Q9ULU4-15;Q9ULU4-16;Q9ULU4-2;Q9ULU4-21;Q9ULU4-22;Q9ULU4-23;Q9ULU4-3;Q9ULU4-4;Q9ULU4-6;Q9ULU4-9,ZMYD8_HUMAN,ZMYND8,,,,39912.5,
Q9ULU8;Q9ULU8-2;Q9ULU8-3;Q9ULU8-4,Q9ULU8;Q9ULU8-2;Q9ULU8-3;Q9ULU8-4,CAPS1_HUMAN,CADPS,,,37916.8,9342.895,
Q9ULV0,Q9ULV0;Q9ULV0-2;Q9ULV0-3,MYO5B_HUMAN,MYO5B,,,,4353.059999999999,
Q9ULV3;Q9ULV3-5,Q9ULV3;Q9ULV3-2;Q9ULV3-3;Q9ULV3-4;Q9ULV3-5,CIZ1_HUMAN,CIZ1,,,,,
Q9ULV4;Q9ULV4-2;Q9ULV4-3,Q9ULV4;Q9ULV4-3;Q9ULV4-2,COR1C_HUMAN,CORO1C,,26960.9,86946.3,331215.0,31878.25
Q9ULV8-2,Q9ULV8;Q9ULV8-2,CBLC_HUMAN,CBLC,,,,,
Q9ULW3,Q9ULW3,ABT1_HUMAN,ABT1,,,,,
Q9ULX3,Q9ULX3,NOB1_HUMAN,NOB1,,,,,
Q9ULX6,Q9ULX6,AKP8L_HUMAN,AKAP8L,,,,,
Q9ULX9;Q9ULX9-2,Q9ULX9;Q9ULX9-2,MAFF_HUMAN,MAFF,,,,,
Q9ULZ2,Q9ULZ2,STAP1_HUMAN,STAP1,,,,,
Q9ULZ3,Q9ULZ3;Q9ULZ3-2;Q9ULZ3-3,ASC_HUMAN,PYCARD,,,7059.45,9423.54,
Q9UM00;Q9UM00-1;Q9UM00-2,Q9UM00;Q9UM00-1;Q9UM00-2,TMCO1_HUMAN,TMCO1,,,6261.56,10817.335,
Q9UM07,Q9UM07,PADI4_HUMAN,PADI4,4703.59,,36884.7,,31556.9
Q9UM11;Q9UM11-2;Q9UM11-3,Q9UM11;Q9UM11-2;Q9UM11-3,FZR1_HUMAN,FZR1,,,,43177.9,
Q9UM13,Q9UM13,APC10_HUMAN,ANAPC10,,,,,
Q9UM21,Q9UM21,MGT4A_HUMAN,MGAT4A,,,,,
Q9UM22,Q9UM22;Q9UM22-3,EPDR1_HUMAN,EPDR1,,,7032.24,23308.6,9010.19
Q9UM47,Q9UM47,NOTC3_HUMAN,NOTCH3,6284.63,594.134,42224.3,36668.2,9233.98
Q9UM54-6,Q9UM54;Q9UM54-1;Q9UM54-2;Q9UM54-4;Q9UM54-5;Q9UM54-6,MYO6_HUMAN,MYO6,,,48317.6,5917.32,
Q9UM54;Q9UM54-1;Q9UM54-2,Q9UM54;Q9UM54-1;Q9UM54-2,MYO6_HUMAN,MYO6,,,,,
Q9UM82,Q9UM82,SPAT2_HUMAN,SPATA2,,,,,
Q9UMF0,Q9UMF0,ICAM5_HUMAN,ICAM5,,,,,5407.51
Q9UMN6,Q9UMN6,KMT2B_HUMAN,KMT2B,,,,,14858.6
Q9UMR2,Q9NUU7;Q9UMR2;Q9NUU7-2;Q9UMR2-2;Q9UMR2-3;Q9UMR2-4,DD19B_HUMAN,DDX19B,,,3665.64,18030.9,6466.59
Q9UMR7;Q9UMR7-2,Q9UMR7;Q9UMR7-2,CLC4A_HUMAN,CLEC4A,,,,1731.94,
Q9UMS0;Q9UMS0-3,Q9UMS0;Q9UMS0-3,NFU1_HUMAN,NFU1,,,15045.65,19937.7,
Q9UMS4,Q9UMS4,PRP19_HUMAN,PRPF19,,,136998.0,2653.3,
Q9UMS5,Q9UMS5;Q9UMS5-2,PHTF1_HUMAN,PHTF1,,,,,
Q9UMS6-2;Q9UMS6-4,Q9UMS6;Q9UMS6-2;Q9UMS6-3;Q9UMS6-4,SYNP2_HUMAN,SYNPO2,1593.77,,,,
Q9UMX0,Q9UMX0;Q9UMX0-2;Q9UMX0-4,UBQL1_HUMAN,UBQLN1,,,11356.9,41005.15,
Q9UMX1,Q9UMX1;Q9UMX1-2;Q9UMX1-3,SUFU_HUMAN,SUFU,,,,,
Q9UMX5,Q9UMX5,NENF_HUMAN,NENF,815.727,,9192.24,17963.65,
Q9UMY1,Q9UMY1;Q9UMY1-2,NOL7_HUMAN,NOL7,,,,,
Q9UMY4;Q9UMY4-1,Q9UMY4;Q9UMY4-1;Q9UMY4-3,SNX12_HUMAN,SNX12,13492.6,,5326.27,22814.75,2691.785
Q9UMZ2;Q9UMZ2-3;Q9UMZ2-4;Q9UMZ2-5;Q9UMZ2-7;Q9UMZ2-8,Q9UMZ2;Q9UMZ2-8;Q9UMZ2-3;Q9UMZ2-4;Q9UMZ2-5;Q9UMZ2-6;Q9UMZ2-7;Q9UMZ2-9,SYNRG_HUMAN,SYNRG,,,9392.75,36677.1,
Q9UN19,Q9UN19;Q9UN19-2,DAPP1_HUMAN,DAPP1,,,16208.7,39577.3,6762.18
Q9UN36-2,Q9UN36;Q9UN36-2;Q9UN36-3;Q9UN36-5;Q9UN36-6,NDRG2_HUMAN,NDRG2,,,11410.6,9442.26,
Q9UN37,Q9UN37,VPS4A_HUMAN,VPS4A,,,19816.7,47742.3,76652.1
Q9UN66,Q9UN66,PCDB8_HUMAN,PCDHB8,,,,,
Q9UN70;Q9UN70-2,Q9UN70;Q9UN70-2,PCDGK_HUMAN,PCDHGC3,,,9371.51,,3707.19
Q9UN86,Q9UN86;Q9UN86-2,G3BP2_HUMAN,G3BP2,,,13656.4,18246.83,6853.365
Q9UNA1,Q9UNA1;Q9UNA1-2,RHG26_HUMAN,ARHGAP26,,,,,47396.0
Q9UNA4,Q9UNA4,POLI_HUMAN,POLI,,,,,
Q9UNE0;Q9UNE0-2,Q9UNE0;Q9UNE0-2,EDAR_HUMAN,EDAR,,,1099.64,,
Q9UNE2;Q9UNE2-2,Q9UNE2;Q9UNE2-2,RPH3L_HUMAN,RPH3AL,,,,8988.800000000001,
Q9UNE7,Q9UNE7;Q9UNE7-2,CHIP_HUMAN,STUB1,,,4352.17,16964.2,
Q9UNF0;Q9UNF0-2,Q9UNF0;Q9UNF0-2,PACN2_HUMAN,PACSIN2,,,38644.0,65988.4,6673.36
Q9UNF1,Q9UNF1;Q9UNF1-2,MAGD2_HUMAN,MAGED2,,253992.0,38259.5,51865.7,31510.5
Q9UNH5-5,Q9UNH5;Q9UNH5-2;Q9UNH5-3;Q9UNH5-5,CC14A_HUMAN,CDC14A,,,,20684.2,64375.8
Q9UNH7,Q9UNH7;Q9UNH7-2,SNX6_HUMAN,SNX6,,,19820.6,30032.1,5808.15
Q9UNI6,Q9UNI6,DUS12_HUMAN,DUSP12,,,,,
Q9UNK0,Q9UNK0,STX8_HUMAN,STX8,,,4097.78,24954.9,4313.68
Q9UNK9,Q9UNK9,ANGE1_HUMAN,ANGEL1,2893.89,,,45157.45,18922.4
Q9UNL2;Q9UNL2-2,Q9UNL2;Q9UNL2-2,SSRG_HUMAN,SSR3,,,7453.275,24627.85,8495.5
Q9UNM6,Q9UNM6;Q9UNM6-2,PSD13_HUMAN,PSMD13,,,32864.6,87839.9,6392.03
Q9UNN5,Q9UNN5;Q9UNN5-2,FAF1_HUMAN,FAF1,,40581.31,7094.235,21051.0,
Q9UNN8,Q9UNN8,EPCR_HUMAN,PROCR,10115.5,291684.0,11166.2,29963.2,3884.29
Q9UNP9,Q9UNP9;Q9UNP9-2;Q9UNP9-3,PPIE_HUMAN,PPIE,,,,,
Q9UNQ0,Q9UNQ0;Q9UNQ0-2,ABCG2_HUMAN,ABCG2,,,,18233.9,5893.64
Q9UNQ2,Q9UNQ2,DIM1_HUMAN,DIMT1,,37101.6,,,
Q9UNS2,Q9UNS2,CSN3_HUMAN,COPS3,,,,8015.98,
Q9UNS2-2,Q9UNS2;Q9UNS2-2,CSN3_HUMAN,COPS3,,,38713.8,46707.5,1121.54
Q9UNW1,Q9UNW1;Q9UNW1-4,MINP1_HUMAN,MINPP1,37641.2,14337.4,47225.8,41722.3,75261.0
Q9UNX4,Q9UNX4,WDR3_HUMAN,WDR3,,,,12808.3,
Q9UNY4,Q9UNY4;Q9UNY4-2,TTF2_HUMAN,TTF2,,,,,3643.37
Q9UNY5-2,Q9UNY5-2,ZN232_HUMAN,ZNF232,,,,,
Q9UNZ2;Q9UNZ2-5,Q9UNZ2;Q9UNZ2-4;Q9UNZ2-5;Q9UNZ2-6,NSF1C_HUMAN,NSFL1C,3524.765,14992.0,74868.9,146752.0,12293.6
Q9UP52-2,Q9UP52;Q9UP52-2;Q9UP52-3,TFR2_HUMAN,TFR2,,,3051.68,,
Q9UP65,Q9UP65;Q9UP65-2;Q9UP65-3,PA24C_HUMAN,PLA2G4C,,,,23408.8,
Q9UP79,Q9UP79,ATS8_HUMAN,ADAMTS8,,,35247.0,10836.7,
Q9UP83-2,Q9UP83-2;Q9UP83-3,COG5_HUMAN,COG5,,,12582.4,28340.2,
Q9UP95;Q9UP95-2;Q9UP95-5;Q9UP95-6,Q9UP95;Q9UP95-2;Q9UP95-3;Q9UP95-5;Q9UP95-6;Q9UP95-7,S12A4_HUMAN,SLC12A4,,,,,
Q9UPA5,Q9UPA5,BSN_HUMAN,BSN,,,,20079.8,13905.9
Q9UPG8,Q9UPG8,PLAL2_HUMAN,PLAGL2,,,220522.0,305681.5,68228.5
Q9UPI3;Q9UPI3-2,Q9UPI3;Q9UPI3-2,FLVC2_HUMAN,FLVCR2,,,,,
Q9UPM8,Q9UPM8;Q9UPM8-2,AP4E1_HUMAN,AP4E1,,,30367.7,41845.7,
Q9UPN3,Q9UPN3;Q9UPN3-2;Q9UPN3-3;Q9UPN3-4,MACF1_HUMAN,MACF1,16934.325,7539525.0,20525.1,44357.1,18351.4
Q9UPN3-3,Q9UPN3-3;Q9UPN3-4,MACF1_HUMAN,MACF1,,,,,
Q9UPN3-5,Q9UPN3-2;Q9UPN3-3;Q9UPN3-5,MACF1_HUMAN,MACF1,,,17092.5,19998.6,9301.025
Q9UPN4;Q9UPN4-2,Q9UPN4;Q9UPN4-2;Q9UPN4-3,CP131_HUMAN,CEP131,,,15143.185,23519.65,12631.9
Q9UPN6,Q9UPN6;Q9UPN6-2,SCAF8_HUMAN,SCAF8,,,,,
Q9UPN7,Q9UPN7,PP6R1_HUMAN,PPP6R1,,,12507.05,31093.1,2398.14
Q9UPN9-2,Q9UPN9;Q9UPN9-2,TRI33_HUMAN,TRIM33,,,,,
Q9UPP1;Q9UPP1-2,Q9UPP1;Q9UPP1-2;Q9UPP1-3;Q9UPP1-4;Q9UPP1-5,PHF8_HUMAN,PHF8,,,,,22736.5
Q9UPQ0;Q9UPQ0-10;Q9UPQ0-2;Q9UPQ0-4,Q9UPQ0;Q9UPQ0-10;Q9UPQ0-2;Q9UPQ0-3;Q9UPQ0-4;Q9UPQ0-5;Q9UPQ0-6;Q9UPQ0-7;Q9UPQ0-8;Q9UPQ0-9,LIMC1_HUMAN,LIMCH1,,,,,
Q9UPQ8,Q9UPQ8,DOLK_HUMAN,DOLK,,,,,
Q9UPQ9;Q9UPQ9-1,Q9UPQ9;Q9UPQ9-1,TNR6B_HUMAN,TNRC6B,,,,,
Q9UPR0,Q9UPR0;Q9UPR0-2;Q9UPR0-3,PLCL2_HUMAN,PLCL2,,,8412.71,6579.57,2615.56
Q9UPR3,Q9UPR3,SMG5_HUMAN,SMG5,,,,6055.78,
Q9UPR5,Q9UPR5,NAC2_HUMAN,SLC8A2,,31551.45,,,81775.1
Q9UPS6;Q9UPS6-2,Q9UPS6;Q9UPS6-2,SET1B_HUMAN,SETD1B,,,,4545.07,
Q9UPS8-2,Q9UPS8;Q9UPS8-2,ANR26_HUMAN,ANKRD26,,,,,
Q9UPT5-6,Q9UPT5;Q9UPT5-1;Q9UPT5-2;Q9UPT5-5;Q9UPT5-6,EXOC7_HUMAN,EXOC7,8286.34,,11836.5,37824.65,16010.1
Q9UPT6,Q9UPT6,JIP3_HUMAN,MAPK8IP3,7795.74,,10748.0,,29124.5
Q9UPT8,Q9UPT8,ZC3H4_HUMAN,ZC3H4,,,,,
Q9UPT9;Q9UPT9-2,Q9UPT9;Q9UPT9-2,UBP22_HUMAN,USP22,,,,,
Q9UPU5,Q9UPU5,UBP24_HUMAN,USP24,7974.42,45492.3,40036.1,73610.8,31811.1
Q9UPU7-2,Q9UPU7;Q9UPU7-2,TBD2B_HUMAN,TBC1D2B,36705.3,,,,
Q9UPV0;Q9UPV0-2,Q9UPV0;Q9UPV0-2,CE164_HUMAN,CEP164,,2073.46,,,
Q9UPW0;Q9UPW0-2,Q9UPW0;Q9UPW0-2,FOXJ3_HUMAN,FOXJ3,,,,,
Q9UPW5,Q9UPW5;Q9UPW5-2;Q9UPW5-3,CBPC1_HUMAN,AGTPBP1,,,,6249.15,4785.5
Q9UPX8,Q9UPX8;Q9UPX8-4;Q9UPX8-1,SHAN2_HUMAN,SHANK2,,,,,
Q9UPY3,Q9UPY3;Q9UPY3-2,DICER_HUMAN,DICER1,32578.4,,4858.49,14617.73,
Q9UPY6-2,Q9UPY6;Q9UPY6-2,WASF3_HUMAN,WASF3,,,6845.31,14147.5,4068.565
Q9UPY8,Q9UPY8;Q9UPY8-2,MARE3_HUMAN,MAPRE3,,,,,
Q9UPZ3,Q9UPZ3;Q9UPZ3-2,HPS5_HUMAN,HPS5,25133.2,,149943.0,,7762.09
Q9UQ03;Q9UQ03-2,Q9UQ03;Q9UQ03-2,COR2B_HUMAN,CORO2B,,,,,
Q9UQ13,Q9UQ13,SHOC2_HUMAN,SHOC2,,,,61772.4,29284.9
Q9UQ16-2;Q9UQ16-3,Q9UQ16;Q9UQ16-2;Q9UQ16-3;Q9UQ16-4;Q9UQ16-5,DYN3_HUMAN,DNM3,,,16421.4,53650.5,
Q9UQ26-8,Q9UQ26;Q9UQ26-1;Q9UQ26-3;Q9UQ26-8,RIMS2_HUMAN,RIMS2,,9816.02,,,
Q9UQ35,Q9UQ35,SRRM2_HUMAN,SRRM2,,13145.6,28605.2,54117.6,
Q9UQ49;Q9UQ49-2,Q9UQ49;Q9UQ49-2,NEUR3_HUMAN,NEU3,,,,,
Q9UQ53;Q9UQ53-2,Q9UQ53;Q9UQ53-2;Q9UQ53-3,MGT4B_HUMAN,MGAT4B,3686.14,,9884.03,16088.5,
Q9UQ80,Q9UQ80;Q9UQ80-2,PA2G4_HUMAN,PA2G4,,,21122.25,49595.6,69977.9
Q9UQ88-10,Q9UQ88;Q9UQ88-10;Q9UQ88-2;Q9UQ88-3;Q9UQ88-4;Q9UQ88-5,CD11A_HUMAN,CDK11A,,,,,
Q9UQ90,Q9UQ90;Q9UQ90-2,SPG7_HUMAN,SPG7,,,,10974.3,13989.51
Q9UQB3,Q9UQB3;Q9UQB3-2,CTND2_HUMAN,CTNND2,,,,3585.06,
Q9UQB8-5,Q9UQB8;Q9UQB8-6;Q9UQB8-3;Q9UQB8-4;Q9UQB8-2;Q9UQB8-5,BAIP2_HUMAN,BAIAP2,,,2515.79,11865.2,
Q9UQC2-2,Q9UQC2;Q9UQC2-2,GAB2_HUMAN,GAB2,,,,23217.1,
Q9UQC9,Q9UQC9,CLCA2_HUMAN,CLCA2,,10942.205,,,
Q9UQE7,Q9UQE7,SMC3_HUMAN,SMC3,,,223388.1,11288.89,6183.3
Q9UQL6;Q9UQL6-3,Q9UQL6;Q9UQL6-2;Q9UQL6-3,HDAC5_HUMAN,HDAC5,,,11579.9,15452.65,10696.555
Q9UQM7;Q9UQM7-2,Q9UQM7;Q9UQM7-2,KCC2A_HUMAN,CAMK2A,,,,,
Q9UQN3,Q9UQN3,CHM2B_HUMAN,CHMP2B,,,15380.3,59430.6,11773.2
Q9UQP3,Q9UQP3,TENN_HUMAN,TNN,,,19322.95,15675.8,2218.61
Q9UQQ2,Q9UQQ2,SH2B3_HUMAN,SH2B3,,,,5219.06,
Q9UQR0,Q9UQR0,SCML2_HUMAN,SCML2,,,,,
Q9UQR1,Q9UQR1,ZN148_HUMAN,ZNF148,,,,,
Q9Y210,Q9Y210;Q9Y210-2;Q9Y210-3,TRPC6_HUMAN,TRPC6,,,14820.4,45015.3,19067.1
Q9Y217,Q9Y217;Q9Y217-2,MTMR6_HUMAN,MTMR6,,13654.6,2458.375,16537.3,
Q9Y221,Q9Y221;Q9Y221-2,NIP7_HUMAN,NIP7,,,,,
Q9Y223;Q9Y223-2,Q9Y223;Q9Y223-2;Q9Y223-3;Q9Y223-5,GLCNE_HUMAN,GNE,5729.95,,,18336.3,
Q9Y224,Q9Y224,RTRAF_HUMAN,RTRAF,,,,14129.75,
Q9Y227,Q9Y227;Q9Y227-2,ENTP4_HUMAN,ENTPD4,,,,17909.6,
Q9Y228;Q9Y228-2,Q9Y228;Q9Y228-2;Q9Y228-3,T3JAM_HUMAN,TRAF3IP3,,1051660.0,,45070.9,
Q9Y230,Q9Y230;Q9Y230-2,RUVB2_HUMAN,RUVBL2,,9492.98,16643.6,75144.9,5700.295
Q9Y232-2,Q9Y232;Q9Y232-2;Q9Y232-4,CDYL_HUMAN,CDYL,,,,,
Q9Y234,Q9Y234,LIPT_HUMAN,LIPT1,,,,,
Q9Y237;Q9Y237-2,Q9Y237;Q9Y237-2,PIN4_HUMAN,PIN4,54419.7,,3605.58,5840.53,24121.5
Q9Y240,Q9Y240,CLC11_HUMAN,CLEC11A,3965.54,26828.9,300760.0,85697.7,9602.37
Q9Y241,Q9Y241,HIG1A_HUMAN,HIGD1A,,,,13907.8,
Q9Y243,Q9Y243,AKT3_HUMAN,AKT3,,,2106.055,,
Q9Y244,Q9Y244,POMP_HUMAN,POMP,,,,,
Q9Y251;Q9Y251-2,Q9Y251;Q9Y251-2;Q9Y251-3,HPSE_HUMAN,HPSE,1535.53,,111806.0,260510.0,69490.6
Q9Y252,Q9Y252;Q9Y252-2,RNF6_HUMAN,RNF6,,,,,
Q9Y256,Q9Y256,FACE2_HUMAN,RCE1,,,,,
Q9Y257,Q9Y257,KCNK6_HUMAN,KCNK6,,7098.27,11325.0,28995.0,14607.75
Q9Y259,Q9Y259,CHKB_HUMAN,CHKB,,,,11389.7,
Q9Y262,Q9Y262;Q9Y262-2,EIF3L_HUMAN,EIF3L,,,20568.95,45596.9,4671.345
Q9Y263,Q9Y263,PLAP_HUMAN,PLAA,,,57122.1,34568.6,17426.1
Q9Y265,Q9Y265,RUVB1_HUMAN,RUVBL1,,,27879.0,118199.0,12557.5
Q9Y266,Q9Y266,NUDC_HUMAN,NUDC,,,28068.5,49458.15,
Q9Y274,Q9Y274;Q9Y274-2,SIA10_HUMAN,ST3GAL6,2937.38,18831.1,32649.1,36306.5,16380.9
Q9Y275;Q9Y275-2,Q9Y275;Q9Y275-2,TN13B_HUMAN,TNFSF13B,,,,,
Q9Y276,Q9Y276,BCS1_HUMAN,BCS1L,,7633.64,,10397.1,6623.9
Q9Y277,Q9Y277;Q9Y277-2,VDAC3_HUMAN,VDAC3,21064.9,3897.75,209561.0,671626.0,221972.0
Q9Y279,Q9Y279;Q9Y279-2,VSIG4_HUMAN,VSIG4,1705.26,20157.8,15316.0,,2264.32
Q9Y281,Q9Y281;Q9Y281-3,COF2_HUMAN,CFL2,,,,35496.0,8791.765
Q9Y282;Q9Y282-3,Q9Y282;Q9Y282-3,ERGI3_HUMAN,ERGIC3,,,9365.955,30356.45,12664.13
Q9Y285,Q9Y285;Q9Y285-2,SYFA_HUMAN,FARSA,203958.0,40068.4,7672.855,26216.7,6517.78
Q9Y286;Q9Y286-2,Q9Y286;Q9Y286-2,SIGL7_HUMAN,SIGLEC7,,7350.53,7506.54,5450.33,
Q9Y287,Q9Y287,ITM2B_HUMAN,ITM2B,3638.85,,30770.2,29275.1,8566.435
Q9Y289,Q9Y289,SC5A6_HUMAN,SLC5A6,,,,,
Q9Y291,Q9Y291,RT33_HUMAN,MRPS33,,,,,
Q9Y294,Q9Y294,ASF1A_HUMAN,ASF1A,,,,,
Q9Y295,Q9Y295,DRG1_HUMAN,DRG1,,,,15524.95,16110.86
Q9Y296;Q9Y296-2,Q9Y296;Q9Y296-2,TPPC4_HUMAN,TRAPPC4,90773.85,,10823.0,17172.55,
Q9Y2A7;Q9Y2A7-2,Q9Y2A7;Q9Y2A7-2,NCKP1_HUMAN,NCKAP1,,,38767.0,113955.0,10189.0
Q9Y2A9,Q9Y2A9,B3GN3_HUMAN,B3GNT3,,,,,
Q9Y2B0,Q9Y2B0,CNPY2_HUMAN,CNPY2,,,,14358.3,
Q9Y2B2,Q9Y2B2,PIGL_HUMAN,PIGL,,,,,
Q9Y2B5;Q9Y2B5-2,Q9Y2B5;Q9Y2B5-2,VP9D1_HUMAN,VPS9D1,,,,,
Q9Y2B9,Q9Y2B9,IPKG_HUMAN,PKIG,,,,,
Q9Y2C2,Q9Y2C2,UST_HUMAN,UST,,,4415.72,5512.41,
Q9Y2C4,Q9Y2C4,EXOG_HUMAN,EXOG,,,,,
Q9Y2C9,Q9Y2C9,TLR6_HUMAN,TLR6,,,,,
Q9Y2D2;Q9Y2D2-2;Q9Y2D2-3,Q9Y2D2;Q9Y2D2-2;Q9Y2D2-3,S35A3_HUMAN,SLC35A3,,,,,
Q9Y2D4,Q9Y2D4;Q9Y2D4-2,EXC6B_HUMAN,EXOC6B,,,9289.21,27549.25,2670.97
Q9Y2D5-4;Q9Y2D5-5;Q9Y2D5-6;Q9Y2D5-7,Q9Y2D5;Q9Y2D5-4;Q9Y2D5-5;Q9Y2D5-6;Q9Y2D5-7,AKAP2_HUMAN,AKAP2,,,,4907.915,
Q9Y2D8;Q9Y2D8-2;Q9Y2D8-3,Q9Y2D8;Q9Y2D8-2;Q9Y2D8-3,ADIP_HUMAN,SSX2IP,,,,,
Q9Y2D9,Q9UFB7;Q9Y2D9;Q9UFB7-2,ZN652_HUMAN,ZNF652,,,,,
Q9Y2E5,Q9Y2E5;Q9Y2E5-2,MA2B2_HUMAN,MAN2B2,,,,,
Q9Y2E8;Q9Y2E8-2,Q9Y2E8;Q9Y2E8-2,SL9A8_HUMAN,SLC9A8,,,,,
Q9Y2F5,Q9Y2F5,ICE1_HUMAN,ICE1,,,,,
Q9Y2G1;Q9Y2G1-2,Q9Y2G1;Q9Y2G1-2,MYRF_HUMAN,MYRF,,59018.7,10171.7,,
Q9Y2G2,Q9Y2G2;Q9Y2G2-1;Q9Y2G2-2;Q9Y2G2-3;Q9Y2G2-4;Q9Y2G2-7,CARD8_HUMAN,CARD8,,,,27091.1,
Q9Y2G3,Q9Y2G3,AT11B_HUMAN,ATP11B,14879.4,,12852.0,31944.55,7317.745
Q9Y2G5,Q9Y2G5;Q9Y2G5-1;Q9Y2G5-2,OFUT2_HUMAN,POFUT2,,,,,
Q9Y2G8,Q9Y2G8;Q9Y2G8-2,DJC16_HUMAN,DNAJC16,,9168.68,,18868.0,7140.88
Q9Y2G9;Q9Y2G9-3,Q9Y2G9;Q9Y2G9-3,SBNO2_HUMAN,SBNO2,,8046.45,,,
Q9Y2H0,O14490;Q9P1A6;Q9Y2H0;Q9Y2H0-1;Q9P1A6-3;O14490-2;O14490-3;O14490-4;O14490-6;O14490-7;Q9P1A6-2;Q9Y2H0-3,DLGP4_HUMAN,DLGAP4,,33192.2,16543.45,24378.0,10271.7
Q9Y2H1,Q9Y2H1;Q9Y2H1-2,ST38L_HUMAN,STK38L,,,,4910.005,
Q9Y2H2,Q9Y2H2;Q9Y2H2-2,SAC2_HUMAN,INPP5F,,,10694.5,17486.5,23634.5
Q9Y2H5,Q9Y2H5,PKHA6_HUMAN,PLEKHA6,,80299.3,7876.76,9354.06,
Q9Y2H6;Q9Y2H6-2,Q9Y2H6;Q9Y2H6-2,FND3A_HUMAN,FNDC3A,,,,2582.2,
Q9Y2I1,Q9Y2I1;Q9Y2I1-2,NISCH_HUMAN,NISCH,,,,,
Q9Y2I7,Q9Y2I7,FYV1_HUMAN,PIKFYVE,,,,7085.445,
Q9Y2I8,Q9Y2I8,WDR37_HUMAN,WDR37,,,5521.75,21033.8,13810.9
Q9Y2I9;Q9Y2I9-2,Q9Y2I9;Q9Y2I9-2;Q9Y2I9-3,TBC30_HUMAN,TBC1D30,6870.925,18331.0,28579.3,13743.535,18176.9
Q9Y2J0;Q9Y2J0-2,Q9Y2J0;Q9Y2J0-2,RP3A_HUMAN,RPH3A,,,,14607.8,
Q9Y2J2,Q9Y2J2,E41L3_HUMAN,EPB41L3,,,,,
Q9Y2J2-2,Q9Y2J2;Q9Y2J2-2;Q9Y2J2-4,E41L3_HUMAN,EPB41L3,,29864.1,12719.75,23081.3,13259.0
Q9Y2J4;Q9Y2J4-2;Q9Y2J4-3;Q9Y2J4-4,Q9Y2J4;Q9Y2J4-4;Q9Y2J4-2;Q9Y2J4-3,AMOL2_HUMAN,AMOTL2,,,,,
Q9Y2J8,Q9Y2J8;Q9Y2J8-2,PADI2_HUMAN,PADI2,,,,,
Q9Y2K1;Q9Y2K1-2,Q9Y2K1;Q9Y2K1-2,ZBTB1_HUMAN,ZBTB1,,,,,
Q9Y2K2;Q9Y2K2-7;Q9Y2K2-8,Q9Y2K2;Q9Y2K2-7;Q9Y2K2-8,SIK3_HUMAN,SIK3,,,,6750.52,
Q9Y2K5;Q9Y2K5-2;Q9Y2K5-3,Q9Y2K5;Q9Y2K5-2;Q9Y2K5-3,R3HD2_HUMAN,R3HDM2,,,,,
Q9Y2K6,Q9Y2K6,UBP20_HUMAN,USP20,,,,,
Q9Y2K7,Q9Y2K7;Q9Y2K7-3,KDM2A_HUMAN,KDM2A,,,42395.5,,
Q9Y2L1,Q9Y2L1;Q9Y2L1-2,RRP44_HUMAN,DIS3,,,14797.55,14983.8,43460.55
Q9Y2L5,Q9Y2L5;Q9Y2L5-2,TPPC8_HUMAN,TRAPPC8,,,8395.475,14090.2,
Q9Y2L6;Q9Y2L6-2,Q9Y2L6;Q9Y2L6-2,FRM4B_HUMAN,FRMD4B,,14273.98,17272.1,43473.4,13011.85
Q9Y2L9-2,Q9Y2L9;Q9Y2L9-2;Q9Y2L9-3,LRCH1_HUMAN,LRCH1,,,10025.8,21910.8,
Q9Y2P5-2,Q9Y2P5;Q9Y2P5-2,S27A5_HUMAN,SLC27A5,,,,,
Q9Y2P8,Q9Y2P8;Q9Y2P8-2,RCL1_HUMAN,RCL1,,,,27027.5,
Q9Y2Q0-3,Q9Y2Q0;Q9Y2Q0-2;Q9Y2Q0-3,AT8A1_HUMAN,ATP8A1,,,33494.8,110983.0,37677.15
Q9Y2Q3,Q9Y2Q3;Q9Y2Q3-2;Q9Y2Q3-3;Q9Y2Q3-4,GSTK1_HUMAN,GSTK1,,,49211.0,84369.7,12313.4
Q9Y2Q5,Q9Y2Q5;Q9Y2Q5-2;Q9Y2Q5-3,LTOR2_HUMAN,LAMTOR2,,,11615.0,17961.9,12454.7
Q9Y2Q9,Q9Y2Q9,RT28_HUMAN,MRPS28,,,,,
Q9Y2R0,Q9Y2R0,COA3_HUMAN,COA3,,,,,
Q9Y2R2;Q9Y2R2-2;Q9Y2R2-3;Q9Y2R2-6,Q9Y2R2;Q9Y2R2-2;Q9Y2R2-3;Q9Y2R2-4;Q9Y2R2-6,PTN22_HUMAN,PTPN22,,,,,
Q9Y2R4,Q9Y2R4,DDX52_HUMAN,DDX52,,,,,
Q9Y2R5,Q9Y2R5,RT17_HUMAN,MRPS17,,,,7604.21,
Q9Y2R9,Q9Y2R9,RT07_HUMAN,MRPS7,11604.2,,,28281.7,
Q9Y2S2-2,Q9Y2S2;Q9Y2S2-2,CRYL1_HUMAN,CRYL1,39669.0,,16805.3,27222.9,
Q9Y2S6,Q9Y2S6;A0A024R1R8,TMA7_HUMAN,TMA7,,137951.5,,35708.4,19782.6
Q9Y2S7,Q9Y2S7,PDIP2_HUMAN,POLDIP2,,,,12176.51,
Q9Y2T2,Q9Y2T2,AP3M1_HUMAN,AP3M1,,,7655.45,41145.4,8206.0
Q9Y2T3-3,Q9Y2T3;Q9Y2T3-2;Q9Y2T3-3,GUAD_HUMAN,GDA,469.302,,,27050.6,7168.28
Q9Y2T7,Q9Y2T7,YBOX2_HUMAN,YBX2,,,,,
Q9Y2U5,Q9Y2U5,M3K2_HUMAN,MAP3K2,,,7944.04,16803.9,
Q9Y2U8,Q9Y2U8,MAN1_HUMAN,LEMD3,,,,,
Q9Y2U9;Q9Y2U9-2,Q9Y2U9;Q9Y2U9-2,KLDC2_HUMAN,KLHDC2,,,,,
Q9Y2V2,Q9Y2V2,CHSP1_HUMAN,CARHSP1,,,13219.7,37018.0,24235.9
Q9Y2V7,Q9Y2V7;Q9Y2V7-2,COG6_HUMAN,COG6,,2626680.0,765291.0,14335.4,5522.31
Q9Y2W1,Q9Y2W1,TR150_HUMAN,THRAP3,105753.0,69108.8,330723.0,39687.485,
Q9Y2W2,Q9Y2W2,WBP11_HUMAN,WBP11,,,,7032.97,
Q9Y2W6,Q9Y2W6,TDRKH_HUMAN,TDRKH,,,,10939.8,
Q9Y2X0,Q9Y2X0;Q9Y2X0-2;Q9Y2X0-3;Q9Y2X0-4;Q9Y2X0-5,MED16_HUMAN,MED16,,,,,
Q9Y2X3,Q9Y2X3,NOP58_HUMAN,NOP58,,,,,17014.0
Q9Y2X7,Q9Y2X7;Q9Y2X7-3,GIT1_HUMAN,GIT1,,,25317.0,65521.3,16502.1
Q9Y2X9,Q9Y2X9;Q9Y2X9-2,ZN281_HUMAN,ZNF281,,,,,
Q9Y2Y0;Q9Y2Y0-2,Q9Y2Y0;Q9Y2Y0-2,AR2BP_HUMAN,ARL2BP,,,,,
Q9Y2Y8,Q9Y2Y8,PRG3_HUMAN,PRG3,1928.23,,77815.1,18600.35,12600.7
Q9Y2Y9,Q9Y2Y9,KLF13_HUMAN,KLF13,,,,,
Q9Y2Z0,Q9Y2Z0;Q9Y2Z0-2,SGT1_HUMAN,SUGT1,,,14488.4,23897.2,
Q9Y2Z0-2,Q9Y2Z0-2,SGT1_HUMAN,SUGT1,,,,,
Q9Y2Z2-5,Q9Y2Z2;Q9Y2Z2-2;Q9Y2Z2-4;Q9Y2Z2-5;Q9Y2Z2-6,MTO1_HUMAN,MTO1,,,,,
Q9Y2Z4,Q9Y2Z4,SYYM_HUMAN,YARS2,,,,8655.26,
Q9Y2Z9;Q9Y2Z9-3,Q9Y2Z9;Q9Y2Z9-3,COQ6_HUMAN,COQ6,,,,2841.84,
Q9Y303,Q9Y303;Q9Y303-2;Q9Y303-3,NAGA_HUMAN,AMDHD2,9705.47,,37219.05,21532.35,
Q9Y305-4,Q9Y305;Q9Y305-2;Q9Y305-3;Q9Y305-4,ACOT9_HUMAN,ACOT9,,,13891.8,36242.75,5937.25
Q9Y312,Q9Y312,AAR2_HUMAN,AAR2,,,,,
Q9Y314,Q9Y314,NOSIP_HUMAN,NOSIP,,,,,2672.23
Q9Y315,Q9Y315,DEOC_HUMAN,DERA,,,21991.5,118062.0,9659.04
Q9Y316;Q9Y316-3,Q9Y316;Q9Y316-2;Q9Y316-3,MEMO1_HUMAN,MEMO1,,,6638.860000000001,16073.4,
Q9Y320;Q9Y320-2,Q9Y320;Q9Y320-2,TMX2_HUMAN,TMX2,,,,,
Q9Y324,Q9Y324,FCF1_HUMAN,FCF1,,,,,
Q9Y333,Q9Y333,LSM2_HUMAN,LSM2,,,19422.45,19729.35,
Q9Y336,Q9Y336;Q9Y336-2,SIGL9_HUMAN,SIGLEC9,,8912.46,1958.0,4652.52,24978.965
Q9Y343;Q9Y343-2,Q9Y343;Q9Y343-2,SNX24_HUMAN,SNX24,3443.99,39873.1,,6754.2,
Q9Y365,Q9Y365,STA10_HUMAN,STARD10,,,,,
Q9Y371,Q9Y371;Q9Y371-2;Q9Y371-3,SHLB1_HUMAN,SH3GLB1,,,15611.0,44410.6,6295.42
Q9Y371-3,Q9Y371-3,SHLB1_HUMAN,SH3GLB1,,,,,
Q9Y375,Q9Y375,CIA30_HUMAN,NDUFAF1,,,,,
Q9Y376,Q9Y376,CAB39_HUMAN,CAB39,,,28553.1,99460.4,3522.2375
Q9Y383,Q9NQ29;Q9Y383;Q9NQ29-2,LC7L2_HUMAN,LUC7L2,,,,,
Q9Y385,Q9Y385,UB2J1_HUMAN,UBE2J1,,,14360.1,18720.0,10670.35
Q9Y388,Q9Y388,RBMX2_HUMAN,RBMX2,,,,,
Q9Y394,Q9Y394;Q9Y394-2,DHRS7_HUMAN,DHRS7,,,47119.0,160432.0,47092.9
Q9Y399,Q9Y399,RT02_HUMAN,MRPS2,,,,,
Q9Y3A2,Q9Y3A2;Q9Y3A2-2,UTP11_HUMAN,UTP11,,,,,
Q9Y3A3;Q9Y3A3-3,Q9Y3A3;Q9Y3A3-3,PHOCN_HUMAN,MOB4,,,27894.2,105955.2,
Q9Y3A4,Q9Y3A4,RRP7A_HUMAN,RRP7A,,,,,
Q9Y3A5,Q9Y3A5,SBDS_HUMAN,SBDS,,,11626.4,45093.2,24294.75
Q9Y3A6,Q9Y3A6;Q9Y3A6-2,TMED5_HUMAN,TMED5,,,11901.1,61626.65,29530.55
Q9Y3B2,Q9Y3B2,EXOS1_HUMAN,EXOSC1,,,,,8214.7
Q9Y3B4,Q9Y3B4,SF3B6_HUMAN,SF3B6,,,62002.8,,
Q9Y3B6,Q9Y3B6,EMC9_HUMAN,EMC9,,,,,
Q9Y3B7;Q9Y3B7-2,Q9Y3B7;Q9Y3B7-2;Q9Y3B7-3,RM11_HUMAN,MRPL11,,,15766.0,24042.71,
Q9Y3B8,Q9Y3B8;Q9Y3B8-3;Q9Y3B8-2,ORN_HUMAN,REXO2,,3033050.0,,26665.4,
Q9Y3B8-3,Q9Y3B8-3,ORN_HUMAN,REXO2,,,,,
Q9Y3B9,Q9Y3B9,RRP15_HUMAN,RRP15,,7213.15,,,
Q9Y3C0,Q9Y3C0,WASC3_HUMAN,WASHC3,,,,,
Q9Y3C1,Q9Y3C1;Q9Y3C1-2;Q9Y3C1-3,NOP16_HUMAN,NOP16,,,,,
Q9Y3C4,Q9Y3C4;Q9Y3C4-2;Q9Y3C4-3,TPRKB_HUMAN,TPRKB,,,,,
Q9Y3C5,Q9Y3C5,RNF11_HUMAN,RNF11,,,7166.04,19857.45,
Q9Y3C6,Q9Y3C6,PPIL1_HUMAN,PPIL1,,,,16037.05,
Q9Y3C7,Q9Y3C7,MED31_HUMAN,MED31,,,,,
Q9Y3C8,Q9Y3C8,UFC1_HUMAN,UFC1,,,,25117.9,
Q9Y3D0,Q9Y3D0,CIA2B_HUMAN,CIAO2B,,,,,
Q9Y3D2,Q9Y3D2,MSRB2_HUMAN,MSRB2,,,,,
Q9Y3D3;Q9Y3D3-2,Q9Y3D3;Q9Y3D3-2,RT16_HUMAN,MRPS16,,,,,33636.7
Q9Y3D5,Q9Y3D5,RT18C_HUMAN,MRPS18C,,,,,
Q9Y3D6,Q9Y3D6,FIS1_HUMAN,FIS1,,,,,
Q9Y3D8;Q9Y3D8-2,Q9Y3D8;Q9Y3D8-2,KAD6_HUMAN,AK6,,,,,
Q9Y3D9,Q9Y3D9,RT23_HUMAN,MRPS23,10668.8,,,7782.2,
Q9Y3E0,Q9Y3E0,GOT1B_HUMAN,GOLT1B,,,,16263.2,5249.35
Q9Y3E1,Q9Y3E1,HDGR3_HUMAN,HDGFL3,,,,,
Q9Y3E2,Q9Y3E2,BOLA1_HUMAN,BOLA1,,,,,
Q9Y3E5,Q9Y3E5,PTH2_HUMAN,PTRH2,,,6587.09,7137.5,
Q9Y3E7;Q9Y3E7-2;Q9Y3E7-3,Q9Y3E7;Q9Y3E7-2;Q9Y3E7-3;Q9Y3E7-4,CHMP3_HUMAN,CHMP3,,,,,7746.315000000001
Q9Y3F4;Q9Y3F4-2,Q9Y3F4;Q9Y3F4-2,STRAP_HUMAN,STRAP,1912390.0,3735500.0,46595.8,97391.5,7061.16
Q9Y3I0,Q9Y3I0,RTCB_HUMAN,RTCB,,,15727.9,38799.5,6277.51
Q9Y3I1,Q9Y3I1,FBX7_HUMAN,FBXO7,5624.35,,37064.9,369564.0,26280.4
Q9Y3L3,Q6ZT62;Q9Y3L3;Q6ZT62-2;Q9Y3L3-2,3BP1_HUMAN,SH3BP1,918.998,28459.3,15269.1,18519.9,
Q9Y3L5,Q9Y3L5,RAP2C_HUMAN,RAP2C,,,,8936.27,
Q9Y3P4,Q9Y3P4,RHBD3_HUMAN,RHBDD3,,,,,
Q9Y3P8,Q9Y3P8,SIT1_HUMAN,SIT1,,,6814.14,17440.45,
Q9Y3P9,Q9Y3P9;Q9Y3P9-2;Q9Y3P9-3,RBGP1_HUMAN,RABGAP1,,,14549.55,29188.55,14554.05
Q9Y3P9-2,Q9Y3P9-2,RBGP1_HUMAN,RABGAP1,,,,,
Q9Y3Q3,Q9Y3Q3,TMED3_HUMAN,TMED3,,,2160.26,13286.4,1141.5
Q9Y3Q8,Q9Y3Q8,T22D4_HUMAN,SPACDR,,,21473.2,64722.2,11235.7
Q9Y3R5;Q9Y3R5-2,Q9Y3R5;Q9Y3R5-2,DOP2_HUMAN,DOP1B,,,11874.1,29179.0,
Q9Y3S2,Q9Y3S2,ZN330_HUMAN,ZNF330,,,,,
Q9Y3T6,Q9Y3T6;Q9Y3T6-3,R3HC1_HUMAN,R3HCC1,,,,,
Q9Y3T9,Q9Y3T9,NOC2L_HUMAN,NOC2L,,210949.0,,,
Q9Y3U8,Q9Y3U8,RL36_HUMAN,RPL36,,,,,
Q9Y3X0,Q9Y3X0,CCDC9_HUMAN,CCDC9,,,,21124.95,1128.17
Q9Y3Y2;Q9Y3Y2-3;Q9Y3Y2-4,Q9Y3Y2;Q9Y3Y2-3;Q9Y3Y2-4,CHTOP_HUMAN,CHTOP,,,,,
Q9Y3Z3,Q9Y3Z3;Q9Y3Z3-3;Q9Y3Z3-4,SAMH1_HUMAN,SAMHD1,27919.5,,31042.9,27483.2,80354.8
Q9Y421,Q9Y421;Q9Y421-2,FA32A_HUMAN,FAM32A,,,,,
Q9Y426;Q9Y426-3,Q9Y426;Q9Y426-2;Q9Y426-3,C2CD2_HUMAN,C2CD2,,,,,
Q9Y446-2,Q9Y446;Q9Y446-2,PKP3_HUMAN,PKP3,54957.1,123140.0,8649.83,8821.945,3424.73
Q9Y450,Q9Y450;Q9Y450-4,HBS1L_HUMAN,HBS1L,,,29880.75,26212.7,4920.51
Q9Y463,Q9Y463,DYR1B_HUMAN,DYRK1B,,,,,
Q9Y467-3,Q9Y467-3,SALL2_HUMAN,SALL2,,,,,
Q9Y478,O43741;Q9Y478;O43741-2,AAKB1_HUMAN,PRKAB1,,,7971.84,33528.5,
Q9Y483;Q9Y483-4,Q9Y483;Q9Y483-4,MTF2_HUMAN,MTF2,,11648.1,,,
Q9Y484;Q9Y484-3,Q9Y484;Q9Y484-2;Q9Y484-3,WIPI4_HUMAN,WDR45,,,2552.095,13104.0,
Q9Y485,Q9Y485,DMXL1_HUMAN,DMXL1,,,,22277.3,
Q9Y487,Q9Y487,VPP2_HUMAN,ATP6V0A2,,,,35971.75,13171.3
Q9Y490,Q9Y490,TLN1_HUMAN,TLN1,20453.6,142197.0,3745650.0,11301600.0,1180660.0
Q9Y496,Q9Y496,KIF3A_HUMAN,KIF3A,,,4957.65,,3399.86
Q9Y4A5,Q9Y4A5;Q9Y4A5-2,TRRAP_HUMAN,TRRAP,96731.5,,,14129.4,
Q9Y4B4,Q9Y4B4,ARIP4_HUMAN,RAD54L2,,,,,
Q9Y4B6;Q9Y4B6-2,Q9Y4B6;Q9Y4B6-3;Q9Y4B6-2,DCAF1_HUMAN,DCAF1,,,,,
Q9Y4C1,Q9Y4C1,KDM3A_HUMAN,KDM3A,,,,,
Q9Y4C2,Q9Y4C2;Q9Y4C2-2,TCAF1_HUMAN,TCAF1,,,,10271.1,
Q9Y4C5;Q9Y4C5-2,Q9Y4C5;Q9Y4C5-2,CHST2_HUMAN,CHST2,,,,,
Q9Y4C8,Q9Y4C8,RBM19_HUMAN,RBM19,27736.0,,,,
Q9Y4D1-2,Q9Y4D1;Q9Y4D1-2;Q9Y4D1-3,DAAM1_HUMAN,DAAM1,,,37262.5,117869.0,39213.3
Q9Y4D7,Q9Y4D7;Q9Y4D7-2,PLXD1_HUMAN,PLXND1,6406.65,,,30349.8,9754.21
Q9Y4D8-5,Q9Y4D8-5,HECD4_HUMAN,HECTD4,,52540.60000000001,,24513.5,
Q9Y4D8;Q9Y4D8-4,Q9Y4D8;Q9Y4D8-4,HECD4_HUMAN,HECTD4,,,18001.905,17450.8,4131.68
Q9Y4E1-3,Q9Y4E1;Q9Y4E1-1;Q9Y4E1-2;Q9Y4E1-3;Q9Y4E1-4;Q9Y4E1-5;Q9Y4E1-6,WAC2C_HUMAN,WASHC2C,,,,3559.0,8429.19
Q9Y4E5;Q9Y4E5-2,Q9Y4E5;Q9Y4E5-2,ZN451_HUMAN,ZNF451,,,,,
Q9Y4E6;Q9Y4E6-2,Q9Y4E6;Q9Y4E6-2,WDR7_HUMAN,WDR7,,,20129.81,11737.65,5360.335
Q9Y4E8,Q9Y4E8;Q9Y4E8-2;Q9Y4E8-3;Q9Y4E8-4,UBP15_HUMAN,USP15,,,60301.6,73401.6,13083.8
Q9Y4F1;Q9Y4F1-2,Q9Y4F1;Q9Y4F1-2,FARP1_HUMAN,FARP1,,,,,
Q9Y4F3;Q9Y4F3-3;Q9Y4F3-4;Q9Y4F3-5,Q9Y4F3;Q9Y4F3-3;Q9Y4F3-4;Q9Y4F3-5,MARF1_HUMAN,MARF1,3145.59,30907.9,8376.7,,4688.45
Q9Y4F5;Q9Y4F5-2,Q9Y4F5;Q9Y4F5-3;Q9Y4F5-2,C170B_HUMAN,CEP170B,1748.74,,,,
Q9Y4F9,Q9Y4F9;Q9Y4F9-2,RIPR2_HUMAN,RIPOR2,,39973.8,46878.85,85433.2,26792.9
Q9Y4G2,Q9Y4G2,PKHM1_HUMAN,PLEKHM1,,,44771.2,16695.1,13617.75
Q9Y4G6,Q9Y4G6,TLN2_HUMAN,TLN2,,240006.0,61824.45,91244.3,20172.55
Q9Y4G8,Q9Y4G8,RPGF2_HUMAN,RAPGEF2,,,17982.0,28583.3,22311.6
Q9Y4H2,Q9Y4H2,IRS2_HUMAN,IRS2,,6232.95,6228.27,12141.2,
Q9Y4H4,Q9Y4H4,GPSM3_HUMAN,GPSM3,,,10102.1,26452.85,
Q9Y4I1-2,Q9Y4I1;Q9Y4I1-2,MYO5A_HUMAN,MYO5A,,,,,
Q9Y4I1-3,Q9Y4I1;Q9Y4I1-2;Q9Y4I1-3,MYO5A_HUMAN,MYO5A,,257764.0,22523.4,65915.9,18158.0
Q9Y4J8;Q9Y4J8-13;Q9Y4J8-14;Q9Y4J8-15;Q9Y4J8-17;Q9Y4J8-2,O60941;O60941-5;Q9Y4J8;Q9Y4J8-10;Q9Y4J8-11;Q9Y4J8-12;Q9Y4J8-13;Q9Y4J8-14;Q9Y4J8-15;Q9Y4J8-16;Q9Y4J8-17;Q9Y4J8-2;Q9Y4J8-3;Q9Y4J8-4;Q9Y4J8-5;Q9Y4J8-6;Q9Y4J8-8;O60941-2;O60941-3;O60941-4;O60941-6;O60941-7,DTNA_HUMAN,DTNA,366.614,,,,
Q9Y4K1,Q9Y4K1,CRBG1_HUMAN,CRYBG1,,,,110803.1,
Q9Y4K3,Q9Y4K3,TRAF6_HUMAN,TRAF6,,,,5847.98,27034.5
Q9Y4K4,Q9Y4K4,M4K5_HUMAN,MAP4K5,,,6985.094999999999,13691.1,
Q9Y4L1,Q9Y4L1;Q9Y4L1-2,HYOU1_HUMAN,HYOU1,15416.66,216998.0,147522.0,130431.0,45686.7
Q9Y4P1;Q9Y4P1-2;Q9Y4P1-6,Q9Y4P1;Q9Y4P1-2;Q9Y4P1-3;Q9Y4P1-4;Q9Y4P1-6,ATG4B_HUMAN,ATG4B,,,,30423.5,
Q9Y4P3,Q9Y4P3,TBL2_HUMAN,TBL2,,,11270.6,22050.8,
Q9Y4P8-3;Q9Y4P8-5,Q9Y4P8-2;Q9Y4P8-3;Q9Y4P8-5;Q9Y4P8-6,WIPI2_HUMAN,WIPI2,,,,,
Q9Y4P8;Q9Y4P8-4,Q9Y4P8;Q9Y4P8-4;Q9Y4P8-2;Q9Y4P8-3;Q9Y4P8-5;Q9Y4P8-6,WIPI2_HUMAN,WIPI2,104591.0,,14736.6,41402.8,
Q9Y4R8,Q9Y4R8,TELO2_HUMAN,TELO2,115587.0,46014.8,46579.25,51734.3,43401.2
Q9Y4U1,Q9Y4U1,MMAC_HUMAN,MMACHC,,,9082.965,8758.31,
Q9Y4W2;Q9Y4W2-2,Q9Y4W2;Q9Y4W2-2;Q9Y4W2-3,LAS1L_HUMAN,LAS1L,,35563.4,86826.0,,235699.5
Q9Y4W6,Q9Y4W6,AFG32_HUMAN,AFG3L2,,178671.0,12886.5,30397.8,13527.25
Q9Y4X0,Q9Y4X0;Q9Y4X0-4,AMMR1_HUMAN,AMMECR1,1427.86,,,,4380.89
Q9Y4X4;Q9Y4X4-3,Q9Y4X4;Q9Y4X4-2;Q9Y4X4-3,KLF12_HUMAN,KLF12,429.866,,,,
Q9Y4X5,Q9Y4X5,ARI1_HUMAN,ARIH1,,,13932.2,15144.05,
Q9Y4Y9,Q9Y4Y9,LSM5_HUMAN,LSM5,,,,8226.15,
Q9Y4Z0,Q9Y4Z0,LSM4_HUMAN,LSM4,,,,,
Q9Y508;Q9Y508-2,Q9Y508;Q9Y508-2,RN114_HUMAN,RNF114,,,,8825.62,3157.08
Q9Y512,Q9Y512,SAM50_HUMAN,SAMM50,,,,28000.15,13278.3
Q9Y520;Q9Y520-4;Q9Y520-5;Q9Y520-7,Q9Y520;Q9Y520-3;Q9Y520-4;Q9Y520-5;Q9Y520-6;Q9Y520-7,PRC2C_HUMAN,PRRC2C,,,10766.645,20456.3,8210.91
Q9Y530,Q9Y530,OARD1_HUMAN,OARD1,,,,,31387.935
Q9Y535;Q9Y535-2,Q9Y535;Q9Y535-2,RPC8_HUMAN,POLR3H,,,78010.7,60247.2,
Q9Y547,Q9Y547,IFT25_HUMAN,IFT25,,,,,
Q9Y548,Q9Y548,YIPF1_HUMAN,YIPF1,,,,,
Q9Y561;Q9Y561-2,Q9Y561;Q9Y561-2,LRP12_HUMAN,LRP12,,,,,
Q9Y570;Q9Y570-4,Q9Y570;Q9Y570-2;Q9Y570-3;Q9Y570-4,PPME1_HUMAN,PPME1,,,14933.1,35297.9,8136.67
Q9Y572,Q9Y572;Q9Y572-2;Q9Y572-3,RIPK3_HUMAN,RIPK3,,,41194.8,3106.1,
Q9Y576,Q9Y576,ASB1_HUMAN,ASB1,,,,,
Q9Y580,Q9Y580,RBM7_HUMAN,RBM7,,,,,
Q9Y584,Q9Y584,TIM22_HUMAN,TIMM22,,,4416.29,9929.52,5188.38
Q9Y587,Q9Y587;Q9Y587-2;Q9Y587-3;Q9Y587-4,AP4S1_HUMAN,AP4S1,,,3066.11,8370.869999999999,
Q9Y592,Q9Y592;Q9Y592-2,CEP83_HUMAN,CEP83,,,,,
Q9Y5A7;Q9Y5A7-2,Q9Y5A7;Q9Y5A7-2,NUB1_HUMAN,NUB1,,,,11535.7,
Q9Y5A9,Q9Y5A9;Q9Y5A9-2,YTHD2_HUMAN,YTHDF2,,,,,
Q9Y5B0,Q9Y5B0;Q9Y5B0-4,CTDP1_HUMAN,CTDP1,,,2822.37,,
Q9Y5B6,Q9Y5B6,PAXB1_HUMAN,PAXBP1,,,24698.12,43298.1,4382.01
Q9Y5B8,Q9Y5B8,NDK7_HUMAN,NME7,,,17924.7,14822.5,
Q9Y5B9,Q9Y5B9,SP16H_HUMAN,SUPT16H,,,,,
Q9Y5C1,Q9Y5C1,ANGL3_HUMAN,ANGPTL3,7255.68,66051.9,119024.0,51345.3,144518.0
Q9Y5F2,Q9Y5F2,PCDBB_HUMAN,PCDHB11,,,,,
Q9Y5F3,Q9Y5F3,PCDB1_HUMAN,PCDHB1,,,,,
Q9Y5J1,Q9Y5J1,UTP18_HUMAN,UTP18,442.515,,41991.8,,
Q9Y5J6,Q9Y5J6,T10B_HUMAN,TIMM10B,,,,,
Q9Y5J7,Q9Y5J7,TIM9_HUMAN,TIMM9,,,39080.4,52444.45,
Q9Y5J9,Q9Y5J9,TIM8B_HUMAN,TIMM8B,,,,6039.96,
Q9Y5K3,Q9Y5K3;Q9Y5K3-2,PCY1B_HUMAN,PCYT1B,,,,,
Q9Y5K5,Q9Y5K5,UCHL5_HUMAN,UCHL5,,,,,
Q9Y5K5-2;Q9Y5K5-3;Q9Y5K5-4,Q9Y5K5;Q9Y5K5-2;Q9Y5K5-3;Q9Y5K5-4,UCHL5_HUMAN,UCHL5,11578.4,,,26744.4,
Q9Y5K6,Q9Y5K6,CD2AP_HUMAN,CD2AP,,31194.3,30772.1,56943.1,18737.95
Q9Y5K8,Q9Y5K8,VATD_HUMAN,ATP6V1D,,,,43549.7,8284.43
Q9Y5L0;Q9Y5L0-3,Q9Y5L0;Q9Y5L0-1;Q9Y5L0-3;Q9Y5L0-5,TNPO3_HUMAN,TNPO3,,,9493.72,40826.55,
Q9Y5L4,Q9Y5L4,TIM13_HUMAN,TIMM13,,,,,
Q9Y5M8,Q9Y5M8,SRPRB_HUMAN,SRPRB,10144.6,1257980.0,8307.42,28654.7,11287.3
Q9Y5N5,Q9Y5N5,N6MT1_HUMAN,N6AMT1,,,,,
Q9Y5P4-3,Q9Y5P4;Q9Y5P4-2;Q9Y5P4-3,CERT_HUMAN,CERT1,,,5556.14,9182.08,
Q9Y5P6;Q9Y5P6-2,Q9Y5P6;Q9Y5P6-2,GMPPB_HUMAN,GMPPB,,,37899.0,67919.5,24077.0
Q9Y5Q8;Q9Y5Q8-2;Q9Y5Q8-3,Q9Y5Q8;Q9Y5Q8-2;Q9Y5Q8-3,TF3C5_HUMAN,GTF3C5,,12154.0,,9100.65,
Q9Y5Q9,Q9Y5Q9,TF3C3_HUMAN,GTF3C3,10303.8,,,,3907.27
Q9Y5R8,Q9Y5R8,TPPC1_HUMAN,TRAPPC1,,,7538.405000000001,16458.6,
Q9Y5S1,Q9Y5S1,TRPV2_HUMAN,TRPV2,11928.2,,13762.2,29551.5,51482.425
Q9Y5S2,Q9Y5S2,MRCKB_HUMAN,CDC42BPB,,,25468.95,66027.1,20368.4
Q9Y5S9,Q9Y5S9;Q9Y5S9-2,RBM8A_HUMAN,RBM8A,,,9822.605,27634.1,25414.8
Q9Y5T5;Q9Y5T5-2,Q9Y5T5;Q9Y5T5-2;Q9Y5T5-3;Q9Y5T5-4,UBP16_HUMAN,USP16,11691.5,695611.0,86430.2,,1028225.0
Q9Y5U2;Q9Y5U2-2,Q9Y5U2;Q9Y5U2-2,TSSC4_HUMAN,TSSC4,,,,,
Q9Y5U4,Q9Y5U4,INSI2_HUMAN,INSIG2,,,,,
Q9Y5U5-2,Q9Y5U5;Q9Y5U5-2;Q9Y5U5-3,TNR18_HUMAN,TNFRSF18,15797.8,,706667.0,18918.3,30547.1
Q9Y5U9,Q9Y5U9,IR3IP_HUMAN,IER3IP1,,,,9304.029999999999,
Q9Y5V0,Q9Y5V0,ZN706_HUMAN,ZNF706,,,,49526.4,
Q9Y5W7;Q9Y5W7-2;Q9Y5W7-3;Q9Y5W7-4,Q9Y5W7;Q9Y5W7-2;Q9Y5W7-3;Q9Y5W7-4,SNX14_HUMAN,SNX14,,,,,
Q9Y5W8;Q9Y5W8-2,Q9Y5W8;Q9Y5W8-2,SNX13_HUMAN,SNX13,,,,9039.19,3304.19
Q9Y5W9;Q9Y5W9-2,Q9Y5W9;Q9Y5W9-2,SNX11_HUMAN,SNX11,,,,6606.69,
Q9Y5X1,Q9Y5X1,SNX9_HUMAN,SNX9,,,107469.0,86963.6,
Q9Y5X2,Q9Y5X2,SNX8_HUMAN,SNX8,,,6536.67,10514.55,
Q9Y5X3,Q9Y5X3,SNX5_HUMAN,SNX5,,,7510.09,22908.0,
Q9Y5X9,Q9Y5X9;Q9Y5X9-2,LIPE_HUMAN,LIPG,1021.99,,24980.3,20236.15,7971.98
Q9Y5Y0,Q9Y5Y0,FLVC1_HUMAN,FLVCR1,,,,,
Q9Y5Y2,Q9Y5Y2,NUBP2_HUMAN,NUBP2,,,8507.365,12833.15,6323.200000000001
Q9Y5Y5,Q9Y5Y5;Q9Y5Y5-2,PEX16_HUMAN,PEX16,,,,8015.62,
Q9Y5Y6,Q9Y5Y6,ST14_HUMAN,ST14,,,,,
Q9Y5Y7,Q9Y5Y7,LYVE1_HUMAN,LYVE1,18353.0,3954380.0,69387.9,67318.2,10019.955
Q9Y5Z4,Q9Y5Z4;Q9Y5Z4-2,HEBP2_HUMAN,HEBP2,,,5506.47,17170.0,1621.83
Q9Y5Z7,Q9Y5Z7;Q9Y5Z7-2,HCFC2_HUMAN,HCFC2,,,,28586.3,
Q9Y5Z9;Q9Y5Z9-2,Q9Y5Z9;Q9Y5Z9-2,UBIA1_HUMAN,UBIAD1,,,,,
Q9Y605,Q9Y605,MOFA1_HUMAN,MRFAP1,,,,,
Q9Y606;Q9Y606-2,Q9Y606;Q9Y606-2,PUS1_HUMAN,PUS1,,,,17473.2,
Q9Y608,Q9Y608;Q9Y608-2;Q9Y608-4;Q9Y608-5,LRRF2_HUMAN,LRRFIP2,,,33898.0,125919.0,29167.3
Q9Y613,Q9Y613,FHOD1_HUMAN,FHOD1,2624.305,,97286.2,239245.0,101343.0
Q9Y616,Q9Y616;Q9Y616-2,IRAK3_HUMAN,IRAK3,,,,12202.9,
Q9Y617,Q9Y617;Q9Y617-2,SERC_HUMAN,PSAT1,,,40206.6,,4732.02
Q9Y618;Q9Y618-4;Q9Y618-5,Q9Y618;Q9Y618-4;Q9Y618-5,NCOR2_HUMAN,NCOR2,,,,7810.79,
Q9Y619,Q9Y619,ORNT1_HUMAN,SLC25A15,,,,25825.85,6647.76
Q9Y624,Q9Y624,JAM1_HUMAN,F11R,28549.0,48745.2,371898.0,815297.0,196031.0
Q9Y625,Q9Y625,GPC6_HUMAN,GPC6,,,27507.9,14638.5,1863.33
Q9Y639,Q9Y639;Q9Y639-1;Q9Y639-3;Q9Y639-4;Q9Y639-5,NPTN_HUMAN,NPTN,,26631.0,10904.5,40812.2,
Q9Y646,Q9Y646,CBPQ_HUMAN,CPQ,3823.98,13436.7,12936.7,11893.03,13046.85
Q9Y653;Q9Y653-2;Q9Y653-3,Q9Y653;Q9Y653-2;Q9Y653-3;Q9Y653-4;Q9Y653-5,AGRG1_HUMAN,ADGRG1,,10738.7,2683.83,5322.14,
Q9Y657,Q9Y657,SPIN1_HUMAN,SPIN1,,,,,
Q9Y664,Q9Y664;Q9Y664-2,KPTN_HUMAN,KPTN,,,28468.0,,
Q9Y666,Q9Y666,S12A7_HUMAN,SLC12A7,,,,23457.075,2357.76
Q9Y672,Q9Y672,ALG6_HUMAN,ALG6,,,,,14006.7
Q9Y673,Q9Y673;Q9Y673-2,ALG5_HUMAN,ALG5,,,14836.495,42561.3,16380.5
Q9Y676,Q9Y676,RT18B_HUMAN,MRPS18B,,,,,41847.5
Q9Y678,Q9UBF2;Q9Y678;Q9UBF2-2,COPG1_HUMAN,COPG1,,,37264.9,119693.0,23742.8
Q9Y679,Q9Y679;Q9Y679-3,AUP1_HUMAN,AUP1,,,4353.065000000001,11364.0,5172.35
Q9Y680;Q9Y680-3,Q9Y680;Q9Y680-1;Q9Y680-3,FKBP7_HUMAN,FKBP7,,,,,7034.92
Q9Y689,Q96KC2;Q9Y689,ARL5A_HUMAN,ARL5A,,,,12506.6,7659.45
Q9Y692;Q9Y692-2,Q9Y692;Q9Y692-2,GMEB1_HUMAN,GMEB1,9803.03,,,,
Q9Y693,Q9Y693,LHPL6_HUMAN,LHFPL6,,,3161.97,9442.310000000001,
Q9Y696,Q9Y696,CLIC4_HUMAN,CLIC4,,,41339.6,143586.0,
Q9Y697,Q9Y697;Q9Y697-2;Q9Y697-3,NFS1_HUMAN,NFS1,,,,6405.33,
Q9Y6A1;Q9Y6A1-2;Q9Y6A1-3,Q9Y6A1;Q9Y6A1-2;Q9Y6A1-3,POMT1_HUMAN,POMT1,,,,,
Q9Y6A4,Q9Y6A4,CFA20_HUMAN,CFAP20,90049.9,27279.9,10348.8,460522.295,
Q9Y6A5,Q9Y6A5,TACC3_HUMAN,TACC3,,,7485.620000000001,21047.8,3975.91
Q9Y6A9,Q9Y6A9,SPCS1_HUMAN,SPCS1,,,31078.95,136677.0,36083.9
Q9Y6B6,Q9Y6B6,SAR1B_HUMAN,SAR1B,,,24909.6,37989.8,
Q9Y6B7,Q9Y6B7,AP4B1_HUMAN,AP4B1,,,8950.45,15259.9,4929.825
Q9Y6C2,Q9Y6C2;Q9Y6C2-2,EMIL1_HUMAN,EMILIN1,4213.635,22784.6,64294.3,132597.0,34832.9
Q9Y6C7,Q9Y6C7,L3R2A_HUMAN,LINC00312,,,,14790.0,
Q9Y6C9,Q9Y6C9,MTCH2_HUMAN,MTCH2,,,7272.71,38277.65,15531.0
Q9Y6D0,Q9Y6D0,SELK_HUMAN,SELENOK,,,,8933.59,
Q9Y6D5,Q9Y6D5,BIG2_HUMAN,ARFGEF2,,,27481.01,17331.5,2759.04
Q9Y6D6,Q9Y6D5;Q9Y6D6,BIG1_HUMAN,ARFGEF1,,1002410.0,21590.6,40077.0,8726.69
Q9Y6D9;Q9Y6D9-4,Q9Y6D9;Q9Y6D9-4;Q9Y6D9-3,MD1L1_HUMAN,MAD1L1,,,,,
Q9Y6E0-2,Q9Y6E0;Q9Y6E0-2,STK24_HUMAN,STK24,10379.035,,49356.8,158934.0,11936.7
Q9Y6E2,Q9Y6E2;Q9Y6E2-2,5MP1_HUMAN,BZW2,,,25953.25,26799.2,10126.1
Q9Y6F6-5,Q9Y6F6;Q9Y6F6-1;Q9Y6F6-2;Q9Y6F6-3;Q9Y6F6-4;Q9Y6F6-5;Q9Y6F6-6;Q9Y6F6-7;Q9Y6F6-8,IRAG1_HUMAN,IRAG1,,39085.65,49344.45,93033.7,38262.4
Q9Y6G3,Q9Y6G3,RM42_HUMAN,MRPL42,,,,,
Q9Y6G5,Q9Y6G5,COMDA_HUMAN,COMMD10,,,,79106.1,
Q9Y6G9,Q9Y6G9,DC1L1_HUMAN,DYNC1LI1,,,16688.2,40366.7,
Q9Y6H1,Q9Y6H1;Q5T1J5,CHCH2_HUMAN,CHCHD2,,63193.6,,,
Q9Y6H3,Q9Y6H3,ATP23_HUMAN,ATP23,,,,,
Q9Y6I3,Q9Y6I3;Q9Y6I3-1;Q9Y6I3-3,EPN1_HUMAN,EPN1,,,,13069.9,
Q9Y6I4,Q9Y6I4;Q9Y6I4-2,UBP3_HUMAN,USP3,,,,,
Q9Y6I8,Q9Y6I8,PXMP4_HUMAN,PXMP4,,,,,
Q9Y6I9,Q9Y6I9,TX264_HUMAN,TEX264,,,32474.9,69820.45,21155.8
Q9Y6J0;Q9Y6J0-2,Q9Y6J0;Q9Y6J0-2,CABIN_HUMAN,CABIN1,,,,,
Q9Y6J9,Q9Y6J9,TAF6L_HUMAN,TAF6L,,,,,
Q9Y6K0,Q9Y6K0,CEPT1_HUMAN,CEPT1,,,,105340.35,34094.05
Q9Y6K1,Q9Y6K1;Q9Y6K1-2,DNM3A_HUMAN,DNMT3A,,,,,
Q9Y6K5,Q9Y6K5,OAS3_HUMAN,OAS3,,,10661.2,22562.1,35134.6
Q9Y6K8;Q9Y6K8-3,Q9Y6K8;Q9Y6K8-2;Q9Y6K8-3,KAD5_HUMAN,AK5,,,,,7281.28
Q9Y6K9-2,Q9Y6K9;Q9Y6K9-2;Q9Y6K9-3,NEMO_HUMAN,IKBKG,,,30439.9,26700.05,4388.24
Q9Y6M1;Q9Y6M1-1,Q9Y6M1;Q9Y6M1-1;Q9Y6M1-3;Q9Y6M1-4;Q9Y6M1-5;Q9Y6M1-6,IF2B2_HUMAN,IGF2BP2,,,,15385.9,
Q9Y6M4-6,Q9Y6M4-6,KC1G3_HUMAN,CSNK1G3,,,,,
Q9Y6M4;Q9Y6M4-2;Q9Y6M4-3,Q9Y6M4;Q9Y6M4-2;Q9Y6M4-3;Q9Y6M4-4;Q9Y6M4-5;Q9Y6M4-6,KC1G3_HUMAN,CSNK1G3,,,,,
Q9Y6M5,Q9Y6M5,ZNT1_HUMAN,SLC30A1,,,25076.2,56226.9,23775.1
Q9Y6M7-12;Q9Y6M7-8,Q9Y6M7;Q9Y6M7-6;Q9Y6M7-12;Q9Y6M7-13;Q9Y6M7-2;Q9Y6M7-3;Q9Y6M7-4;Q9Y6M7-5;Q9Y6M7-7;Q9Y6M7-8;Q9Y6M7-9,S4A7_HUMAN,SLC4A7,199543.5,,18315.9,84626.0,27680.4
Q9Y6M9,Q9Y6M9,NDUB9_HUMAN,NDUFB9,,,,15836.1,59702.81
Q9Y6N1,Q9Y6N1,COX11_HUMAN,COX11,,,,,
Q9Y6N5,Q9Y6N5,SQOR_HUMAN,SQOR,,,24230.2,82045.5,14145.3
Q9Y6N7;Q9Y6N7-2;Q9Y6N7-3;Q9Y6N7-4,Q9HCK4;Q9Y6N7;Q9Y6N7-2;Q9Y6N7-3;Q9Y6N7-4;Q9Y6N7-5;Q9Y6N7-6;Q9HCK4-2;Q9HCK4-3,ROBO1_HUMAN,ROBO1,2362.09,,,,
Q9Y6N8,Q9Y6N8,CAD10_HUMAN,CDH10,,,,,
Q9Y6N9-5,Q9Y6N9;Q9Y6N9-4;Q9Y6N9-2;Q9Y6N9-3;Q9Y6N9-5,USH1C_HUMAN,USH1C,,,,,
Q9Y6P5-2,Q9Y6P5;Q9Y6P5-2;Q9Y6P5-3,SESN1_HUMAN,SESN1,,,,,
Q9Y6Q2-2;Q9Y6Q2-3,Q9Y6Q2;Q9Y6Q2-2;Q9Y6Q2-3,STON1_HUMAN,STON1,,,,6474.58,
Q9Y6Q3;Q9Y6Q3-2;Q9Y6Q3-3,Q9Y6Q3;Q9Y6Q3-2;Q9Y6Q3-3,ZFP37_HUMAN,ZFP37,,,,,
Q9Y6Q5-2,Q9Y6Q5;Q9Y6Q5-2,AP1M2_HUMAN,AP1M2,,,,,
Q9Y6Q9;Q9Y6Q9-2,Q9Y6Q9;Q9Y6Q9-2;Q9Y6Q9-3;Q9Y6Q9-4;Q9Y6Q9-5,NCOA3_HUMAN,NCOA3,,,245778.035,,
Q9Y6R0,Q9Y6R0,NUMBL_HUMAN,NUMBL,,4001.17,,,
Q9Y6R1-2,Q9Y6R1;Q9Y6R1-2;Q9Y6R1-5,S4A4_HUMAN,SLC4A4,,,,,
Q9Y6R4;Q9Y6R4-2,Q9Y6R4;Q9Y6R4-2,M3K4_HUMAN,MAP3K4,,,53502.5,,27762.4
Q9Y6R7,Q9Y6R7,FCGBP_HUMAN,FCGBP,102642.0,68653.15,64740.1,58372.9,183083.0
Q9Y6R9;Q9Y6R9-2,Q9Y6R9;Q9Y6R9-2,CCD61_HUMAN,CCDC61,,,,,
Q9Y6U3,Q9Y6U3;Q9Y6U3-2,SCIN_HUMAN,SCIN,,,,,
Q9Y6V0,Q9Y6V0;Q9Y6V0-6,PCLO_HUMAN,PCLO,,,3655.645,,
Q9Y6V7,Q9Y6V7,DDX49_HUMAN,DDX49,,,,,
Q9Y6W3,Q9Y6W3,CAN7_HUMAN,CAPN7,,54804.2,21896.95,50770.7,65083.4
Q9Y6W5,Q9Y6W5;Q9Y6W5-2,WASF2_HUMAN,WASF2,,4714.45,38895.5,79849.5,18617.7
Q9Y6W8,Q9Y6W8;Q9Y6W8-2,ICOS_HUMAN,ICOS,,,,,
Q9Y6X3,Q9Y6X3,SCC4_HUMAN,MAU2,,,6209.94,,
Q9Y6X4,Q9Y6X4,F169A_HUMAN,FAM169A,,,,25243.7,
Q9Y6X5,Q9Y6X5,ENPP4_HUMAN,ENPP4,,,14568.9,23952.8,8961.925
Q9Y6X8,Q9Y6X8,ZHX2_HUMAN,ZHX2,,,,,
Q9Y6X9;Q9Y6X9-2,Q9Y6X9;Q9Y6X9-2,MORC2_HUMAN,MORC2,,,,22013.9,
Q9Y6Y0,Q9Y6Y0,NS1BP_HUMAN,IVNS1ABP,,,,5976.51,
Q9Y6Y8,Q9Y6Y8;Q9Y6Y8-2,S23IP_HUMAN,SEC23IP,,53556.4,51322.64999999999,45838.55,
Q9Y6Z7,Q9Y6Z7,COL10_HUMAN,COLEC10,19800.1,83348.7,1417700.0,1291550.0,249422.0
